ProjectOrder,Batch,Slot,QuestionID,Stage,StageName,LogicalTopic,Domain,Module,Subtopic,Difficulty,Question
1,1,1,Q0012,1,"Java Platform, Entry Point & Basic Toolchain","JDK, JRE & JVM Overview",Java Foundations,"JDK, JRE & JVM Overview",JVM,D1 Foundation,What is the role of the JVM in making Java platform-independent?
2,1,2,Q0013,1,"Java Platform, Entry Point & Basic Toolchain","JDK, JRE & JVM Overview",Java Foundations,"JDK, JRE & JVM Overview",JDK / JRE,D2 Core,Can a machine have multiple versions of JDK or JRE installed?
3,1,3,Q0014,1,"Java Platform, Entry Point & Basic Toolchain","JDK, JRE & JVM Overview",Java Foundations,"JDK, JRE & JVM Overview",JVM,D2 Core,Can you tell me what JVM is and how it works?
4,1,4,Q0015,1,"Java Platform, Entry Point & Basic Toolchain","JDK, JRE & JVM Overview",Java Foundations,"JDK, JRE & JVM Overview",JVM / Execution,D2 Core,"If you were explaining to new developers how Java code executes, how would you describe the role of JVM in running a simple Java program that prints Hello World?"
5,1,5,Q0016,1,"Java Platform, Entry Point & Basic Toolchain","JDK, JRE & JVM Overview",Java Foundations,"JDK, JRE & JVM Overview",JVM / JDK / JRE,D2 Core,"Can you tell me the difference between JDK, JRE and JVM?"
6,2,1,Q0017,1,"Java Platform, Entry Point & Basic Toolchain","Compilation, Bytecode & Main Method",Java Foundations,"Compilation, Bytecode & Main Method",Core Java / Main Method,D2 Core,Can you explain public static void main(String[] args) and why each term is used?
7,2,2,Q0018,1,"Java Platform, Entry Point & Basic Toolchain","Compilation, Bytecode & Main Method",Java Foundations,"Compilation, Bytecode & Main Method",Core Java / Main Method,D2 Core,Can we overload the main() method?
8,2,3,Q0019,1,"Java Platform, Entry Point & Basic Toolchain","Compilation, Bytecode & Main Method",Java Foundations,"Compilation, Bytecode & Main Method",Core Java / Main Method,D2 Core,What will happen if we don't declare the main() method as static?
9,2,4,Q0020,1,"Java Platform, Entry Point & Basic Toolchain","Compilation, Bytecode & Main Method",Java Foundations,"Compilation, Bytecode & Main Method",Main Method,D2 Core,Why is the main method public and static?
10,2,5,Q0021,1,"Java Platform, Entry Point & Basic Toolchain","Compilation, Bytecode & Main Method",Java Foundations,"Compilation, Bytecode & Main Method",Main Method,D2 Core,Can we override this main method?
11,3,1,Q0022,1,"Java Platform, Entry Point & Basic Toolchain","Compilation, Bytecode & Main Method",Java Foundations,"Compilation, Bytecode & Main Method",Main Method,D2 Core,"If the main() method is overloaded, can the JVM directly execute the overloaded version?"
12,3,2,Q2224,1,"Java Platform, Entry Point & Basic Toolchain",Java Toolchain & Packaging,Engineering Setup,Java Toolchain & Packaging,JDK Tools,D1 Foundation,What does the javac command do?
13,3,3,Q2225,1,"Java Platform, Entry Point & Basic Toolchain",Java Toolchain & Packaging,Engineering Setup,Java Toolchain & Packaging,JDK Tools,D1 Foundation,What does the java launcher do?
14,3,4,Q2226,1,"Java Platform, Entry Point & Basic Toolchain",Java Toolchain & Packaging,Engineering Setup,Java Toolchain & Packaging,JDK Tools,D1 Foundation,What does the jar tool do?
15,3,5,Q2227,1,"Java Platform, Entry Point & Basic Toolchain",Java Toolchain & Packaging,Engineering Setup,Java Toolchain & Packaging,JDK Tools,D1 Foundation,What is the purpose of javap?
16,4,1,Q2228,1,"Java Platform, Entry Point & Basic Toolchain",Java Toolchain & Packaging,Engineering Setup,Java Toolchain & Packaging,JDK Tools,D1 Foundation,How can javap be used to inspect bytecode or class signatures?
17,4,2,Q2236,1,"Java Platform, Entry Point & Basic Toolchain",Java Toolchain & Packaging,Engineering Setup,Java Toolchain & Packaging,JDK Tools,D2 Core,How do you specify a classpath when compiling and running Java code from the command line?
18,4,3,Q2237,1,"Java Platform, Entry Point & Basic Toolchain",Java Toolchain & Packaging,Engineering Setup,Java Toolchain & Packaging,JDK Tools,D2 Core,What is a manifest file inside a JAR?
19,4,4,Q2238,1,"Java Platform, Entry Point & Basic Toolchain",Java Toolchain & Packaging,Engineering Setup,Java Toolchain & Packaging,JDK Tools,D2 Core,What does the Main-Class manifest attribute do in an executable JAR?
20,4,5,Q0023,2,Language Fundamentals,"Variables, Data Types & Type Casting",Java Fundamentals,"Variables, Data Types & Type Casting",Core Java / Type Casting,D1 Foundation,What is Type Casting in Java?
21,5,1,Q0024,2,Language Fundamentals,"Variables, Data Types & Type Casting",Java Fundamentals,"Variables, Data Types & Type Casting",Static Variables,D1 Foundation,What are static variables?
22,5,2,Q0025,2,Language Fundamentals,"Variables, Data Types & Type Casting",Java Fundamentals,"Variables, Data Types & Type Casting",Core Java / Conversion,D2 Core,How do you convert an Integer to a String and a String to an Integer?
23,5,3,Q0026,2,Language Fundamentals,"Variables, Data Types & Type Casting",Java Fundamentals,"Variables, Data Types & Type Casting",Core Java / Pointers,D2 Core,Can we declare Pointers in Java?
24,5,4,Q0027,2,Language Fundamentals,"Variables, Data Types & Type Casting",Java Fundamentals,"Variables, Data Types & Type Casting",Core Java / Pointers,D2 Core,Why doesn't Java provide explicit Pointers like C or C++?
25,5,5,Q0028,2,Language Fundamentals,"Variables, Data Types & Type Casting",Java Fundamentals,"Variables, Data Types & Type Casting",Core Java / Primitive Types,D2 Core,Can Primitive Data Types be null in Java?
26,6,1,Q0029,2,Language Fundamentals,"Variables, Data Types & Type Casting",Java Fundamentals,"Variables, Data Types & Type Casting",Core Java / Type Casting,D2 Core,Which Exception may be thrown while performing an invalid Type Conversion or Casting?
27,6,2,Q0030,2,Language Fundamentals,"Variables, Data Types & Type Casting",Java Fundamentals,"Variables, Data Types & Type Casting",Primitive Data Types,D2 Core,Can primitive data types store a null value?
28,6,3,Q0031,2,Language Fundamentals,Operators & Expressions,Java Fundamentals,Operators & Expressions,Core Java / instanceof,D1 Foundation,What is the purpose of the instanceof Operator?
29,6,4,Q2029,2,Language Fundamentals,Operators & Expressions,Java Fundamentals,Operators & Expressions,"Operators, Casting & Promotion",D1 Foundation,What is the difference between && and & when used with boolean expressions?
30,6,5,Q2030,2,Language Fundamentals,Operators & Expressions,Java Fundamentals,Operators & Expressions,"Operators, Casting & Promotion",D1 Foundation,What is the difference between || and | when used with boolean expressions?
31,7,1,Q2031,2,Language Fundamentals,Operators & Expressions,Java Fundamentals,Operators & Expressions,"Operators, Casting & Promotion",D1 Foundation,What is short-circuit evaluation in Java?
32,7,2,Q2032,2,Language Fundamentals,Operators & Expressions,Java Fundamentals,Operators & Expressions,"Operators, Casting & Promotion",D1 Foundation,What are the arithmetic operators available in Java?
33,7,3,Q2033,2,Language Fundamentals,Operators & Expressions,Java Fundamentals,Operators & Expressions,"Operators, Casting & Promotion",D1 Foundation,What are the relational operators available in Java?
34,7,4,Q2034,2,Language Fundamentals,Operators & Expressions,Java Fundamentals,Operators & Expressions,"Operators, Casting & Promotion",D1 Foundation,What are the logical operators available in Java?
35,7,5,Q2035,2,Language Fundamentals,Operators & Expressions,Java Fundamentals,Operators & Expressions,"Operators, Casting & Promotion",D1 Foundation,What are the bitwise operators available in Java?
36,8,1,Q2036,2,Language Fundamentals,Operators & Expressions,Java Fundamentals,Operators & Expressions,"Operators, Casting & Promotion",D1 Foundation,"What do the left-shift, signed right-shift, and unsigned right-shift operators do?"
37,8,2,Q2037,2,Language Fundamentals,Operators & Expressions,Java Fundamentals,Operators & Expressions,"Operators, Casting & Promotion",D1 Foundation,"What is the ternary operator, and when would you use it?"
38,8,3,Q2038,2,Language Fundamentals,Operators & Expressions,Java Fundamentals,Operators & Expressions,"Operators, Casting & Promotion",D1 Foundation,What is operator precedence in Java?
39,8,4,Q2039,2,Language Fundamentals,Operators & Expressions,Java Fundamentals,Operators & Expressions,"Operators, Casting & Promotion",D1 Foundation,How does associativity affect evaluation of Java expressions?
40,8,5,Q2040,2,Language Fundamentals,Operators & Expressions,Java Fundamentals,Operators & Expressions,"Operators, Casting & Promotion",D1 Foundation,What is the difference between prefix increment and postfix increment?
41,9,1,Q2041,2,Language Fundamentals,Operators & Expressions,Java Fundamentals,Operators & Expressions,"Operators, Casting & Promotion",D2 Core,What is the difference between prefix decrement and postfix decrement?
42,9,2,Q2042,2,Language Fundamentals,Operators & Expressions,Java Fundamentals,Operators & Expressions,"Operators, Casting & Promotion",D2 Core,What happens when an integer arithmetic operation overflows in Java?
43,9,3,Q2043,2,Language Fundamentals,Operators & Expressions,Java Fundamentals,Operators & Expressions,"Operators, Casting & Promotion",D2 Core,What is numeric promotion in Java expressions?
44,9,4,Q2044,2,Language Fundamentals,Operators & Expressions,Java Fundamentals,Operators & Expressions,"Operators, Casting & Promotion",D2 Core,What is widening primitive conversion?
45,9,5,Q2045,2,Language Fundamentals,Operators & Expressions,Java Fundamentals,Operators & Expressions,"Operators, Casting & Promotion",D2 Core,What is narrowing primitive conversion?
46,10,1,Q2046,2,Language Fundamentals,Operators & Expressions,Java Fundamentals,Operators & Expressions,"Operators, Casting & Promotion",D2 Core,When is an explicit cast required in Java?
47,10,2,Q2047,2,Language Fundamentals,Operators & Expressions,Java Fundamentals,Operators & Expressions,"Operators, Casting & Promotion",D2 Core,What happens when a narrowing cast loses information?
48,10,3,Q2048,2,Language Fundamentals,Operators & Expressions,Java Fundamentals,Operators & Expressions,"Operators, Casting & Promotion",D2 Core,What is variable shadowing in Java?
49,10,4,Q2049,2,Language Fundamentals,Operators & Expressions,Java Fundamentals,Operators & Expressions,"Operators, Casting & Promotion",D2 Core,"What is the difference between local, instance, and static variable scope?"
50,10,5,Q2050,2,Language Fundamentals,Operators & Expressions,Java Fundamentals,Operators & Expressions,"Operators, Casting & Promotion",D2 Core,"What are Java literals, and what kinds of literals does Java support?"
51,11,1,Q2051,2,Language Fundamentals,Operators & Expressions,Java Fundamentals,Operators & Expressions,"Operators, Casting & Promotion",D2 Core,"How do binary, octal, hexadecimal, and decimal integer literals work in Java?"
52,11,2,Q2052,2,Language Fundamentals,Operators & Expressions,Java Fundamentals,Operators & Expressions,"Operators, Casting & Promotion",D2 Core,"What are numeric literal underscores, and where are they allowed?"
53,11,3,Q2053,2,Language Fundamentals,Operators & Expressions,Java Fundamentals,Operators & Expressions,"Operators, Casting & Promotion",D2 Core,What is the difference between == for primitive values and == for object references?
54,11,4,Q2009,2,Language Fundamentals,Language Fundamentals & Syntax,Java Fundamentals,Language Fundamentals & Syntax,Control Flow,D1 Foundation,"What is the difference between if, if-else, and an if-else-if ladder in Java?"
55,11,5,Q2010,2,Language Fundamentals,Language Fundamentals & Syntax,Java Fundamentals,Language Fundamentals & Syntax,Control Flow,D1 Foundation,How does a switch statement work in Java?
56,12,1,Q2011,2,Language Fundamentals,Language Fundamentals & Syntax,Java Fundamentals,Language Fundamentals & Syntax,Control Flow,D1 Foundation,What data types can be used in a traditional switch statement?
57,12,2,Q2012,2,Language Fundamentals,Language Fundamentals & Syntax,Java Fundamentals,Language Fundamentals & Syntax,Control Flow,D1 Foundation,"What is fall-through in a switch statement, and when can it happen?"
58,12,3,Q2013,2,Language Fundamentals,Language Fundamentals & Syntax,Java Fundamentals,Language Fundamentals & Syntax,Control Flow,D1 Foundation,Why is break commonly used inside a traditional switch statement?
59,12,4,Q2014,2,Language Fundamentals,Language Fundamentals & Syntax,Java Fundamentals,Language Fundamentals & Syntax,Control Flow,D1 Foundation,What is the difference between a for loop and a while loop?
60,12,5,Q2015,2,Language Fundamentals,Language Fundamentals & Syntax,Java Fundamentals,Language Fundamentals & Syntax,Control Flow,D1 Foundation,What is the difference between a while loop and a do-while loop?
61,13,1,Q2016,2,Language Fundamentals,Language Fundamentals & Syntax,Java Fundamentals,Language Fundamentals & Syntax,Control Flow,D1 Foundation,When would you choose an enhanced for loop over a traditional for loop?
62,13,2,Q2017,2,Language Fundamentals,Language Fundamentals & Syntax,Java Fundamentals,Language Fundamentals & Syntax,Control Flow,D1 Foundation,What are the limitations of the enhanced for loop?
63,13,3,Q2018,2,Language Fundamentals,Language Fundamentals & Syntax,Java Fundamentals,Language Fundamentals & Syntax,Control Flow,D1 Foundation,What does the break statement do inside a loop?
64,13,4,Q2019,2,Language Fundamentals,Language Fundamentals & Syntax,Java Fundamentals,Language Fundamentals & Syntax,Control Flow,D1 Foundation,What does the continue statement do inside a loop?
65,13,5,Q2020,2,Language Fundamentals,Language Fundamentals & Syntax,Java Fundamentals,Language Fundamentals & Syntax,Control Flow,D1 Foundation,What are labeled break and labeled continue in Java?
66,14,1,Q2021,2,Language Fundamentals,Language Fundamentals & Syntax,Java Fundamentals,Language Fundamentals & Syntax,Control Flow,D2 Core,"Can a loop run forever in Java, and what are common ways this happens?"
67,14,2,Q2022,2,Language Fundamentals,Language Fundamentals & Syntax,Java Fundamentals,Language Fundamentals & Syntax,Control Flow,D2 Core,How do nested loops execute in Java?
68,14,3,Q2023,2,Language Fundamentals,Language Fundamentals & Syntax,Java Fundamentals,Language Fundamentals & Syntax,Control Flow,D2 Core,What happens when return is executed inside a loop?
69,14,4,Q2024,2,Language Fundamentals,Language Fundamentals & Syntax,Java Fundamentals,Language Fundamentals & Syntax,Control Flow,D2 Core,Can a switch be nested inside another switch or loop?
70,14,5,Q2025,2,Language Fundamentals,Language Fundamentals & Syntax,Java Fundamentals,Language Fundamentals & Syntax,Control Flow,D2 Core,"What is unreachable code in Java, and when does the compiler reject it?"
71,15,1,Q2026,2,Language Fundamentals,Language Fundamentals & Syntax,Java Fundamentals,Language Fundamentals & Syntax,Control Flow,D2 Core,What is the scope of a variable declared inside a loop or conditional block?
72,15,2,Q2027,2,Language Fundamentals,Language Fundamentals & Syntax,Java Fundamentals,Language Fundamentals & Syntax,Control Flow,D2 Core,How does Java evaluate chained if-else conditions?
73,15,3,Q2028,2,Language Fundamentals,Language Fundamentals & Syntax,Java Fundamentals,Language Fundamentals & Syntax,Control Flow,D2 Core,What is the difference between a statement and a block in Java?
74,15,4,Q0032,2,Language Fundamentals,"Methods, Parameters & Callbacks",Java Fundamentals,"Methods, Parameters & Callbacks",Core Java,D2 Core,Do you know the meaning of Pass by Value and Pass by Reference in Java?
75,15,5,Q0033,2,Language Fundamentals,"Methods, Parameters & Callbacks",Java Fundamentals,"Methods, Parameters & Callbacks",Core Java / System.exit,D2 Core,Do you know about System.exit() in Java?
76,16,1,Q0034,2,Language Fundamentals,"Methods, Parameters & Callbacks",Java Fundamentals,"Methods, Parameters & Callbacks",Core Java / System.exit,D3 Applied,What happens internally when System.exit() is called?
77,16,2,Q0035,2,Language Fundamentals,"Methods, Parameters & Callbacks",Java Fundamentals,"Methods, Parameters & Callbacks",Core Java / System.exit,D4 Experience,Did you get a chance to use System.exit() in your project?
78,16,3,Q2054,2,Language Fundamentals,"Methods, Arrays & Enums",Java Fundamentals,"Methods, Arrays & Enums",Methods / Arrays / Enums,D1 Foundation,What makes up a Java method signature?
79,16,4,Q2055,2,Language Fundamentals,"Methods, Arrays & Enums",Java Fundamentals,"Methods, Arrays & Enums",Methods / Arrays / Enums,D1 Foundation,Can two methods differ only by return type and still be overloaded?
80,16,5,Q2056,2,Language Fundamentals,"Methods, Arrays & Enums",Java Fundamentals,"Methods, Arrays & Enums",Methods / Arrays / Enums,D1 Foundation,"What are varargs in Java, and how are they declared?"
81,17,1,Q2057,2,Language Fundamentals,"Methods, Arrays & Enums",Java Fundamentals,"Methods, Arrays & Enums",Methods / Arrays / Enums,D1 Foundation,How are varargs represented inside a method?
82,17,2,Q2058,2,Language Fundamentals,"Methods, Arrays & Enums",Java Fundamentals,"Methods, Arrays & Enums",Methods / Arrays / Enums,D1 Foundation,Can a method have parameters after a varargs parameter?
83,17,3,Q2059,2,Language Fundamentals,"Methods, Arrays & Enums",Java Fundamentals,"Methods, Arrays & Enums",Methods / Arrays / Enums,D1 Foundation,How does Java choose between overloaded methods when varargs are involved?
84,17,4,Q2060,2,Language Fundamentals,"Methods, Arrays & Enums",Java Fundamentals,"Methods, Arrays & Enums",Methods / Arrays / Enums,D1 Foundation,Does Java pass objects by reference or pass references by value?
85,17,5,Q2061,2,Language Fundamentals,"Methods, Arrays & Enums",Java Fundamentals,"Methods, Arrays & Enums",Methods / Arrays / Enums,D1 Foundation,What happens when a method reassigns an object parameter?
86,18,1,Q2062,2,Language Fundamentals,"Methods, Arrays & Enums",Java Fundamentals,"Methods, Arrays & Enums",Methods / Arrays / Enums,D1 Foundation,What happens when a method mutates an object received as a parameter?
87,18,2,Q2064,2,Language Fundamentals,"Methods, Arrays & Enums",Java Fundamentals,"Methods, Arrays & Enums",Methods / Arrays / Enums,D1 Foundation,What is array covariance in Java?
88,18,3,Q2065,2,Language Fundamentals,"Methods, Arrays & Enums",Java Fundamentals,"Methods, Arrays & Enums",Methods / Arrays / Enums,D1 Foundation,Why can array covariance lead to ArrayStoreException?
89,18,4,Q2066,2,Language Fundamentals,"Methods, Arrays & Enums",Java Fundamentals,"Methods, Arrays & Enums",Methods / Arrays / Enums,D2 Core,How do you create and initialize a multidimensional array in Java?
90,18,5,Q2067,2,Language Fundamentals,"Methods, Arrays & Enums",Java Fundamentals,"Methods, Arrays & Enums",Methods / Arrays / Enums,D2 Core,What is the difference between a rectangular and a jagged multidimensional array?
91,19,1,Q2068,2,Language Fundamentals,"Methods, Arrays & Enums",Java Fundamentals,"Methods, Arrays & Enums",Methods / Arrays / Enums,D2 Core,What is the difference between array.length and String.length()?
92,19,2,Q2069,2,Language Fundamentals,"Methods, Arrays & Enums",Java Fundamentals,"Methods, Arrays & Enums",Methods / Arrays / Enums,D2 Core,How does System.arraycopy work?
93,19,3,Q2070,2,Language Fundamentals,"Methods, Arrays & Enums",Java Fundamentals,"Methods, Arrays & Enums",Methods / Arrays / Enums,D2 Core,What are common methods in java.util.Arrays?
94,19,4,Q2071,2,Language Fundamentals,"Methods, Arrays & Enums",Java Fundamentals,"Methods, Arrays & Enums",Methods / Arrays / Enums,D2 Core,What happens when you clone a one-dimensional array?
95,19,5,Q0057,3,Object-Oriented Domain Modeling,"Classes, Objects & Object Lifecycle",Object-Oriented Java,"Classes, Objects & Object Lifecycle",OOP,D1 Foundation,What are the advantages of Java being partially object-oriented?
96,20,1,Q0058,3,Object-Oriented Domain Modeling,"Classes, Objects & Object Lifecycle",Object-Oriented Java,"Classes, Objects & Object Lifecycle",OOP,D1 Foundation,What is meant by Code Reusability in OOP?
97,20,2,Q0056,3,Object-Oriented Domain Modeling,"Classes, Objects & Object Lifecycle",Object-Oriented Java,"Classes, Objects & Object Lifecycle",Object Creation,D1 Foundation,What are the ways to create an object in Java?
98,20,3,Q0059,3,Object-Oriented Domain Modeling,"Classes, Objects & Object Lifecycle",Object-Oriented Java,"Classes, Objects & Object Lifecycle",Classes,D2 Core,Can a class in Java exist without any methods or fields?
99,20,4,Q0060,3,Object-Oriented Domain Modeling,"Classes, Objects & Object Lifecycle",Object-Oriented Java,"Classes, Objects & Object Lifecycle",Classes & Objects,D2 Core,Can you explain the concepts of classes and objects?
100,20,5,Q0061,3,Object-Oriented Domain Modeling,"Classes, Objects & Object Lifecycle",Object-Oriented Java,"Classes, Objects & Object Lifecycle",Classes & Objects,D2 Core,Can you provide a real-world example of a class and an object?
101,21,1,Q0064,3,Object-Oriented Domain Modeling,"Classes, Objects & Object Lifecycle",Object-Oriented Java,"Classes, Objects & Object Lifecycle",OOP,D2 Core,"Why was OOP introduced in Java? Don't tell me the four pillars, just tell me why OOP was introduced and what benefits it provides."
102,21,2,Q0065,3,Object-Oriented Domain Modeling,"Classes, Objects & Object Lifecycle",Object-Oriented Java,"Classes, Objects & Object Lifecycle",OOP,D2 Core,Is Java a 100% object-oriented programming language?
103,21,3,Q0066,3,Object-Oriented Domain Modeling,"Classes, Objects & Object Lifecycle",Object-Oriented Java,"Classes, Objects & Object Lifecycle",OOP,D2 Core,How does abstraction differ from encapsulation?
104,21,4,Q0067,3,Object-Oriented Domain Modeling,"Classes, Objects & Object Lifecycle",Object-Oriented Java,"Classes, Objects & Object Lifecycle",OOP,D2 Core,Is there any benefit of Java being partially object-oriented?
105,21,5,Q0068,3,Object-Oriented Domain Modeling,"Classes, Objects & Object Lifecycle",Object-Oriented Java,"Classes, Objects & Object Lifecycle",OOP,D2 Core,"What is the difference between Association, Aggregation and Composition?"
106,22,1,Q0062,3,Object-Oriented Domain Modeling,"Classes, Objects & Object Lifecycle",Object-Oriented Java,"Classes, Objects & Object Lifecycle",Object Creation,D2 Core,Can a Java Object be created without calling its Constructor?
107,22,2,Q0063,3,Object-Oriented Domain Modeling,"Classes, Objects & Object Lifecycle",Object-Oriented Java,"Classes, Objects & Object Lifecycle",Object Lifecycle,D2 Core,Can you tell me the lifecycle of an object from creation to Garbage Collection?
108,22,3,Q0069,3,Object-Oriented Domain Modeling,"Classes, Objects & Object Lifecycle",Object-Oriented Java,"Classes, Objects & Object Lifecycle",Object Creation,D3 Applied,What happens internally when you create an object in Java?
109,22,4,Q0070,3,Object-Oriented Domain Modeling,"Classes, Objects & Object Lifecycle",Object-Oriented Java,"Classes, Objects & Object Lifecycle",OOP,D4 Experience,What's the use of object-oriented programming in enterprise projects?
110,22,5,Q0071,3,Object-Oriented Domain Modeling,"Classes, Objects & Object Lifecycle",Object-Oriented Java,"Classes, Objects & Object Lifecycle",OOP,D4 Experience,How is OOP playing an important role in your project?
111,23,1,Q0072,3,Object-Oriented Domain Modeling,"Classes, Objects & Object Lifecycle",Object-Oriented Java,"Classes, Objects & Object Lifecycle",OOP,D4 Experience,How are OOP concepts very important in our development projects?
112,23,2,Q0073,3,Object-Oriented Domain Modeling,"Constructors, this & super",Object-Oriented Java,"Constructors, this & super",Constructor,D1 Foundation,What is a Constructor?
113,23,3,Q0074,3,Object-Oriented Domain Modeling,"Constructors, this & super",Object-Oriented Java,"Constructors, this & super",Constructor,D2 Core,Can a constructor be private?
114,23,4,Q0075,3,Object-Oriented Domain Modeling,"Constructors, this & super",Object-Oriented Java,"Constructors, this & super",Constructor,D2 Core,Can a Constructor be overloaded?
115,23,5,Q0076,3,Object-Oriented Domain Modeling,"Constructors, this & super",Object-Oriented Java,"Constructors, this & super",Constructor,D2 Core,What's the use case for using different Constructors?
116,24,1,Q0077,3,Object-Oriented Domain Modeling,"Constructors, this & super",Object-Oriented Java,"Constructors, this & super",Constructor,D2 Core,Can we call both super() and this() in the same constructor?
117,24,2,Q0078,3,Object-Oriented Domain Modeling,"Constructors, this & super",Object-Oriented Java,"Constructors, this & super",Constructor,D2 Core,Can constructors be overridden in Java?
118,24,3,Q0079,3,Object-Oriented Domain Modeling,"Constructors, this & super",Object-Oriented Java,"Constructors, this & super",Constructor,D2 Core,"Can a Constructor be static, final, or abstract?"
119,24,4,Q0080,3,Object-Oriented Domain Modeling,"Constructors, this & super",Object-Oriented Java,"Constructors, this & super",Constructor,D2 Core,Can a Constructor return anything?
120,24,5,Q0081,3,Object-Oriented Domain Modeling,"Constructors, this & super",Object-Oriented Java,"Constructors, this & super",Constructor,D2 Core,What happens if we put a return statement inside a Constructor?
121,25,1,Q0082,3,Object-Oriented Domain Modeling,"Constructors, this & super",Object-Oriented Java,"Constructors, this & super",Constructor,D2 Core,Why does a Constructor have the same name as its Class?
122,25,2,Q0083,3,Object-Oriented Domain Modeling,"Constructors, this & super",Object-Oriented Java,"Constructors, this & super",Constructor,D2 Core,What happens if a Class defines only a Parameterized Constructor and you try to create the Object using a No-Argument Constructor?
123,25,3,Q0084,3,Object-Oriented Domain Modeling,"Constructors, this & super",Object-Oriented Java,"Constructors, this & super",Constructor,D2 Core,"What is a No-Argument Constructor, and why is it important?"
124,25,4,Q0085,3,Object-Oriented Domain Modeling,"Access Modifiers, Packages & Encapsulation",Object-Oriented Java,"Access Modifiers, Packages & Encapsulation",Core Java / Packages,D1 Foundation,What are the best practices for naming Java Packages?
125,25,5,Q0086,3,Object-Oriented Domain Modeling,"Access Modifiers, Packages & Encapsulation",Object-Oriented Java,"Access Modifiers, Packages & Encapsulation",Core Java / Static Import,D1 Foundation,"What is a Static Import in Java, and how is it different from a normal Import?"
126,26,1,Q0087,3,Object-Oriented Domain Modeling,"Access Modifiers, Packages & Encapsulation",Object-Oriented Java,"Access Modifiers, Packages & Encapsulation",Access Modifiers,D2 Core,Can a top-level class be private or protected?
127,26,2,Q0088,3,Object-Oriented Domain Modeling,"Access Modifiers, Packages & Encapsulation",Object-Oriented Java,"Access Modifiers, Packages & Encapsulation",Access Modifiers,D2 Core,Can a Method be declared both private and protected at the same time?
128,26,3,Q0089,3,Object-Oriented Domain Modeling,"Access Modifiers, Packages & Encapsulation",Object-Oriented Java,"Access Modifiers, Packages & Encapsulation",Core Java / Packages,D2 Core,"In a complex project, how would you structure your Packages for maximum efficiency and maintainability?"
129,26,4,Q0090,3,Object-Oriented Domain Modeling,"Access Modifiers, Packages & Encapsulation",Object-Oriented Java,"Access Modifiers, Packages & Encapsulation",Encapsulation,D2 Core,How does encapsulation enhance software security and integrity?
130,26,5,Q0091,3,Object-Oriented Domain Modeling,"Access Modifiers, Packages & Encapsulation",Object-Oriented Java,"Access Modifiers, Packages & Encapsulation",Encapsulation,D2 Core,Why do we use Getters and Setters instead of making fields public and accessing them directly?
131,27,1,Q0092,3,Object-Oriented Domain Modeling,"Access Modifiers, Packages & Encapsulation",Object-Oriented Java,"Access Modifiers, Packages & Encapsulation",Java Packages,D2 Core,Can you tell me the use case of packages? Why do we use them?
132,27,2,Q0093,3,Object-Oriented Domain Modeling,"Access Modifiers, Packages & Encapsulation",Object-Oriented Java,"Access Modifiers, Packages & Encapsulation",Java Packages,D2 Core,What happens if two packages have the same class name?
133,27,3,Q0118,3,Object-Oriented Domain Modeling,Inheritance,Object-Oriented Java,Inheritance,Constructor / Inheritance,D1 Foundation,"What is Constructor Chaining, and how is it handled in Inheritance?"
134,27,4,Q0119,3,Object-Oriented Domain Modeling,Inheritance,Object-Oriented Java,Inheritance,Inheritance,D1 Foundation,Have you heard about Hybrid Inheritance?
135,27,5,Q0120,3,Object-Oriented Domain Modeling,Inheritance,Object-Oriented Java,Inheritance,Inheritance / Diamond Problem,D1 Foundation,"What is the Diamond Problem in Java, and how can we address it?"
136,28,1,Q0121,3,Object-Oriented Domain Modeling,Inheritance,Object-Oriented Java,Inheritance,Composition / Inheritance,D2 Core,"In Java, what does the principle ""Composition over Inheritance"" mean?"
137,28,2,Q0122,3,Object-Oriented Domain Modeling,Inheritance,Object-Oriented Java,Inheritance,Constructor / Inheritance,D2 Core,"If class B extends class A and both have constructors, which constructor is called first when creating an object of B?"
138,28,3,Q0123,3,Object-Oriented Domain Modeling,Inheritance,Object-Oriented Java,Inheritance,Constructor / Inheritance,D2 Core,What happens if the parent has no default constructor but only a parameterized constructor?
139,28,4,Q0124,3,Object-Oriented Domain Modeling,Inheritance,Object-Oriented Java,Inheritance,Constructor / Inheritance,D2 Core,Why must a super() Constructor call be the first statement in a Constructor?
140,28,5,Q0125,3,Object-Oriented Domain Modeling,Inheritance,Object-Oriented Java,Inheritance,Final Keyword / Inheritance,D2 Core,What's the impact of declaring a method as final on inheritance?
141,29,1,Q0126,3,Object-Oriented Domain Modeling,Inheritance,Object-Oriented Java,Inheritance,Inheritance,D2 Core,Can you please explain the concept of inheritance in Java and its types?
142,29,2,Q0127,3,Object-Oriented Domain Modeling,Inheritance,Object-Oriented Java,Inheritance,Inheritance,D2 Core,Can a class extend itself?
143,29,3,Q0128,3,Object-Oriented Domain Modeling,Inheritance,Object-Oriented Java,Inheritance,Inheritance,D2 Core,Is Multiple Inheritance possible in Java?
144,29,4,Q0129,3,Object-Oriented Domain Modeling,Inheritance,Object-Oriented Java,Inheritance,Inheritance,D2 Core,How does Inheritance work in Java? Provide an example as well.
145,29,5,Q0130,3,Object-Oriented Domain Modeling,Inheritance,Object-Oriented Java,Inheritance,Inheritance / Access Modifiers,D2 Core,Can you explain how Java handles access visibility in subclasses?
146,30,1,Q0131,3,Object-Oriented Domain Modeling,Inheritance,Object-Oriented Java,Inheritance,Inheritance / Design,D2 Core,"If a Child Class completely changes the behavior of a Parent method so that it no longer fits the Parent's meaning, is Inheritance being misused?"
147,30,2,Q0132,3,Object-Oriented Domain Modeling,Inheritance,Object-Oriented Java,Inheritance,Inheritance / Super Keyword,D2 Core,What happens if you use the super keyword in a Class that does not explicitly have a Superclass?
148,30,3,Q0133,3,Object-Oriented Domain Modeling,Inheritance,Object-Oriented Java,Inheritance,OOP / Inheritance / Composition,D2 Core,Can you explain inheritance and composition in Java?
149,30,4,Q0134,3,Object-Oriented Domain Modeling,Inheritance,Object-Oriented Java,Inheritance,OOP / Multiple Inheritance,D2 Core,"Why is multiple inheritance not possible, and how does an interface solve this problem?"
150,30,5,Q0135,3,Object-Oriented Domain Modeling,Inheritance,Object-Oriented Java,Inheritance,Static Methods / Inheritance,D2 Core,"If both a Parent and Child Class define the same Static Method, which Method is called?"
151,31,1,Q0136,3,Object-Oriented Domain Modeling,"Polymorphism, Overloading & Overriding",Object-Oriented Java,"Polymorphism, Overloading & Overriding",Method Overriding,D1 Foundation,What is a Covariant Return Type?
152,31,2,Q0137,3,Object-Oriented Domain Modeling,"Polymorphism, Overloading & Overriding",Object-Oriented Java,"Polymorphism, Overloading & Overriding",Constructor / Polymorphism,D2 Core,"Can a Constructor call an Overridable Instance Method, and what risk does that create?"
153,31,3,Q0138,3,Object-Oriented Domain Modeling,"Polymorphism, Overloading & Overriding",Object-Oriented Java,"Polymorphism, Overloading & Overriding",Inheritance / Polymorphism,D2 Core,How do Inheritance and Polymorphism work together?
154,31,4,Q0139,3,Object-Oriented Domain Modeling,"Polymorphism, Overloading & Overriding",Object-Oriented Java,"Polymorphism, Overloading & Overriding",Method Overloading,D2 Core,Do you know about method overloading?
155,31,5,Q0140,3,Object-Oriented Domain Modeling,"Polymorphism, Overloading & Overriding",Object-Oriented Java,"Polymorphism, Overloading & Overriding",Method Overloading,D2 Core,Can method overloading be determined at runtime?
156,32,1,Q0141,3,Object-Oriented Domain Modeling,"Polymorphism, Overloading & Overriding",Object-Oriented Java,"Polymorphism, Overloading & Overriding",Method Overloading,D2 Core,How does Java resolve a call to an overloaded method?
157,32,2,Q0142,3,Object-Oriented Domain Modeling,"Polymorphism, Overloading & Overriding",Object-Oriented Java,"Polymorphism, Overloading & Overriding",Method Overloading,D2 Core,What happens if we change only the return type in method overloading?
158,32,3,Q0143,3,Object-Oriented Domain Modeling,"Polymorphism, Overloading & Overriding",Object-Oriented Java,"Polymorphism, Overloading & Overriding",Method Overloading,D2 Core,How will Java choose which overloaded method to call if one method takes int and the other takes Integer?
159,32,4,Q0144,3,Object-Oriented Domain Modeling,"Polymorphism, Overloading & Overriding",Object-Oriented Java,"Polymorphism, Overloading & Overriding",Method Overloading,D2 Core,Can a Method be Overloaded by changing only its Return Type?
160,32,5,Q0145,3,Object-Oriented Domain Modeling,"Polymorphism, Overloading & Overriding",Object-Oriented Java,"Polymorphism, Overloading & Overriding",Method Overloading,D2 Core,Give a scenario where Method Overloading could lead to errors if it is not properly managed.
161,33,1,Q0146,3,Object-Oriented Domain Modeling,"Polymorphism, Overloading & Overriding",Object-Oriented Java,"Polymorphism, Overloading & Overriding",Method Overloading,D2 Core,You have overloaded methods getData(String) and getData(Object). Which one is called when you pass null?
162,33,2,Q0147,3,Object-Oriented Domain Modeling,"Polymorphism, Overloading & Overriding",Object-Oriented Java,"Polymorphism, Overloading & Overriding",Method Overriding / Access Modifiers,D2 Core,Can an overriding Method reduce visibility from protected in the Parent Class to default access in the Child Class?
163,33,3,Q0148,3,Object-Oriented Domain Modeling,"Polymorphism, Overloading & Overriding",Object-Oriented Java,"Polymorphism, Overloading & Overriding",Polymorphism,D2 Core,How does Java achieve polymorphism?
164,33,4,Q0149,3,Object-Oriented Domain Modeling,"Polymorphism, Overloading & Overriding",Object-Oriented Java,"Polymorphism, Overloading & Overriding",Polymorphism,D2 Core,Can you provide a real-life example where polymorphism is beneficial?
165,33,5,Q0150,3,Object-Oriented Domain Modeling,"Polymorphism, Overloading & Overriding",Object-Oriented Java,"Polymorphism, Overloading & Overriding",Polymorphism,D2 Core,Can you tell me how Java implements polymorphism?
166,34,1,Q0151,3,Object-Oriented Domain Modeling,"Polymorphism, Overloading & Overriding",Object-Oriented Java,"Polymorphism, Overloading & Overriding",Polymorphism,D2 Core,Can you tell me the difference between method overloading and overriding and what their rules are?
167,34,2,Q0152,3,Object-Oriented Domain Modeling,"Polymorphism, Overloading & Overriding",Object-Oriented Java,"Polymorphism, Overloading & Overriding",Polymorphism / Access Modifiers,D2 Core,Can changing access modifiers affect polymorphic behavior in an overridden method?
168,34,3,Q0153,3,Object-Oriented Domain Modeling,"Polymorphism, Overloading & Overriding",Object-Oriented Java,"Polymorphism, Overloading & Overriding",Polymorphism / Constructor,D2 Core,What happens if you call a non-static method inside a constructor and that method is overridden in a subclass? Which method will execute?
169,34,4,Q0154,3,Object-Oriented Domain Modeling,"Polymorphism, Overloading & Overriding",Object-Oriented Java,"Polymorphism, Overloading & Overriding",Polymorphism / Constructor,D2 Core,Can a Constructor be polymorphic?
170,34,5,Q0155,3,Object-Oriented Domain Modeling,"Polymorphism, Overloading & Overriding",Object-Oriented Java,"Polymorphism, Overloading & Overriding",Polymorphism / Dynamic Method Dispatch,D2 Core,Do you know about dynamic method dispatch in Java?
171,35,1,Q0156,3,Object-Oriented Domain Modeling,"Polymorphism, Overloading & Overriding",Object-Oriented Java,"Polymorphism, Overloading & Overriding",Polymorphism / Fields,D2 Core,Why does Method Overriding not work with Fields in Java?
172,35,2,Q0157,3,Object-Oriented Domain Modeling,"Polymorphism, Overloading & Overriding",Object-Oriented Java,"Polymorphism, Overloading & Overriding",Polymorphism / Inheritance,D2 Core,"If you have a method that takes a superclass type as a parameter, can it work with objects of its subclass types?"
173,35,3,Q0158,3,Object-Oriented Domain Modeling,"Polymorphism, Overloading & Overriding",Object-Oriented Java,"Polymorphism, Overloading & Overriding",Polymorphism / Method Overloading & Overriding,D2 Core,How does Java handle method overloading and overriding during runtime?
174,35,4,Q0159,3,Object-Oriented Domain Modeling,"Polymorphism, Overloading & Overriding",Object-Oriented Java,"Polymorphism, Overloading & Overriding",Polymorphism / Super Keyword,D2 Core,"How does the super keyword play a role in polymorphism, especially in the context of method overriding?"
175,35,5,Q0160,3,Object-Oriented Domain Modeling,"Polymorphism, Overloading & Overriding",Object-Oriented Java,"Polymorphism, Overloading & Overriding",Polymorphism / System Design,D5 Advanced/Design,How would you design a Plug-in-Based System using Polymorphism?
176,36,1,Q0161,3,Object-Oriented Domain Modeling,"Abstraction, Abstract Classes & Interfaces",Object-Oriented Java,"Abstraction, Abstract Classes & Interfaces",Interface,D1 Foundation,What is an Interface?
177,36,2,Q0162,3,Object-Oriented Domain Modeling,"Abstraction, Abstract Classes & Interfaces",Object-Oriented Java,"Abstraction, Abstract Classes & Interfaces",Interface / Java 8,D1 Foundation,"What is a static method in an interface, and how is it different from a default method?"
178,36,3,Q0163,3,Object-Oriented Domain Modeling,"Abstraction, Abstract Classes & Interfaces",Object-Oriented Java,"Abstraction, Abstract Classes & Interfaces",Abstract Class / Constructor,D2 Core,Can an Abstract Class have a Constructor even though the Abstract Class cannot be instantiated directly?
179,36,4,Q0164,3,Object-Oriented Domain Modeling,"Abstraction, Abstract Classes & Interfaces",Object-Oriented Java,"Abstraction, Abstract Classes & Interfaces",Abstract Class / Interface,D2 Core,What's the difference between an abstract class and an interface?
180,36,5,Q0165,3,Object-Oriented Domain Modeling,"Abstraction, Abstract Classes & Interfaces",Object-Oriented Java,"Abstraction, Abstract Classes & Interfaces",Abstract Class / Interface,D2 Core,"Since Java 8 introduced default and static methods in Interfaces, when should we still prefer Abstract Classes?"
181,37,1,Q0166,3,Object-Oriented Domain Modeling,"Abstraction, Abstract Classes & Interfaces",Object-Oriented Java,"Abstraction, Abstract Classes & Interfaces",Abstraction,D2 Core,Can you provide examples where abstraction is effectively used in Java libraries?
182,37,2,Q0167,3,Object-Oriented Domain Modeling,"Abstraction, Abstract Classes & Interfaces",Object-Oriented Java,"Abstraction, Abstract Classes & Interfaces",Abstraction,D2 Core,What does abstraction mean in Java?
183,37,3,Q0168,3,Object-Oriented Domain Modeling,"Abstraction, Abstract Classes & Interfaces",Object-Oriented Java,"Abstraction, Abstract Classes & Interfaces",Abstraction,D2 Core,Can you provide a real-world example of abstraction outside Java?
184,37,4,Q0169,3,Object-Oriented Domain Modeling,"Abstraction, Abstract Classes & Interfaces",Object-Oriented Java,"Abstraction, Abstract Classes & Interfaces",Abstraction,D2 Core,What happens if a class includes an abstract method?
185,37,5,Q0170,3,Object-Oriented Domain Modeling,"Abstraction, Abstract Classes & Interfaces",Object-Oriented Java,"Abstraction, Abstract Classes & Interfaces",Abstraction,D2 Core,Can we achieve abstraction by using only an Abstract Class?
186,38,1,Q0171,3,Object-Oriented Domain Modeling,"Abstraction, Abstract Classes & Interfaces",Object-Oriented Java,"Abstraction, Abstract Classes & Interfaces",Abstraction,D2 Core,What does it mean if a class contains an Abstract Method?
187,38,2,Q0172,3,Object-Oriented Domain Modeling,"Abstraction, Abstract Classes & Interfaces",Object-Oriented Java,"Abstraction, Abstract Classes & Interfaces",Abstraction,D2 Core,Can we create an Object of an Abstract Class using an Anonymous Class?
188,38,3,Q0173,3,Object-Oriented Domain Modeling,"Abstraction, Abstract Classes & Interfaces",Object-Oriented Java,"Abstraction, Abstract Classes & Interfaces",Abstraction,D2 Core,Can you provide examples of how Abstraction is effectively used in Java's Core Libraries?
189,38,4,Q0174,3,Object-Oriented Domain Modeling,"Abstraction, Abstract Classes & Interfaces",Object-Oriented Java,"Abstraction, Abstract Classes & Interfaces",Abstraction,D2 Core,Can an Abstract Class exist without any Abstract Methods?
190,38,5,Q0175,3,Object-Oriented Domain Modeling,"Abstraction, Abstract Classes & Interfaces",Object-Oriented Java,"Abstraction, Abstract Classes & Interfaces",Abstraction,D2 Core,Can you convert an Abstract Class to an Interface and vice versa?
191,39,1,Q0176,3,Object-Oriented Domain Modeling,"Abstraction, Abstract Classes & Interfaces",Object-Oriented Java,"Abstraction, Abstract Classes & Interfaces",Abstraction / Loose Coupling,D2 Core,How does abstraction help in achieving loose coupling in a software application?
192,39,2,Q0177,3,Object-Oriented Domain Modeling,"Abstraction, Abstract Classes & Interfaces",Object-Oriented Java,"Abstraction, Abstract Classes & Interfaces",Inheritance / Interface,D2 Core,Can we solve the multiple inheritance problem in Java using another approach such as Interface?
193,39,3,Q0178,3,Object-Oriented Domain Modeling,"Abstraction, Abstract Classes & Interfaces",Object-Oriented Java,"Abstraction, Abstract Classes & Interfaces",Interface,D2 Core,"What is an interface in Java, and why do we use it if you cannot write anything concrete in it?"
194,39,4,Q0179,3,Object-Oriented Domain Modeling,"Abstraction, Abstract Classes & Interfaces",Object-Oriented Java,"Abstraction, Abstract Classes & Interfaces",Interface,D2 Core,Can an Interface be declared final?
195,39,5,Q0180,3,Object-Oriented Domain Modeling,"Abstraction, Abstract Classes & Interfaces",Object-Oriented Java,"Abstraction, Abstract Classes & Interfaces",Interface,D2 Core,Can an Interface be declared private inside another Class?
196,40,1,Q0181,3,Object-Oriented Domain Modeling,"Abstraction, Abstract Classes & Interfaces",Object-Oriented Java,"Abstraction, Abstract Classes & Interfaces",Interface / Default Methods,D2 Core,"If two interfaces provide the same default method and your class implements both, how do you resolve the conflict?"
197,40,2,Q0182,3,Object-Oriented Domain Modeling,"Abstraction, Abstract Classes & Interfaces",Object-Oriented Java,"Abstraction, Abstract Classes & Interfaces",Interface / Default Methods,D2 Core,A Class implements two Interfaces having the same Default Method. What happens?
198,40,3,Q0183,3,Object-Oriented Domain Modeling,"Abstraction, Abstract Classes & Interfaces",Object-Oriented Java,"Abstraction, Abstract Classes & Interfaces",Interface / Inheritance,D2 Core,Can you provide examples of when to use an interface versus when to extend a class?
199,40,4,Q0184,3,Object-Oriented Domain Modeling,"Abstraction, Abstract Classes & Interfaces",Object-Oriented Java,"Abstraction, Abstract Classes & Interfaces",Interface / Java 8,D2 Core,Why were default and static methods introduced in Java?
200,40,5,Q0185,3,Object-Oriented Domain Modeling,"Abstraction, Abstract Classes & Interfaces",Object-Oriented Java,"Abstraction, Abstract Classes & Interfaces",Interface / Java 8,D2 Core,Can an Interface in Java contain static methods?
201,41,1,Q0186,3,Object-Oriented Domain Modeling,"Abstraction, Abstract Classes & Interfaces",Object-Oriented Java,"Abstraction, Abstract Classes & Interfaces",Interface / Multiple Inheritance,D2 Core,Can Interfaces help in solving the Diamond Problem?
202,41,2,Q0187,3,Object-Oriented Domain Modeling,"Abstraction, Abstract Classes & Interfaces",Object-Oriented Java,"Abstraction, Abstract Classes & Interfaces",Interface / Static Methods,D2 Core,How can static methods in an Interface be used?
203,41,3,Q0188,3,Object-Oriented Domain Modeling,"Abstraction, Abstract Classes & Interfaces",Object-Oriented Java,"Abstraction, Abstract Classes & Interfaces",Java Interface,D2 Core,"Why were Default, Static, and Private Methods introduced in Java Interfaces?"
204,41,4,Q0189,3,Object-Oriented Domain Modeling,"Abstraction, Abstract Classes & Interfaces",Object-Oriented Java,"Abstraction, Abstract Classes & Interfaces",Java Interface,D2 Core,Why can an Interface contain Default Methods but not normal Instance Variables?
205,41,5,Q0190,3,Object-Oriented Domain Modeling,"Abstraction, Abstract Classes & Interfaces",Object-Oriented Java,"Abstraction, Abstract Classes & Interfaces",Polymorphism / Abstraction,D2 Core,Suppose you have a Shape class and subclasses Circle and Square. How would you design it so client code can calculate area without knowing the exact shape type?
206,42,1,Q0191,3,Object-Oriented Domain Modeling,"Abstraction, Abstract Classes & Interfaces",Object-Oriented Java,"Abstraction, Abstract Classes & Interfaces",Inheritance / Interface,D3 Applied,Can a class implement multiple Interfaces while extending only one Abstract Class?
207,42,2,Q0192,3,Object-Oriented Domain Modeling,"Abstraction, Abstract Classes & Interfaces",Object-Oriented Java,"Abstraction, Abstract Classes & Interfaces",Marker Interface,D3 Applied,How does Java distinguish Classes that implement a Marker Interface from Classes that do not?
208,42,3,Q0094,3,Object-Oriented Domain Modeling,"static, final & Initialization",Object-Oriented Java,"static, final & Initialization",Static Block,D1 Foundation,What is the use of static block?
209,42,4,Q0095,3,Object-Oriented Domain Modeling,"static, final & Initialization",Object-Oriented Java,"static, final & Initialization",Constructor / Static Block,D2 Core,"Since a Static Block executes before a Constructor, can a Static Block replace a Constructor?"
210,42,5,Q0096,3,Object-Oriented Domain Modeling,"static, final & Initialization",Object-Oriented Java,"static, final & Initialization",Core Java / Final,D2 Core,"What is the difference between final, Effectively Final and Immutable?"
211,43,1,Q0097,3,Object-Oriented Domain Modeling,"static, final & Initialization",Object-Oriented Java,"static, final & Initialization",Core Java / Final & Abstract,D2 Core,Can a Class be both final and abstract at the same time?
212,43,2,Q0098,3,Object-Oriented Domain Modeling,"static, final & Initialization",Object-Oriented Java,"static, final & Initialization",Final Keyword,D2 Core,Can we modify a final object reference?
213,43,3,Q0099,3,Object-Oriented Domain Modeling,"static, final & Initialization",Object-Oriented Java,"static, final & Initialization",Final Keyword,D2 Core,"Can you explain the final keyword for a final variable, final method and final class?"
214,43,4,Q0100,3,Object-Oriented Domain Modeling,"static, final & Initialization",Object-Oriented Java,"static, final & Initialization",Final Keyword,D2 Core,What happens when we use final with a method?
215,43,5,Q0101,3,Object-Oriented Domain Modeling,"static, final & Initialization",Object-Oriented Java,"static, final & Initialization",Final Keyword,D2 Core,Discuss a scenario where the final keyword significantly impacts the design of a Java program.
216,44,1,Q0102,3,Object-Oriented Domain Modeling,"static, final & Initialization",Object-Oriented Java,"static, final & Initialization",Static Block,D2 Core,Can a static block throw an exception?
217,44,2,Q0103,3,Object-Oriented Domain Modeling,"static, final & Initialization",Object-Oriented Java,"static, final & Initialization",Static Block,D2 Core,Can we have multiple static blocks in code?
218,44,3,Q0104,3,Object-Oriented Domain Modeling,"static, final & Initialization",Object-Oriented Java,"static, final & Initialization",Static Block,D2 Core,Why does the static block execute before the main method?
219,44,4,Q0105,3,Object-Oriented Domain Modeling,"static, final & Initialization",Object-Oriented Java,"static, final & Initialization",Static Block,D2 Core,Can you delay a Static Block from executing until a Method is called?
220,44,5,Q0106,3,Object-Oriented Domain Modeling,"static, final & Initialization",Object-Oriented Java,"static, final & Initialization",Static Block / Main Method,D2 Core,Can we print something on console without using the main method in Java?
221,45,1,Q0107,3,Object-Oriented Domain Modeling,"static, final & Initialization",Object-Oriented Java,"static, final & Initialization",Static Keyword,D2 Core,Are you aware of the static keyword in Java?
222,45,2,Q0108,3,Object-Oriented Domain Modeling,"static, final & Initialization",Object-Oriented Java,"static, final & Initialization",Static Methods,D2 Core,Can you override static methods in Java?
223,45,3,Q0109,3,Object-Oriented Domain Modeling,"static, final & Initialization",Object-Oriented Java,"static, final & Initialization",Static Methods,D2 Core,Can we call a non-static instance variable or method from a static method? Why can't we call it directly?
224,45,4,Q0110,3,Object-Oriented Domain Modeling,"static, final & Initialization",Object-Oriented Java,"static, final & Initialization",Static Methods,D2 Core,What's the use of a static method? Why do we use it?
225,45,5,Q0111,3,Object-Oriented Domain Modeling,"static, final & Initialization",Object-Oriented Java,"static, final & Initialization",Static Methods,D2 Core,Can a static method be overridden?
226,46,1,Q0112,3,Object-Oriented Domain Modeling,"static, final & Initialization",Object-Oriented Java,"static, final & Initialization",Static Methods,D2 Core,Is it possible to access Non-Static Members from inside a Static Method?
227,46,2,Q0113,3,Object-Oriented Domain Modeling,"static, final & Initialization",Object-Oriented Java,"static, final & Initialization",Static Methods,D2 Core,What happens if you call a Static Method using a null Object Reference?
228,46,3,Q0114,3,Object-Oriented Domain Modeling,"static, final & Initialization",Object-Oriented Java,"static, final & Initialization",Static Methods,D3 Applied,What happens when a static main() method directly calls a non-static method without creating an Object?
229,46,4,Q0115,3,Object-Oriented Domain Modeling,"static, final & Initialization",Object-Oriented Java,"static, final & Initialization",Final Keyword,D4 Experience,Have you used the final keyword in your project ever?
230,46,5,Q0116,3,Object-Oriented Domain Modeling,"static, final & Initialization",Object-Oriented Java,"static, final & Initialization",Final Keyword,D4 Experience,Can you tell me a real-world or real-time use case of the final keyword?
231,47,1,Q0117,3,Object-Oriented Domain Modeling,"static, final & Initialization",Object-Oriented Java,"static, final & Initialization",Static Methods,D4 Experience,Have you written any static methods?
232,47,2,Q0215,4,"Core Types, Object Contracts & Standard Utilities",Wrapper Types & Immutability,Object-Oriented Java,Wrapper Types & Immutability,Immutability,D1 Foundation,What are the advantages and disadvantages of immutable objects in an application?
233,47,3,Q0216,4,"Core Types, Object Contracts & Standard Utilities",Wrapper Types & Immutability,Object-Oriented Java,Wrapper Types & Immutability,Autoboxing / Unboxing,D2 Core,Do you know about Autoboxing and Unboxing?
234,47,4,Q0217,4,"Core Types, Object Contracts & Standard Utilities",Wrapper Types & Immutability,Object-Oriented Java,Wrapper Types & Immutability,Autoboxing / Unboxing,D2 Core,Is there a scenario where Autoboxing or Unboxing could cause a NullPointerException?
235,47,5,Q0218,4,"Core Types, Object Contracts & Standard Utilities",Wrapper Types & Immutability,Object-Oriented Java,Wrapper Types & Immutability,Immutability,D2 Core,Can we create immutable classes in Java?
236,48,1,Q0219,4,"Core Types, Object Contracts & Standard Utilities",Wrapper Types & Immutability,Object-Oriented Java,Wrapper Types & Immutability,Immutability,D2 Core,How can we create an immutable class?
237,48,2,Q0220,4,"Core Types, Object Contracts & Standard Utilities",Wrapper Types & Immutability,Object-Oriented Java,Wrapper Types & Immutability,Immutability,D2 Core,Why should we not have setter methods in an immutable class?
238,48,3,Q0221,4,"Core Types, Object Contracts & Standard Utilities",Wrapper Types & Immutability,Object-Oriented Java,Wrapper Types & Immutability,Immutability,D2 Core,What makes an object immutable in Java?
239,48,4,Q0222,4,"Core Types, Object Contracts & Standard Utilities",Wrapper Types & Immutability,Object-Oriented Java,Wrapper Types & Immutability,Immutability,D2 Core,Provide a scenario where using immutable objects would be advantageous over mutable ones.
240,48,5,Q0223,4,"Core Types, Object Contracts & Standard Utilities",Wrapper Types & Immutability,Object-Oriented Java,Wrapper Types & Immutability,Immutability,D2 Core,Do we have any Java mechanism for handling immutable objects? What are immutable objects?
241,49,1,Q0224,4,"Core Types, Object Contracts & Standard Utilities",Wrapper Types & Immutability,Object-Oriented Java,Wrapper Types & Immutability,Immutability,D2 Core,"If a class contains a Date, how do you ensure immutability?"
242,49,2,Q0225,4,"Core Types, Object Contracts & Standard Utilities",Wrapper Types & Immutability,Object-Oriented Java,Wrapper Types & Immutability,Immutability,D2 Core,How would you refactor an existing code base to enforce immutability?
243,49,3,Q0226,4,"Core Types, Object Contracts & Standard Utilities",Wrapper Types & Immutability,Object-Oriented Java,Wrapper Types & Immutability,Immutability,D2 Core,What does immutability mean in Java?
244,49,4,Q0227,4,"Core Types, Object Contracts & Standard Utilities",Wrapper Types & Immutability,Object-Oriented Java,Wrapper Types & Immutability,Immutability,D2 Core,Can you name some predefined immutable classes in Java?
245,49,5,Q0228,4,"Core Types, Object Contracts & Standard Utilities",Wrapper Types & Immutability,Object-Oriented Java,Wrapper Types & Immutability,Immutability,D2 Core,Can an immutable object have mutable fields?
246,50,1,Q0229,4,"Core Types, Object Contracts & Standard Utilities",Wrapper Types & Immutability,Object-Oriented Java,Wrapper Types & Immutability,Immutability,D2 Core,You need to design an immutable class that contains a mutable object such as a List. How would you design it?
247,50,2,Q0230,4,"Core Types, Object Contracts & Standard Utilities",Wrapper Types & Immutability,Object-Oriented Java,Wrapper Types & Immutability,String Immutability,D2 Core,Why is String immutable in Java?
248,50,3,Q0231,4,"Core Types, Object Contracts & Standard Utilities",Wrapper Types & Immutability,Object-Oriented Java,Wrapper Types & Immutability,Wrapper Classes,D2 Core,What's the difference between int and Integer?
249,50,4,Q0232,4,"Core Types, Object Contracts & Standard Utilities",Wrapper Types & Immutability,Object-Oriented Java,Wrapper Types & Immutability,Wrapper Classes,D2 Core,Why do Java Collections require Wrapper Classes instead of Primitive Types?
250,50,5,Q0233,4,"Core Types, Object Contracts & Standard Utilities",Wrapper Types & Immutability,Object-Oriented Java,Wrapper Types & Immutability,Wrapper Classes / Integer Cache,D2 Core,"Two Integer variables, A and B, both contain 200. What will A == B return, true or false?"
251,51,1,Q0234,4,"Core Types, Object Contracts & Standard Utilities",Wrapper Types & Immutability,Object-Oriented Java,Wrapper Types & Immutability,Immutability,D3 Applied,Let's say you need to ensure that certain data within your application remains constant and secure throughout its lifecycle. How would you implement immutability for this purpose?
252,51,2,Q0235,4,"Core Types, Object Contracts & Standard Utilities",Wrapper Types & Immutability,Object-Oriented Java,Wrapper Types & Immutability,Immutability,D4 Experience,Have you ever got a chance to design an immutable class?
253,51,3,Q0193,4,"Core Types, Object Contracts & Standard Utilities","Object Class, equals & hashCode",Object-Oriented Java,"Object Class, equals & hashCode",Core Java / Object Class,D2 Core,"What methods are available in the Java Object class, and how are they used?"
254,51,4,Q0194,4,"Core Types, Object Contracts & Standard Utilities","Object Class, equals & hashCode",Object-Oriented Java,"Object Class, equals & hashCode",Core Java / Object Class,D2 Core,Why is Object designed as the Superclass of all Java Classes?
255,51,5,Q0195,4,"Core Types, Object Contracts & Standard Utilities","Object Class, equals & hashCode",Object-Oriented Java,"Object Class, equals & hashCode",Equals / Custom Objects,D2 Core,How would you handle a situation where you need to compare the content equality of two custom object instances?
256,52,1,Q0207,4,"Core Types, Object Contracts & Standard Utilities","Object Class, equals & hashCode",Object-Oriented Java,"Object Class, equals & hashCode",Equals Method,D2 Core,How can we override the equals() method?
257,52,2,Q0208,4,"Core Types, Object Contracts & Standard Utilities","Object Class, equals & hashCode",Object-Oriented Java,"Object Class, equals & hashCode",Equals vs Reference Equality,D2 Core,What's the difference between == and .equals() in Java?
258,52,3,Q0209,4,"Core Types, Object Contracts & Standard Utilities","Object Class, equals & hashCode",Object-Oriented Java,"Object Class, equals & hashCode",Equals vs Reference Equality,D2 Core,Tell me a scenario where == gives a true result and .equals() gives a false result.
259,52,4,Q0210,4,"Core Types, Object Contracts & Standard Utilities","Object Class, equals & hashCode",Object-Oriented Java,"Object Class, equals & hashCode",String / Equals,D2 Core,"How does the equals() method in String work, and how is it different from the == operator?"
260,52,5,Q0196,4,"Core Types, Object Contracts & Standard Utilities","Object Class, equals & hashCode",Object-Oriented Java,"Object Class, equals & hashCode",equals / hashCode,D2 Core,Why is it important to override hashCode() when you are overriding equals()?
261,53,1,Q0197,4,"Core Types, Object Contracts & Standard Utilities","Object Class, equals & hashCode",Object-Oriented Java,"Object Class, equals & hashCode",equals / hashCode,D2 Core,Can you describe how hashCode() and equals() work together in Collections?
262,53,2,Q0198,4,"Core Types, Object Contracts & Standard Utilities","Object Class, equals & hashCode",Object-Oriented Java,"Object Class, equals & hashCode",equals / hashCode,D2 Core,"In a HashMap, if you override equals() but not hashCode() in a class used as a key, what problems could arise?"
263,53,3,Q0199,4,"Core Types, Object Contracts & Standard Utilities","Object Class, equals & hashCode",Object-Oriented Java,"Object Class, equals & hashCode",equals / hashCode,D2 Core,"Between hashCode() and equals(), which method is executed first?"
264,53,4,Q0200,4,"Core Types, Object Contracts & Standard Utilities","Object Class, equals & hashCode",Object-Oriented Java,"Object Class, equals & hashCode",equals / hashCode,D2 Core,Do hashCode() and equals() always both execute?
265,53,5,Q0201,4,"Core Types, Object Contracts & Standard Utilities","Object Class, equals & hashCode",Object-Oriented Java,"Object Class, equals & hashCode",equals / hashCode,D2 Core,Why is it a bad idea to override equals() without overriding hashCode() in a class used in a HashMap?
266,54,1,Q0202,4,"Core Types, Object Contracts & Standard Utilities","Object Class, equals & hashCode",Object-Oriented Java,"Object Class, equals & hashCode",equals / hashCode,D2 Core,What's the importance of hashCode() and equals() methods?
267,54,2,Q0203,4,"Core Types, Object Contracts & Standard Utilities","Object Class, equals & hashCode",Object-Oriented Java,"Object Class, equals & hashCode",equals / hashCode,D2 Core,Can you tell me a scenario where we should override hashCode() and equals()?
268,54,3,Q0204,4,"Core Types, Object Contracts & Standard Utilities","Object Class, equals & hashCode",Object-Oriented Java,"Object Class, equals & hashCode",equals / hashCode,D2 Core,How can we override hashCode() and equals()? Can you tell me the steps?
269,54,4,Q0205,4,"Core Types, Object Contracts & Standard Utilities","Object Class, equals & hashCode",Object-Oriented Java,"Object Class, equals & hashCode",equals / hashCode,D2 Core,"If two objects are equal according to equals(), can their hash codes be different?"
270,54,5,Q0206,4,"Core Types, Object Contracts & Standard Utilities","Object Class, equals & hashCode",Object-Oriented Java,"Object Class, equals & hashCode",equals / hashCode,D2 Core,Do you know the contract between hashCode() and equals()?
271,55,1,Q0212,4,"Core Types, Object Contracts & Standard Utilities","Object Class, equals & hashCode",Object-Oriented Java,"Object Class, equals & hashCode",equals / hashCode,D3 Applied,How would you implement equals() and hashCode() methods manually?
272,55,2,Q0214,4,"Core Types, Object Contracts & Standard Utilities","Object Class, equals & hashCode",Object-Oriented Java,"Object Class, equals & hashCode",Equals vs Reference Equality,D4 Experience,Have you used == and .equals() operators in your project?
273,55,3,Q0213,4,"Core Types, Object Contracts & Standard Utilities","Object Class, equals & hashCode",Object-Oriented Java,"Object Class, equals & hashCode",equals / hashCode,D4 Experience,Have you overridden hashCode() and equals() before?
274,55,4,Q0043,4,"Core Types, Object Contracts & Standard Utilities","Strings, StringBuilder & StringBuffer",Java Fundamentals,"Strings, StringBuilder & StringBuffer",String / Security,D2 Core,Why do we prefer using a char[] to store passwords instead of String?
275,55,5,Q0044,4,"Core Types, Object Contracts & Standard Utilities","Strings, StringBuilder & StringBuffer",Java Fundamentals,"Strings, StringBuilder & StringBuffer",String Pool,D2 Core,Are there scenarios where using the String Pool might not be beneficial?
276,56,1,Q0045,4,"Core Types, Object Contracts & Standard Utilities","Strings, StringBuilder & StringBuffer",Java Fundamentals,"Strings, StringBuilder & StringBuffer",StringBuilder / StringBuffer,D2 Core,Can you discuss a scenario where StringBuilder is preferable over StringBuffer?
277,56,2,Q0046,4,"Core Types, Object Contracts & Standard Utilities","Strings, StringBuilder & StringBuffer",Java Fundamentals,"Strings, StringBuilder & StringBuffer",StringBuilder / StringBuffer,D2 Core,"If you want a mutable version of String, what would you use?"
278,56,3,Q0047,4,"Core Types, Object Contracts & Standard Utilities","Strings, StringBuilder & StringBuffer",Java Fundamentals,"Strings, StringBuilder & StringBuffer",StringBuilder / StringBuffer,D2 Core,Why are you not using StringBuffer?
279,56,4,Q0048,4,"Core Types, Object Contracts & Standard Utilities","Strings, StringBuilder & StringBuffer",Java Fundamentals,"Strings, StringBuilder & StringBuffer",String,D3 Applied,"In a text-editor feature, you need to reverse comments or text efficiently for large text blocks. How would you implement it?"
280,56,5,Q0049,4,"Core Types, Object Contracts & Standard Utilities","Strings, StringBuilder & StringBuffer",Java Fundamentals,"Strings, StringBuilder & StringBuffer",String Internals,D3 Applied,What happens internally when you concatenate two String objects using the + operator?
281,57,1,Q0055,4,"Core Types, Object Contracts & Standard Utilities","Strings, StringBuilder & StringBuffer",Java Fundamentals,"Strings, StringBuilder & StringBuffer",StringBuilder / StringBuffer,D4 Experience,Have you worked with StringBuilder and StringBuffer?
282,57,2,Q0240,4,"Core Types, Object Contracts & Standard Utilities","Enums, Nested, Inner & Anonymous Classes",Object-Oriented Java,"Enums, Nested, Inner & Anonymous Classes",Anonymous Classes,D1 Foundation,"What are Anonymous Classes in Java, and what are their advantages?"
283,57,3,Q0241,4,"Core Types, Object Contracts & Standard Utilities","Enums, Nested, Inner & Anonymous Classes",Object-Oriented Java,"Enums, Nested, Inner & Anonymous Classes",Anonymous Class,D2 Core,Do you know about anonymous classes?
284,57,4,Q0242,4,"Core Types, Object Contracts & Standard Utilities","Enums, Nested, Inner & Anonymous Classes",Object-Oriented Java,"Enums, Nested, Inner & Anonymous Classes",Enum,D2 Core,Can you tell me the advantages of Enum over constants?
285,57,5,Q0243,4,"Core Types, Object Contracts & Standard Utilities","Enums, Nested, Inner & Anonymous Classes",Object-Oriented Java,"Enums, Nested, Inner & Anonymous Classes",Enum,D2 Core,Can you explain Enum in Java?
286,58,1,Q0244,4,"Core Types, Object Contracts & Standard Utilities","Enums, Nested, Inner & Anonymous Classes",Object-Oriented Java,"Enums, Nested, Inner & Anonymous Classes",Enum,D2 Core,What's the purpose of using Enum?
287,58,2,Q0245,4,"Core Types, Object Contracts & Standard Utilities","Enums, Nested, Inner & Anonymous Classes",Object-Oriented Java,"Enums, Nested, Inner & Anonymous Classes",Enum / Design,D2 Core,"Let's say you are working in a payment system with different methods like credit card, UPI and net banking. How would you use Enums and what would be your strategy?"
288,58,3,Q0246,4,"Core Types, Object Contracts & Standard Utilities","Enums, Nested, Inner & Anonymous Classes",Object-Oriented Java,"Enums, Nested, Inner & Anonymous Classes",Inner Classes,D2 Core,Do you know about inner classes in Java?
289,58,4,Q0247,4,"Core Types, Object Contracts & Standard Utilities","Enums, Nested, Inner & Anonymous Classes",Object-Oriented Java,"Enums, Nested, Inner & Anonymous Classes",Enum,D3 Applied,Can Enums implement interfaces?
290,58,5,Q0248,4,"Core Types, Object Contracts & Standard Utilities","Enums, Nested, Inner & Anonymous Classes",Object-Oriented Java,"Enums, Nested, Inner & Anonymous Classes",Enum,D4 Experience,Have you worked with Enum in your project?
291,59,1,Q0236,4,"Core Types, Object Contracts & Standard Utilities","Object Copying, Cloning & Pooling",Object-Oriented Java,"Object Copying, Cloning & Pooling",Cloning,D2 Core,What's the best scenario for using the clone() method to create an object?
292,59,2,Q2072,4,"Core Types, Object Contracts & Standard Utilities","Methods, Arrays & Enums",Java Fundamentals,"Methods, Arrays & Enums",Methods / Arrays / Enums,D2 Core,"What is an enum in Java, and how is it different from a set of constants?"
293,59,3,Q2073,4,"Core Types, Object Contracts & Standard Utilities","Methods, Arrays & Enums",Java Fundamentals,"Methods, Arrays & Enums",Methods / Arrays / Enums,D2 Core,"Can Java enums have fields, constructors, methods, and implement interfaces?"
294,59,4,Q0237,4,"Core Types, Object Contracts & Standard Utilities","Object Copying, Cloning & Pooling",Object-Oriented Java,"Object Copying, Cloning & Pooling",Object Copying,D2 Core,What is the difference between Shallow Copy and Deep Copy?
295,59,5,Q0238,4,"Core Types, Object Contracts & Standard Utilities","Object Copying, Cloning & Pooling",Object-Oriented Java,"Object Copying, Cloning & Pooling",Object Pooling,D2 Core,"Do you know about object pooling, and what is the main use of object pooling?"
296,60,1,Q0239,4,"Core Types, Object Contracts & Standard Utilities","Object Copying, Cloning & Pooling",Object-Oriented Java,"Object Copying, Cloning & Pooling",Object Copying,D3 Applied,How would you implement Deep Copying for a Custom Java Object?
297,60,2,Q2154,4,"Core Types, Object Contracts & Standard Utilities",Standard Java API,Core Java,Standard Java API,"Utilities, Numbers, Regex & Date/Time",D2 Core,Why should BigDecimal usually be preferred over double for monetary calculations?
298,60,3,Q2155,4,"Core Types, Object Contracts & Standard Utilities",Standard Java API,Core Java,Standard Java API,"Utilities, Numbers, Regex & Date/Time",D2 Core,What is the difference between new BigDecimal(double) and BigDecimal.valueOf(double)?
299,60,4,Q2156,4,"Core Types, Object Contracts & Standard Utilities",Standard Java API,Core Java,Standard Java API,"Utilities, Numbers, Regex & Date/Time",D2 Core,What is scale in BigDecimal?
300,60,5,Q2157,4,"Core Types, Object Contracts & Standard Utilities",Standard Java API,Core Java,Standard Java API,"Utilities, Numbers, Regex & Date/Time",D2 Core,What is precision in BigDecimal?
301,61,1,Q2158,4,"Core Types, Object Contracts & Standard Utilities",Standard Java API,Core Java,Standard Java API,"Utilities, Numbers, Regex & Date/Time",D2 Core,Why can BigDecimal.equals() produce a different result from BigDecimal.compareTo()?
302,61,2,Q2159,4,"Core Types, Object Contracts & Standard Utilities",Standard Java API,Core Java,Standard Java API,"Utilities, Numbers, Regex & Date/Time",D2 Core,"What is RoundingMode, and when is it required with BigDecimal operations?"
303,61,3,Q2160,4,"Core Types, Object Contracts & Standard Utilities",Standard Java API,Core Java,Standard Java API,"Utilities, Numbers, Regex & Date/Time",D2 Core,When would you use BigInteger?
304,61,4,Q2161,4,"Core Types, Object Contracts & Standard Utilities",Standard Java API,Core Java,Standard Java API,"Utilities, Numbers, Regex & Date/Time",D2 Core,What are Pattern and Matcher in Java regular expressions?
305,61,5,Q2165,4,"Core Types, Object Contracts & Standard Utilities",Standard Java API,Core Java,Standard Java API,"Utilities, Numbers, Regex & Date/Time",D2 Core,"What is the purpose of Scanner, and what are common pitfalls when mixing nextInt() and nextLine()?"
306,62,1,Q2166,4,"Core Types, Object Contracts & Standard Utilities",Standard Java API,Core Java,Standard Java API,"Utilities, Numbers, Regex & Date/Time",D2 Core,"What is StringTokenizer, and why is it less commonly used in modern Java code?"
307,62,2,Q2167,4,"Core Types, Object Contracts & Standard Utilities",Standard Java API,Core Java,Standard Java API,"Utilities, Numbers, Regex & Date/Time",D2 Core,"What is Formatter, and how is it related to String.format()?"
308,62,3,Q2168,4,"Core Types, Object Contracts & Standard Utilities",Standard Java API,Core Java,Standard Java API,"Utilities, Numbers, Regex & Date/Time",D2 Core,"What is Locale in Java, and why does locale-sensitive formatting matter?"
309,62,4,Q2169,4,"Core Types, Object Contracts & Standard Utilities",Standard Java API,Core Java,Standard Java API,"Utilities, Numbers, Regex & Date/Time",D2 Core,What are ResourceBundle objects used for?
310,62,5,Q2170,4,"Core Types, Object Contracts & Standard Utilities",Standard Java API,Core Java,Standard Java API,"Utilities, Numbers, Regex & Date/Time",D2 Core,"What is internationalization, or i18n, in Java?"
311,63,1,Q2171,4,"Core Types, Object Contracts & Standard Utilities",Standard Java API,Core Java,Standard Java API,"Utilities, Numbers, Regex & Date/Time",D2 Core,"What is the difference between Instant, LocalDate, LocalTime, LocalDateTime, OffsetDateTime, and ZonedDateTime?"
312,63,2,Q2172,4,"Core Types, Object Contracts & Standard Utilities",Standard Java API,Core Java,Standard Java API,"Utilities, Numbers, Regex & Date/Time",D2 Core,What is the difference between Period and Duration?
313,63,3,Q2177,4,"Core Types, Object Contracts & Standard Utilities",Standard Java API,Core Java,Standard Java API,"Utilities, Numbers, Regex & Date/Time",D2 Core,"What is Optional, and what problem is it intended to address?"
314,63,4,Q2162,4,"Core Types, Object Contracts & Standard Utilities",Standard Java API,Core Java,Standard Java API,"Utilities, Numbers, Regex & Date/Time",D3 Applied,"What is the difference between matches(), find(), and lookingAt() in Matcher?"
315,63,5,Q2163,4,"Core Types, Object Contracts & Standard Utilities",Standard Java API,Core Java,Standard Java API,"Utilities, Numbers, Regex & Date/Time",D3 Applied,How do regex capturing groups work in Java?
316,64,1,Q2164,4,"Core Types, Object Contracts & Standard Utilities",Standard Java API,Core Java,Standard Java API,"Utilities, Numbers, Regex & Date/Time",D3 Applied,"What are greedy, reluctant, and possessive quantifiers in Java regex?"
317,64,2,Q2173,4,"Core Types, Object Contracts & Standard Utilities",Standard Java API,Core Java,Standard Java API,"Utilities, Numbers, Regex & Date/Time",D3 Applied,How does ZoneId represent a time zone?
318,64,3,Q2174,4,"Core Types, Object Contracts & Standard Utilities",Standard Java API,Core Java,Standard Java API,"Utilities, Numbers, Regex & Date/Time",D3 Applied,Why is storing a timestamp as LocalDateTime sometimes unsafe for distributed systems?
319,64,4,Q2175,4,"Core Types, Object Contracts & Standard Utilities",Standard Java API,Core Java,Standard Java API,"Utilities, Numbers, Regex & Date/Time",D3 Applied,How do DateTimeFormatter objects differ from SimpleDateFormat?
320,64,5,Q2176,4,"Core Types, Object Contracts & Standard Utilities",Standard Java API,Core Java,Standard Java API,"Utilities, Numbers, Regex & Date/Time",D3 Applied,Why is java.time generally safer for concurrent applications than SimpleDateFormat?
321,65,1,Q2178,4,"Core Types, Object Contracts & Standard Utilities",Standard Java API,Core Java,Standard Java API,"Utilities, Numbers, Regex & Date/Time",D3 Applied,"What does Optional.filter() do, and when can it simplify null-safe validation?"
322,65,2,Q0494,4,"Core Types, Object Contracts & Standard Utilities","Date, Time & Time Zones",Modern Java,"Date, Time & Time Zones",Date & Time / Time Zones,D2 Core,"The server stores timestamps in UTC, but users are in IST and reports show a one-day difference. Would you fix this, and if yes, how would you fix it?"
323,65,3,Q0495,4,"Core Types, Object Contracts & Standard Utilities","Date, Time & Time Zones",Modern Java,"Date, Time & Time Zones",Java 8 / Date and Time API,D2 Core,What changes were introduced to the Date and Time API in Java 8?
324,65,4,Q0496,4,"Core Types, Object Contracts & Standard Utilities","Date, Time & Time Zones",Modern Java,"Date, Time & Time Zones",Java Date/Time API,D2 Core,How is Java Time API better than the old Date/Calendar APIs?
325,65,5,Q0249,5,Exception Handling,Exception Handling,Core Java,Exception Handling,Custom Exceptions,D1 Foundation,What are the steps to create a custom exception?
326,66,1,Q0250,5,Exception Handling,Exception Handling,Core Java,Exception Handling,Exception Handling,D1 Foundation,"What is NullPointerException, and how can we avoid it?"
327,66,2,Q0251,5,Exception Handling,Exception Handling,Core Java,Exception Handling,Exception Handling,D1 Foundation,What is the role of the pipe (|) symbol in a multi-catch block?
328,66,3,Q0252,5,Exception Handling,Exception Handling,Core Java,Exception Handling,Exception Handling / Finally,D1 Foundation,What is finally block?
329,66,4,Q0253,5,Exception Handling,Exception Handling,Core Java,Exception Handling,Exception Handling,D2 Core,Do you know about custom exceptions and inbuilt exceptions?
330,66,5,Q0254,5,Exception Handling,Exception Handling,Core Java,Exception Handling,Exception Handling,D2 Core,"Which are better, custom exceptions or built-in exceptions?"
331,67,1,Q0255,5,Exception Handling,Exception Handling,Core Java,Exception Handling,Exception Handling,D2 Core,Can you name any inbuilt exception?
332,67,2,Q0256,5,Exception Handling,Exception Handling,Core Java,Exception Handling,Exception Handling,D2 Core,Can you discuss exception handling and what are checked and unchecked exceptions?
333,67,3,Q0257,5,Exception Handling,Exception Handling,Core Java,Exception Handling,Exception Handling,D2 Core,How would you handle a scenario where a method throws multiple types of exception?
334,67,4,Q0258,5,Exception Handling,Exception Handling,Core Java,Exception Handling,Exception Handling,D2 Core,"Do you know the difference between Error, RuntimeException, and Exception?"
335,67,5,Q0259,5,Exception Handling,Exception Handling,Core Java,Exception Handling,Exception Handling,D2 Core,Is it good practice to use exceptions for control flow?
336,68,1,Q0260,5,Exception Handling,Exception Handling,Core Java,Exception Handling,Exception Handling,D2 Core,Do you know about uncaught exceptions?
337,68,2,Q0261,5,Exception Handling,Exception Handling,Core Java,Exception Handling,Exception Handling,D2 Core,How do you create a custom runtime exception?
338,68,3,Q0263,5,Exception Handling,Exception Handling,Core Java,Exception Handling,Exception Handling,D2 Core,"Can you explain the role of try, catch and finally blocks?"
339,68,4,Q0264,5,Exception Handling,Exception Handling,Core Java,Exception Handling,Exception Handling,D2 Core,"If a return statement executes inside the try or catch block, does the finally block still execute?"
340,68,5,Q0265,5,Exception Handling,Exception Handling,Core Java,Exception Handling,Exception Handling,D2 Core,Is it possible to execute a program with a try block but without a catch block?
341,69,1,Q0266,5,Exception Handling,Exception Handling,Core Java,Exception Handling,Exception Handling,D2 Core,Can you tell me a condition where the finally block will not be executed?
342,69,2,Q0267,5,Exception Handling,Exception Handling,Core Java,Exception Handling,Exception Handling,D2 Core,How would you handle multiple Exceptions in a single catch block?
343,69,3,Q0268,5,Exception Handling,Exception Handling,Core Java,Exception Handling,Exception Handling,D2 Core,"How does a try-catch block work in Java, and what is the purpose of the finally block?"
344,69,4,Q0269,5,Exception Handling,Exception Handling,Core Java,Exception Handling,Exception Handling,D2 Core,In what scenarios would you create a custom checked Exception versus a custom unchecked Exception?
345,69,5,Q0270,5,Exception Handling,Exception Handling,Core Java,Exception Handling,Exception Handling,D2 Core,How does Exception Propagation work in Java?
346,70,1,Q0271,5,Exception Handling,Exception Handling,Core Java,Exception Handling,Exception Handling,D2 Core,"Suppose you have a method that throws a Checked Exception, but the Interface it implements does not declare that Exception. How would you handle this situation?"
347,70,2,Q0272,5,Exception Handling,Exception Handling,Core Java,Exception Handling,Exception Handling,D2 Core,"What is Exception Chaining, and why is it important in our projects?"
348,70,3,Q0273,5,Exception Handling,Exception Handling,Core Java,Exception Handling,Exception Handling,D2 Core,What is the difference between Throwable and Exception in Java?
349,70,4,Q0274,5,Exception Handling,Exception Handling,Core Java,Exception Handling,Exception Handling,D2 Core,"If an Exception is thrown inside a finally block, will it override an Exception thrown from the try block?"
350,70,5,Q0275,5,Exception Handling,Exception Handling,Core Java,Exception Handling,Exception Handling,D2 Core,What happens if both the try and finally blocks contain return statements?
351,71,1,Q0277,5,Exception Handling,Exception Handling,Core Java,Exception Handling,Exception Handling / Design,D2 Core,"While designing a File Handling module, how would you decide which Exceptions should be Checked and which should be Unchecked?"
352,71,2,Q0278,5,Exception Handling,Exception Handling,Core Java,Exception Handling,Exception Handling / Finally,D2 Core,Can we throw an exception from a finally block?
353,71,3,Q0279,5,Exception Handling,Exception Handling,Core Java,Exception Handling,Exception Handling / Finally,D2 Core,Can we have multiple finally blocks in Java?
354,71,4,Q0280,5,Exception Handling,Exception Handling,Core Java,Exception Handling,Exception Handling / Finally,D2 Core,Which finally block will be executed if we have multiple?
355,71,5,Q0281,5,Exception Handling,Exception Handling,Core Java,Exception Handling,Exception Handling / Static Initialization,D2 Core,What happens when an exception is thrown in a static initialization block?
356,72,1,Q0286,5,Exception Handling,Exception Handling,Core Java,Exception Handling,Custom Exceptions,D4 Experience,Can you share some custom exception names that you guys are throwing in your current project?
357,72,2,Q0287,5,Exception Handling,Exception Handling,Core Java,Exception Handling,Custom Exceptions,D4 Experience,Have you ever created a Custom Exception Hierarchy?
358,72,3,Q0288,5,Exception Handling,Exception Handling,Core Java,Exception Handling,Exception Handling,D4 Experience,How do you handle exceptions in your project?
359,72,4,Q0289,5,Exception Handling,Exception Handling,Core Java,Exception Handling,Exception Handling,D4 Experience,What strategies do you majorly use for exception handling?
360,72,5,Q0290,5,Exception Handling,Exception Handling,Core Java,Exception Handling,Exception Handling,D4 Experience,What were your basic approaches to error handling and what were the basic things that you were doing in error handling?
361,73,1,Q0291,5,Exception Handling,Exception Handling,Core Java,Exception Handling,Exception Handling,D4 Experience,Can you tell me how you guys are maintaining or handling exceptions?
362,73,2,Q0292,5,Exception Handling,Exception Handling,Core Java,Exception Handling,Exception Handling,D4 Experience,Was there ever a time when the finally block caused unexpected behavior or side effects in your code?
363,73,3,Q0428,6,Generics,Generics,Core Java,Generics,Generics,D1 Foundation,What are the benefits of using Generics in Java?
364,73,4,Q0429,6,Generics,Generics,Core Java,Generics,Generics,D2 Core,Do you know about generics or generic classes?
365,73,5,Q0430,6,Generics,Generics,Core Java,Generics,Generics,D2 Core,Can we use generics with arrays?
366,74,1,Q0431,6,Generics,Generics,Core Java,Generics,Generics,D2 Core,You have a method that accepts Collection<Number>. A colleague tries to pass a List<Integer> but gets a compilation error. What would be the reason?
367,74,2,Q0432,6,Generics,Generics,Core Java,Generics,Generics / Collections,D2 Core,Can you add a String to a List<Object>?
368,74,3,Q2074,6,Generics,Generics,Core Java,Generics,Generics Advanced,D2 Core,What is type erasure in Java Generics?
369,74,4,Q2075,6,Generics,Generics,Core Java,Generics,Generics Advanced,D2 Core,What information about generic type parameters is available at runtime?
370,74,5,Q2076,6,Generics,Generics,Core Java,Generics,Generics Advanced,D2 Core,What is a bounded type parameter in Java Generics?
371,75,1,Q2077,6,Generics,Generics,Core Java,Generics,Generics Advanced,D2 Core,What is the difference between <T extends Number> and an unbounded <T>?
372,75,2,Q2078,6,Generics,Generics,Core Java,Generics,Generics Advanced,D2 Core,What is a wildcard in Java Generics?
373,75,3,Q2079,6,Generics,Generics,Core Java,Generics,Generics Advanced,D2 Core,What is the difference between List<?> and List<Object>?
374,75,4,Q2080,6,Generics,Generics,Core Java,Generics,Generics Advanced,D2 Core,What does ? extends T mean in Java Generics?
375,75,5,Q2081,6,Generics,Generics,Core Java,Generics,Generics Advanced,D2 Core,What does ? super T mean in Java Generics?
376,76,1,Q2082,6,Generics,Generics,Core Java,Generics,Generics Advanced,D2 Core,What is the PECS principle in Java Generics?
377,76,2,Q2083,6,Generics,Generics,Core Java,Generics,Generics Advanced,D2 Core,Why can you usually read from a producer declared with ? extends T but not safely add values to it?
378,76,3,Q2084,6,Generics,Generics,Core Java,Generics,Generics Advanced,D2 Core,Why can you add T values to a consumer declared with ? super T?
379,76,4,Q2085,6,Generics,Generics,Core Java,Generics,Generics Advanced,D2 Core,"What is a generic method, and how is it declared?"
380,76,5,Q2086,6,Generics,Generics,Core Java,Generics,Generics Advanced,D2 Core,How do generic methods differ from generic classes?
381,77,1,Q2087,6,Generics,Generics,Core Java,Generics,Generics Advanced,D2 Core,Can a static method use a class-level generic type parameter?
382,77,2,Q2088,6,Generics,Generics,Core Java,Generics,Generics Advanced,D2 Core,What is a recursive type bound such as <T extends Comparable<T>>?
383,77,3,Q2089,6,Generics,Generics,Core Java,Generics,Generics Advanced,D2 Core,What are multiple bounds in Java Generics?
384,77,4,Q2090,6,Generics,Generics,Core Java,Generics,Generics Advanced,D2 Core,Why must a class bound appear before interface bounds in a generic type declaration?
385,77,5,Q2091,6,Generics,Generics,Core Java,Generics,Generics Advanced,D3 Applied,"What are raw types, and why should they usually be avoided?"
386,78,1,Q2092,6,Generics,Generics,Core Java,Generics,Generics Advanced,D3 Applied,What kinds of unchecked warnings can generics produce?
387,78,2,Q2093,6,Generics,Generics,Core Java,Generics,Generics Advanced,D3 Applied,What is heap pollution in Java?
388,78,3,Q2094,6,Generics,Generics,Core Java,Generics,Generics Advanced,D3 Applied,What does @SafeVarargs do?
389,78,4,Q2095,6,Generics,Generics,Core Java,Generics,Generics Advanced,D3 Applied,Why is generic array creation restricted in Java?
390,78,5,Q2096,6,Generics,Generics,Core Java,Generics,Generics Advanced,D3 Applied,How do bridge methods relate to type erasure and polymorphism?
391,79,1,Q2097,6,Generics,Generics,Core Java,Generics,Generics Advanced,D3 Applied,How do wildcards affect method overloading?
392,79,2,Q2098,6,Generics,Generics,Core Java,Generics,Generics Advanced,D3 Applied,"What is the difference between covariance, contravariance, and invariance in the context of Java generics?"
393,79,3,Q0433,6,Generics,Generics,Core Java,Generics,Generics,D5 Advanced/Design,How would you design a Generic Method that can sort any type of List?
394,79,4,Q0293,7,Collections,Collections Framework Overview,Collections,Collections Framework Overview,Collections,D1 Foundation,What are the major collections we have?
395,79,5,Q0294,7,Collections,Collections Framework Overview,Collections,Collections Framework Overview,Collections / EnumMap,D1 Foundation,What is an EnumMap?
396,80,1,Q0295,7,Collections,Collections Framework Overview,Collections,Collections Framework Overview,Collections / Map,D1 Foundation,What are IdentityHashMap and WeakHashMap?
397,80,2,Q0296,7,Collections,Collections Framework Overview,Collections,Collections Framework Overview,List / Collections,D1 Foundation,What are the main implementations of the List interface?
398,80,3,Q0297,7,Collections,Collections Framework Overview,Collections,Collections Framework Overview,Collections,D2 Core,What is the difference between Set and ArrayList? What are they used for and why have they been created?
399,80,4,Q0298,7,Collections,Collections Framework Overview,Collections,Collections Framework Overview,Collections,D2 Core,Do you know about HashSet and TreeSet?
400,80,5,Q0299,7,Collections,Collections Framework Overview,Collections,Collections Framework Overview,Collections,D2 Core,"You need to store large data, preserve insertion order and perform fast lookups. Which collection would you choose and why?"
401,81,1,Q0300,7,Collections,Collections Framework Overview,Collections,Collections Framework Overview,Collections,D2 Core,Which collection should you use if you want to avoid duplicates and maintain insertion order?
402,81,2,Q0301,7,Collections,Collections Framework Overview,Collections,Collections Framework Overview,Collections,D2 Core,"You are given ArrayList, LinkedList and HashSet. Can you tell me when we should use each one and give a real-world example?"
403,81,3,Q0302,7,Collections,Collections Framework Overview,Collections,Collections Framework Overview,Collections,D2 Core,Can you tell me the difference between ArrayList and LinkedList?
404,81,4,Q0303,7,Collections,Collections Framework Overview,Collections,Collections Framework Overview,Collections,D2 Core,In what scenarios would you prefer ArrayList over LinkedList or one over the other?
405,81,5,Q0304,7,Collections,Collections Framework Overview,Collections,Collections Framework Overview,Collections,D2 Core,Can you explain the concept of the Java Collection Framework?
406,82,1,Q0305,7,Collections,Collections Framework Overview,Collections,Collections Framework Overview,Collections,D2 Core,What's the difference between HashMap and TreeMap in terms of performance and ordering?
407,82,2,Q0306,7,Collections,Collections Framework Overview,Collections,Collections Framework Overview,Collections,D2 Core,Can you tell me the difference between Comparable and Comparator Interfaces?
408,82,3,Q0307,7,Collections,Collections Framework Overview,Collections,Collections Framework Overview,Collections,D2 Core,What is the difference between a Sorted Collection and an Ordered Collection?
409,82,4,Q0308,7,Collections,Collections Framework Overview,Collections,Collections Framework Overview,Collections / ConcurrentModificationException,D2 Core,Can you tell me a scenario that causes a ConcurrentModificationException?
410,82,5,Q0309,7,Collections,Collections Framework Overview,Collections,Collections Framework Overview,Collections / EnumSet,D2 Core,Why is EnumSet more efficient than a regular HashSet for Enums?
411,83,1,Q0310,7,Collections,Collections Framework Overview,Collections,Collections Framework Overview,Collections / Sorting,D2 Core,What's the difference between Arrays.sort() and Collections.sort()?
412,83,2,Q0311,7,Collections,Collections Framework Overview,Collections,Collections Framework Overview,Polymorphism / Collections,D2 Core,How does polymorphism benefit the Java Collections Framework?
413,83,3,Q0312,7,Collections,Collections Framework Overview,Collections,Collections Framework Overview,Set / Collections,D2 Core,How do you store elements in a Set to preserve insertion order? Which Set would you use?
414,83,4,Q0313,7,Collections,Collections Framework Overview,Collections,Collections Framework Overview,Collections / Sorting,D3 Applied,Do you know which sorting algorithms Arrays.sort() and Collections.sort() use internally?
415,83,5,Q0314,7,Collections,Collections Framework Overview,Collections,Collections Framework Overview,Collections / Sorting,D3 Applied,"How does Collections.sort() work internally, and which Sorting Algorithm does it use?"
416,84,1,Q0315,7,Collections,Collections Framework Overview,Collections,Collections Framework Overview,Java Coding / Collections,D3 Applied,Can we use a Map and store how many times each element occurs to solve the duplicate-element problem?
417,84,2,Q0316,7,Collections,Collections Framework Overview,Collections,Collections Framework Overview,Java Coding / Collections,D3 Applied,"You are given a list containing duplicate and unique numbers. Print only the unique numbers. For example, if the list is 1, 1, 2, 2, 3, print 3."
418,84,3,Q0317,7,Collections,Collections Framework Overview,Collections,Collections Framework Overview,Java Coding / Collections,D3 Applied,You are given a list of numbers. Print the third-highest number from the list.
419,84,4,Q0318,7,Collections,Collections Framework Overview,Collections,Collections Framework Overview,Collections,D4 Experience,Have you worked with collections in Java?
420,84,5,Q0319,7,Collections,Collections Framework Overview,Collections,Collections Framework Overview,Collections,D4 Experience,What type of collections have you incorporated in your projects?
421,85,1,Q0320,7,Collections,Collections Framework Overview,Collections,Collections Framework Overview,Collections,D4 Experience,Can you tell me a few best practices you consider when applying collections in your project?
422,85,2,Q0321,7,Collections,Collections Framework Overview,Collections,Collections Framework Overview,Collections,D4 Experience,Have you used ArrayList in your project?
423,85,3,Q0322,7,Collections,Collections Framework Overview,Collections,Collections Framework Overview,Collections,D4 Experience,Have you used LinkedList in your project?
424,85,4,Q0323,7,Collections,Collections Framework Overview,Collections,Collections Framework Overview,Collections,D4 Experience,Can you describe a complex problem you solved using a Java Collection?
425,85,5,Q0324,7,Collections,Collections Framework Overview,Collections,Collections Framework Overview,Collections,D4 Experience,Can you tell me a few Collection names that you are using in your project?
426,86,1,Q0325,7,Collections,Collections Framework Overview,Collections,Collections Framework Overview,Collections,D4 Experience,"Have you used List, LinkedList and HashSet in your project?"
427,86,2,Q0326,7,Collections,Collections Framework Overview,Collections,Collections Framework Overview,Collections,D4 Experience,Where have you used List and HashSet? Can you tell me the situations?
428,86,3,Q0327,7,Collections,Collections Framework Overview,Collections,Collections Framework Overview,Collections / Sorting,D4 Experience,Have you used Arrays.sort() and Collections.sort()?
429,86,4,Q0328,7,Collections,List & ArrayList,Collections,List & ArrayList,ArrayList,D2 Core,What will happen if you remove an element from an ArrayList while iterating over it using an enhanced for loop?
430,86,5,Q0329,7,Collections,List & ArrayList,Collections,List & ArrayList,ArrayList,D2 Core,What's the default capacity of an ArrayList?
431,87,1,Q0330,7,Collections,List & ArrayList,Collections,List & ArrayList,Collections / List,D2 Core,You have a List of Integer and call list.remove(1). Does it remove the element at index 1 or the integer value 1?
432,87,2,Q0331,7,Collections,List & ArrayList,Collections,List & ArrayList,ArrayList Internals,D3 Applied,How does an ArrayList grow when it exceeds its current capacity?
433,87,3,Q0332,7,Collections,List & ArrayList,Collections,List & ArrayList,ArrayList,D4 Experience,Have you used ArrayList in your project?
434,87,4,Q0333,7,Collections,LinkedList,Collections,LinkedList,ArrayList / LinkedList,D2 Core,In which scenarios is LinkedList preferred over ArrayList?
435,87,5,Q0334,7,Collections,LinkedList,Collections,LinkedList,LinkedList,D4 Experience,Can you tell me the use case of LinkedList in your project?
436,88,1,Q0335,7,Collections,LinkedList,Collections,LinkedList,LinkedList,D4 Experience,Have you used LinkedList in your project?
437,88,2,Q0336,7,Collections,"Set, HashSet & TreeSet",Collections,"Set, HashSet & TreeSet",Collections / HashSet,D1 Foundation,What is the average Lookup Time for a HashSet?
438,88,3,Q0337,7,Collections,"Set, HashSet & TreeSet",Collections,"Set, HashSet & TreeSet",Collections / HashSet,D1 Foundation,What is the Load Factor in a HashSet or Hash-based Collection?
439,88,4,Q0338,7,Collections,"Set, HashSet & TreeSet",Collections,"Set, HashSet & TreeSet",HashSet,D2 Core,"In Collections, how does HashSet ensure that there are no duplicates?"
440,88,5,Q0339,7,Collections,"Set, HashSet & TreeSet",Collections,"Set, HashSet & TreeSet",HashSet / Equals & HashCode,D2 Core,"You want to store Custom Objects in a HashSet, but duplicates are being added. What could be wrong in the Object design?"
441,89,1,Q0340,7,Collections,"Set, HashSet & TreeSet",Collections,"Set, HashSet & TreeSet",HashSet / Mutable Object,D2 Core,What happens if you add a mutable object to a HashSet and then change it?
442,89,2,Q0341,7,Collections,"Set, HashSet & TreeSet",Collections,"Set, HashSet & TreeSet",HashSet / TreeSet,D2 Core,Can you give me an example where you would use HashSet and a scenario where TreeSet is more appropriate?
443,89,3,Q0342,7,Collections,"Set, HashSet & TreeSet",Collections,"Set, HashSet & TreeSet",TreeSet,D2 Core,Does TreeSet allow null values? Why?
444,89,4,Q0343,7,Collections,"Set, HashSet & TreeSet",Collections,"Set, HashSet & TreeSet",TreeSet,D2 Core,Can a TreeSet contain null?
445,89,5,Q0344,7,Collections,"Set, HashSet & TreeSet",Collections,"Set, HashSet & TreeSet",Collections / TreeSet,D3 Applied,How does a TreeSet sort Objects internally?
446,90,1,Q0345,7,Collections,"Set, HashSet & TreeSet",Collections,"Set, HashSet & TreeSet",HashSet Internals,D3 Applied,What's the internal working of HashSet?
447,90,2,Q0346,7,Collections,"Set, HashSet & TreeSet",Collections,"Set, HashSet & TreeSet",HashSet Internals,D3 Applied,Is there any role of a Red-Black Tree in HashSet?
448,90,3,Q0347,7,Collections,"Set, HashSet & TreeSet",Collections,"Set, HashSet & TreeSet",HashSet Internals,D3 Applied,"HashSet internally uses HashMap. Is the actual HashSet element stored as the HashMap Key or Value, and what is stored in the other part?"
449,90,4,Q0348,7,Collections,"Set, HashSet & TreeSet",Collections,"Set, HashSet & TreeSet",TreeSet,D4 Experience,Have you used TreeSet in your project?
450,90,5,Q0349,7,Collections,"Set, HashSet & TreeSet",Collections,"Set, HashSet & TreeSet",Collections / HashSet,D5 Advanced/Design,You are reading millions of records from a file and need to remove duplicates efficiently. Which Collection would you use and why?
451,91,1,Q0350,7,Collections,Map & HashMap,Collections,Map & HashMap,HashMap,D1 Foundation,What is hash collision?
452,91,2,Q0351,7,Collections,Map & HashMap,Collections,Map & HashMap,HashMap,D1 Foundation,What are the issues with using a mutable object as a key in a HashMap?
453,91,3,Q0352,7,Collections,Map & HashMap,Collections,Map & HashMap,HashMap,D1 Foundation,What is the Default Load Factor of a HashMap?
454,91,4,Q0353,7,Collections,Map & HashMap,Collections,Map & HashMap,HashMap,D2 Core,Can you explain how HashMap works in Java?
455,91,5,Q0354,7,Collections,Map & HashMap,Collections,Map & HashMap,HashMap,D2 Core,What happens when two keys have the same hash code?
456,92,1,Q0355,7,Collections,Map & HashMap,Collections,Map & HashMap,HashMap,D2 Core,Do we have any solution for the collisions?
457,92,2,Q0356,7,Collections,Map & HashMap,Collections,Map & HashMap,HashMap,D2 Core,Can we include a class as a key in HashMap?
458,92,3,Q0357,7,Collections,Map & HashMap,Collections,Map & HashMap,HashMap,D2 Core,Can a HashMap have null keys and null values?
459,92,4,Q0358,7,Collections,Map & HashMap,Collections,Map & HashMap,HashMap,D2 Core,Can a HashMap have multiple null keys?
460,92,5,Q0359,7,Collections,Map & HashMap,Collections,Map & HashMap,HashMap,D2 Core,What happens during a HashMap collision?
461,93,1,Q0360,7,Collections,Map & HashMap,Collections,Map & HashMap,HashMap,D2 Core,What happens if you insert 33 elements into a HashMap?
462,93,2,Q0361,7,Collections,Map & HashMap,Collections,Map & HashMap,HashMap / Immutability,D2 Core,Why should we use immutable objects as keys in a Map?
463,93,3,Q0362,7,Collections,Map & HashMap,Collections,Map & HashMap,HashMap / LinkedHashMap,D2 Core,Why is HashMap not ordered like LinkedHashMap?
464,93,4,Q0363,7,Collections,Map & HashMap,Collections,Map & HashMap,LinkedHashMap,D2 Core,What's the average lookup time in LinkedHashMap?
465,93,5,Q0364,7,Collections,Map & HashMap,Collections,Map & HashMap,LinkedHashMap,D2 Core,Can you tell me the internal working of LinkedHashMap?
466,94,1,Q0365,7,Collections,Map & HashMap,Collections,Map & HashMap,WeakHashMap,D2 Core,"What is a WeakHashMap, and how do Weak References affect its entries?"
467,94,2,Q0366,7,Collections,Map & HashMap,Collections,Map & HashMap,HashMap,D3 Applied,"When a lot of collisions happen, what actually happens internally? After Java 8, do we use a Red-Black Tree as well?"
468,94,3,Q0367,7,Collections,Map & HashMap,Collections,Map & HashMap,HashMap,D3 Applied,How does HashMap work internally? Explain its internal working before Java 8 and after Java 8.
469,94,4,Q0368,7,Collections,Map & HashMap,Collections,Map & HashMap,HashMap,D3 Applied,"When we put an element into HashMap, where is it stored? Is it stored in a linked list, Red-Black Tree, or something else?"
470,94,5,Q0369,7,Collections,Map & HashMap,Collections,Map & HashMap,HashMap,D3 Applied,Which algorithm does HashMap use internally?
471,95,1,Q0370,7,Collections,Map & HashMap,Collections,Map & HashMap,HashMap,D3 Applied,Can you tell me the root principle of HashMap? On which data structure is HashMap dependent internally?
472,95,2,Q0371,7,Collections,Map & HashMap,Collections,Map & HashMap,HashMap,D3 Applied,What enhancement was done in HashMap in Java 8 compared with prior Java versions?
473,95,3,Q0372,7,Collections,Map & HashMap,Collections,Map & HashMap,HashMap,D3 Applied,What changes were made to HashMap in Java 8 compared with earlier versions?
474,95,4,Q0373,7,Collections,Map & HashMap,Collections,Map & HashMap,HashMap,D3 Applied,What changes were introduced in HashMap in Java 8?
475,95,5,Q0374,7,Collections,Map & HashMap,Collections,Map & HashMap,HashMap,D3 Applied,Were there changes in HashMap before Java 8 and after Java 8? What changed?
476,96,1,Q0375,7,Collections,Map & HashMap,Collections,Map & HashMap,HashMap,D3 Applied,What happens internally when you put a key into a HashMap that already exists?
477,96,2,Q0376,7,Collections,Map & HashMap,Collections,Map & HashMap,HashMap,D3 Applied,Is HashMap organized or sorted internally?
478,96,3,Q0377,7,Collections,Map & HashMap,Collections,Map & HashMap,HashMap,D3 Applied,When does HashMap convert a bucket from a LinkedList into a Tree internally?
479,96,4,Q0378,7,Collections,Map & HashMap,Collections,Map & HashMap,HashMap,D3 Applied,What happens internally when you insert a null key into a HashMap?
480,96,5,Q0379,7,Collections,Map & HashMap,Collections,Map & HashMap,HashMap,D3 Applied,Can you design and implement your own HashMap?
481,97,1,Q0380,7,Collections,Map & HashMap,Collections,Map & HashMap,HashMap,D3 Applied,Why is equals() called less frequently than hashCode() during HashMap operations?
482,97,2,Q0381,7,Collections,Map & HashMap,Collections,Map & HashMap,HashMap / Complexity,D3 Applied,"What is the time complexity of common HashMap operations such as insertion, deletion and retrieval?"
483,97,3,Q0382,7,Collections,Map & HashMap,Collections,Map & HashMap,HashMap / Complexity,D3 Applied,What is the worst-case time complexity of HashMap if all keys have the same Hash Code?
484,97,4,Q0383,7,Collections,Map & HashMap,Collections,Map & HashMap,HashMap / Custom Implementation,D3 Applied,Can we implement our own HashMap in Java?
485,97,5,Q0384,7,Collections,Map & HashMap,Collections,Map & HashMap,LinkedHashMap / LRU Cache,D3 Applied,Why is LinkedHashMap commonly used to implement an LRU Cache?
486,98,1,Q0385,7,Collections,Map & HashMap,Collections,Map & HashMap,HashMap,D4 Experience,Have you worked with HashMap?
487,98,2,Q0386,7,Collections,Map & HashMap,Collections,Map & HashMap,Map,D4 Experience,What's the usage of Map in your project?
488,98,3,Q0387,7,Collections,Map & HashMap,Collections,Map & HashMap,WeakHashMap,D4 Experience,Did you get a chance to work with WeakHashMap?
489,98,4,Q0388,7,Collections,Map & HashMap,Collections,Map & HashMap,HashMap / Immutability,D5 Advanced/Design,How can you design a custom object to be safely used as a key in a HashMap?
490,98,5,Q0389,7,Collections,Sorted Maps & TreeMap,Collections,Sorted Maps & TreeMap,TreeMap,D2 Core,What considerations must be taken into account when using Custom Objects as Keys in a TreeMap?
491,99,1,Q0390,7,Collections,Sorted Maps & TreeMap,Collections,Sorted Maps & TreeMap,TreeMap,D2 Core,What happens if two Keys compare as equal in a TreeMap?
492,99,2,Q0391,7,Collections,Sorted Maps & TreeMap,Collections,Sorted Maps & TreeMap,TreeMap / Complexity,D3 Applied,What is the time complexity of TreeMap operations?
493,99,3,Q0412,7,Collections,"Queue, Deque & PriorityQueue",Collections,"Queue, Deque & PriorityQueue",PriorityQueue,D1 Foundation,"What is a PriorityQueue, and how is its Priority determined?"
494,99,4,Q0413,7,Collections,"Queue, Deque & PriorityQueue",Collections,"Queue, Deque & PriorityQueue",Collections / PriorityQueue,D2 Core,"Describe a scenario where you would use a PriorityQueue, and explain why you would choose it over other types of Queues."
495,99,5,Q0414,7,Collections,"Iterator, Comparable, Comparator & Sorting",Collections,"Iterator, Comparable, Comparator & Sorting",Comparator / Comparable,D1 Foundation,What are Comparator and Comparable used for?
496,100,1,Q0415,7,Collections,"Iterator, Comparable, Comparator & Sorting",Collections,"Iterator, Comparable, Comparator & Sorting",Collections / Comparable / Comparator,D2 Core,"If a Class implements Comparable but a Custom Comparator is supplied while sorting, which ordering takes precedence?"
497,100,2,Q0416,7,Collections,"Iterator, Comparable, Comparator & Sorting",Collections,"Iterator, Comparable, Comparator & Sorting",Collections / Iterator,D2 Core,What is the difference between Iterator and ListIterator?
498,100,3,Q0417,7,Collections,"Iterator, Comparable, Comparator & Sorting",Collections,"Iterator, Comparable, Comparator & Sorting",Collections / Iterators,D2 Core,Do you know the difference between Fail-Fast and Fail-Safe Iterators?
499,100,4,Q0418,7,Collections,"Iterator, Comparable, Comparator & Sorting",Collections,"Iterator, Comparable, Comparator & Sorting",Comparable,D2 Core,Do you know about the Comparable Interface?
500,100,5,Q0419,7,Collections,"Iterator, Comparable, Comparator & Sorting",Collections,"Iterator, Comparable, Comparator & Sorting",Comparable,D2 Core,Can a Class have multiple Natural Orderings through Comparable?
501,101,1,Q0420,7,Collections,"Iterator, Comparable, Comparator & Sorting",Collections,"Iterator, Comparable, Comparator & Sorting",Comparable / Comparator,D2 Core,Do you know the difference between Comparable and Comparator?
502,101,2,Q0421,7,Collections,"Iterator, Comparable, Comparator & Sorting",Collections,"Iterator, Comparable, Comparator & Sorting",Comparable / Comparator,D2 Core,"Can you tell me the difference between Comparable and Comparator, and which would you use to sort a list of employees by salary?"
503,101,3,Q0422,7,Collections,"Iterator, Comparable, Comparator & Sorting",Collections,"Iterator, Comparable, Comparator & Sorting",Comparable / Comparator,D2 Core,"If a Class implements Comparable and you provide a Custom Comparator while sorting, which one takes precedence?"
504,101,4,Q0423,7,Collections,"Iterator, Comparable, Comparator & Sorting",Collections,"Iterator, Comparable, Comparator & Sorting",Comparator,D2 Core,Give me a scenario where we should use Comparator.
505,101,5,Q0424,7,Collections,"Iterator, Comparable, Comparator & Sorting",Collections,"Iterator, Comparable, Comparator & Sorting",TreeMap / Comparator,D2 Core,"You use a custom Comparator for a TreeMap, but some elements are not getting inserted. What might be wrong?"
506,102,1,Q0425,7,Collections,"Iterator, Comparable, Comparator & Sorting",Collections,"Iterator, Comparable, Comparator & Sorting",TreeSet / Comparator,D2 Core,"If a Comparator returns 0 for two Objects, what happens when those Objects are added to a TreeSet?"
507,102,2,Q0426,7,Collections,"Iterator, Comparable, Comparator & Sorting",Collections,"Iterator, Comparable, Comparator & Sorting",Java Sorting Internals,D3 Applied,"Internally, which algorithm does Collections.sort() use?"
508,102,3,Q0427,7,Collections,"Iterator, Comparable, Comparator & Sorting",Collections,"Iterator, Comparable, Comparator & Sorting",Comparable / Comparator,D4 Experience,"Have you customized sorting before? If yes, for what purpose?"
509,102,4,Q0434,8,"Functional Java, Optional & Streams","Functional Programming, Lambdas & Functional Interfaces",Modern Java,"Functional Programming, Lambdas & Functional Interfaces",Java 8 / Lambda,D1 Foundation,What is Type Inference in Lambda Expressions?
510,102,5,Q0435,8,"Functional Java, Optional & Streams","Functional Programming, Lambdas & Functional Interfaces",Modern Java,"Functional Programming, Lambdas & Functional Interfaces",Java 8 / Method References,D1 Foundation,What are the different types of Method References in Java?
511,103,1,Q0436,8,"Functional Java, Optional & Streams","Functional Programming, Lambdas & Functional Interfaces",Modern Java,"Functional Programming, Lambdas & Functional Interfaces",Functional Interface,D2 Core,Can you explain what functional interfaces are?
512,103,2,Q0437,8,"Functional Java, Optional & Streams","Functional Programming, Lambdas & Functional Interfaces",Modern Java,"Functional Programming, Lambdas & Functional Interfaces",Functional Interface,D2 Core,Can a functional interface extend another interface?
513,103,3,Q0438,8,"Functional Java, Optional & Streams","Functional Programming, Lambdas & Functional Interfaces",Modern Java,"Functional Programming, Lambdas & Functional Interfaces",Functional Interface,D2 Core,"Can you please explain the functional interfaces like Predicate, Function and Consumer, and give a real-world use case for each?"
514,103,4,Q0439,8,"Functional Java, Optional & Streams","Functional Programming, Lambdas & Functional Interfaces",Modern Java,"Functional Programming, Lambdas & Functional Interfaces",Functional Interface,D2 Core,What will happen if you create your own functional interface with two abstract methods?
515,103,5,Q0440,8,"Functional Java, Optional & Streams","Functional Programming, Lambdas & Functional Interfaces",Modern Java,"Functional Programming, Lambdas & Functional Interfaces",Functional Interface,D2 Core,Do you know about Functional Interfaces introduced in Java 8?
516,104,1,Q0441,8,"Functional Java, Optional & Streams","Functional Programming, Lambdas & Functional Interfaces",Modern Java,"Functional Programming, Lambdas & Functional Interfaces",Functional Interface,D2 Core,Can a Functional Interface have default or static methods?
517,104,2,Q0442,8,"Functional Java, Optional & Streams","Functional Programming, Lambdas & Functional Interfaces",Modern Java,"Functional Programming, Lambdas & Functional Interfaces",Functional Interface / Comparable,D2 Core,Comparable has one abstract method. Why is Comparable not a Functional Interface?
518,104,3,Q0443,8,"Functional Java, Optional & Streams","Functional Programming, Lambdas & Functional Interfaces",Modern Java,"Functional Programming, Lambdas & Functional Interfaces",Functional Interface / Comparable,D2 Core,Why is Comparable not considered a Functional Interface even though it has one abstract method?
519,104,4,Q0444,8,"Functional Java, Optional & Streams","Functional Programming, Lambdas & Functional Interfaces",Modern Java,"Functional Programming, Lambdas & Functional Interfaces",Functional Programming,D2 Core,Can you please tell me how Java supports functional programming?
520,104,5,Q0445,8,"Functional Java, Optional & Streams","Functional Programming, Lambdas & Functional Interfaces",Modern Java,"Functional Programming, Lambdas & Functional Interfaces",Java 8 / Lambda,D2 Core,Why were Lambda Expressions introduced in Java 8?
521,105,1,Q0446,8,"Functional Java, Optional & Streams","Functional Programming, Lambdas & Functional Interfaces",Modern Java,"Functional Programming, Lambdas & Functional Interfaces",Java 8 / Lambda,D2 Core,How do Lambda Expressions differ from Anonymous Classes?
522,105,2,Q0447,8,"Functional Java, Optional & Streams","Functional Programming, Lambdas & Functional Interfaces",Modern Java,"Functional Programming, Lambdas & Functional Interfaces",Java 8 / Lambda,D2 Core,"Can Lambda Expressions access Non-Final Local Variables, and what happens if you try to modify such a Variable inside the Lambda?"
523,105,3,Q0448,8,"Functional Java, Optional & Streams","Functional Programming, Lambdas & Functional Interfaces",Modern Java,"Functional Programming, Lambdas & Functional Interfaces",Java 8 / Method Reference,D2 Core,"Can Method References be used with Overloaded Methods, and how is the correct overloaded method resolved?"
524,105,4,Q0449,8,"Functional Java, Optional & Streams","Functional Programming, Lambdas & Functional Interfaces",Modern Java,"Functional Programming, Lambdas & Functional Interfaces",Java 8 / Method Reference,D2 Core,"Given a List of Strings, how would you print each String using a Method Reference?"
525,105,5,Q0450,8,"Functional Java, Optional & Streams","Functional Programming, Lambdas & Functional Interfaces",Modern Java,"Functional Programming, Lambdas & Functional Interfaces",Lambda Expression,D2 Core,Can you explain lambda expression and how they improve code readability compared to anonymous classes?
526,106,1,Q0451,8,"Functional Java, Optional & Streams","Functional Programming, Lambdas & Functional Interfaces",Modern Java,"Functional Programming, Lambdas & Functional Interfaces",Lambda Expression,D2 Core,Can you explain how this keyword behaves differently inside a lambda versus an anonymous inner class?
527,106,2,Q0452,8,"Functional Java, Optional & Streams","Functional Programming, Lambdas & Functional Interfaces",Modern Java,"Functional Programming, Lambdas & Functional Interfaces",Lambda Expression,D2 Core,How could we write Lambda expressions in our code? How could we utilize Lambda expressions?
528,106,3,Q0453,8,"Functional Java, Optional & Streams","Functional Programming, Lambdas & Functional Interfaces",Modern Java,"Functional Programming, Lambdas & Functional Interfaces",Lambda Expression / Functional Interface,D2 Core,How is Lambda expression related to Functional Interfaces?
529,106,4,Q0454,8,"Functional Java, Optional & Streams","Functional Programming, Lambdas & Functional Interfaces",Modern Java,"Functional Programming, Lambdas & Functional Interfaces",Lambda Expressions,D2 Core,"Can a Lambda access or modify a Non-Final Local Variable, and what happens if it tries?"
530,106,5,Q0455,8,"Functional Java, Optional & Streams","Functional Programming, Lambdas & Functional Interfaces",Modern Java,"Functional Programming, Lambdas & Functional Interfaces",Lambda Expressions / Exception Handling,D2 Core,Can a Lambda Expression throw a Checked Exception?
531,107,1,Q0456,8,"Functional Java, Optional & Streams","Functional Programming, Lambdas & Functional Interfaces",Modern Java,"Functional Programming, Lambdas & Functional Interfaces",Functional Interface,D4 Experience,What challenges did you face while implementing Functional Interfaces in legacy code?
532,107,2,Q0480,8,"Functional Java, Optional & Streams",Optional,Modern Java,Optional,Optional,D2 Core,What problem does the Optional class solve in Java 8?
533,107,3,Q0481,8,"Functional Java, Optional & Streams",Optional,Modern Java,Optional,Optional,D2 Core,Why is returning Optional from a getter method not recommended?
534,107,4,Q0482,8,"Functional Java, Optional & Streams",Optional,Modern Java,Optional,Optional,D2 Core,Do you know Optional in Java?
535,107,5,Q0483,8,"Functional Java, Optional & Streams",Optional,Modern Java,Optional,Optional,D2 Core,Why was the Optional class introduced in Java?
536,108,1,Q0484,8,"Functional Java, Optional & Streams",Optional,Modern Java,Optional,Optional,D2 Core,"Besides Null Handling, what other advantages does the Optional class provide?"
537,108,2,Q0485,8,"Functional Java, Optional & Streams",Optional,Modern Java,Optional,Optional,D2 Core,"How is Optional intended to be used, and how is it commonly misused?"
538,108,3,Q0486,8,"Functional Java, Optional & Streams",Optional,Modern Java,Optional,Optional,D2 Core,What is the difference between orElse() and orElseGet()?
539,108,4,Q0487,8,"Functional Java, Optional & Streams",Optional,Modern Java,Optional,Optional,D2 Core,Why can calling Optional.get() be dangerous?
540,108,5,Q0488,8,"Functional Java, Optional & Streams",Optional,Modern Java,Optional,Optional,D2 Core,Why is Optional.get() dangerous?
541,109,1,Q0489,8,"Functional Java, Optional & Streams",Optional,Modern Java,Optional,Optional,D2 Core,What is the difference between Optional.of() and Optional.ofNullable()?
542,109,2,Q0490,8,"Functional Java, Optional & Streams",Optional,Modern Java,Optional,Optional,D4 Experience,Have you used Optional personally?
543,109,3,Q0491,8,"Functional Java, Optional & Streams",Optional,Modern Java,Optional,Optional,D4 Experience,Do you use Optional practically in your project?
544,109,4,Q0492,8,"Functional Java, Optional & Streams",Optional,Modern Java,Optional,Optional,D4 Experience,Did you guys leverage the Optional class?
545,109,5,Q0493,8,"Functional Java, Optional & Streams",Optional,Modern Java,Optional,Optional,D4 Experience,Can you tell me a particular scenario where you used Optional?
546,110,1,Q0457,8,"Functional Java, Optional & Streams",Streams,Modern Java,Streams,Parallel Streams,D1 Foundation,What are the drawbacks of using Parallel Streams?
547,110,2,Q0458,8,"Functional Java, Optional & Streams",Streams,Modern Java,Streams,Stream API,D1 Foundation,What are Java Streams?
548,110,3,Q0459,8,"Functional Java, Optional & Streams",Streams,Modern Java,Streams,Stream API,D1 Foundation,What is the purpose of the peek() operation in Stream API?
549,110,4,Q0460,8,"Functional Java, Optional & Streams",Streams,Modern Java,Streams,Stream API,D1 Foundation,What are the Best Practices for writing and optimizing Stream API code?
550,110,5,Q0461,8,"Functional Java, Optional & Streams",Streams,Modern Java,Streams,Parallel Streams / Reduce,D2 Core,How can reduce() cause problems or Performance Issues when used with Parallel Streams?
551,111,1,Q0462,8,"Functional Java, Optional & Streams",Streams,Modern Java,Streams,Stream API,D2 Core,What is the difference between filter and map functions of Stream API?
552,111,2,Q0463,8,"Functional Java, Optional & Streams",Streams,Modern Java,Streams,Stream API,D2 Core,Do you know about intermediate and terminal operations in Streams?
553,111,3,Q0464,8,"Functional Java, Optional & Streams",Streams,Modern Java,Streams,Stream API,D2 Core,What's the difference between map() and flatMap()?
554,111,4,Q0465,8,"Functional Java, Optional & Streams",Streams,Modern Java,Streams,Stream API,D2 Core,In which scenarios would you prefer flatMap()?
555,111,5,Q0466,8,"Functional Java, Optional & Streams",Streams,Modern Java,Streams,Stream API,D2 Core,How would you use Streams to filter and map a collection of objects?
556,112,1,Q0467,8,"Functional Java, Optional & Streams",Streams,Modern Java,Streams,Stream API,D2 Core,Can you explain how Java 8 Stream API enhances collection processing?
557,112,2,Q0468,8,"Functional Java, Optional & Streams",Streams,Modern Java,Streams,Stream API,D2 Core,What is the difference between Intermediate and Terminal Operations in Stream API?
558,112,3,Q0469,8,"Functional Java, Optional & Streams",Streams,Modern Java,Streams,Stream API,D2 Core,What's the use of the reduce() method in Streams?
559,112,4,Q0470,8,"Functional Java, Optional & Streams",Streams,Modern Java,Streams,Stream API,D2 Core,What's the difference between writing code with traditional loops and with Stream API?
560,112,5,Q0471,8,"Functional Java, Optional & Streams",Streams,Modern Java,Streams,Stream API,D2 Core,In which scenarios would you avoid Streams and prefer a plain for loop?
561,113,1,Q0472,8,"Functional Java, Optional & Streams",Streams,Modern Java,Streams,Stream API,D2 Core,How does Stream Immutability improve reliability and maintainability in Functional Programming?
562,113,2,Q0473,8,"Functional Java, Optional & Streams",Streams,Modern Java,Streams,Stream API / Collectors,D2 Core,What is the difference between Collectors.groupingBy() and Collectors.partitioningBy()?
563,113,3,Q0474,8,"Functional Java, Optional & Streams",Streams,Modern Java,Streams,Stream API / Parallel Stream,D2 Core,"How does Parallel Stream enhance performance, and when should it be used?"
564,113,4,Q0475,8,"Functional Java, Optional & Streams",Streams,Modern Java,Streams,Stream API / Parallel Stream,D2 Core,You need to process a large collection of objects in the shortest possible time. How would you decide whether to use Parallel Stream or Sequential Stream?
565,113,5,Q0476,8,"Functional Java, Optional & Streams",Streams,Modern Java,Streams,Stream API / Parallel Streams,D2 Core,"Under what conditions might a Parallel Stream not provide a performance benefit, and how could that affect the application?"
566,114,1,Q0477,8,"Functional Java, Optional & Streams",Streams,Modern Java,Streams,Stream API / Parallel Streams,D2 Core,How can reduce() cause problems when used with Parallel Streams?
567,114,2,Q0479,8,"Functional Java, Optional & Streams",Streams,Modern Java,Streams,Stream API,D4 Experience,Have you worked on Stream APIs?
568,114,3,Q2099,9,"I/O, NIO, Serialization & Networking","Core Java I/O, Files, NIO & Import/Export",Core Java,"Core Java I/O, Files, NIO & Import/Export",Java I/O / NIO.2,D2 Core,What is the difference between byte streams and character streams in Java?
569,114,4,Q2100,9,"I/O, NIO, Serialization & Networking","Core Java I/O, Files, NIO & Import/Export",Core Java,"Core Java I/O, Files, NIO & Import/Export",Java I/O / NIO.2,D2 Core,What is the difference between InputStream and Reader?
570,114,5,Q2101,9,"I/O, NIO, Serialization & Networking","Core Java I/O, Files, NIO & Import/Export",Core Java,"Core Java I/O, Files, NIO & Import/Export",Java I/O / NIO.2,D2 Core,What is the difference between OutputStream and Writer?
571,115,1,Q2102,9,"I/O, NIO, Serialization & Networking","Core Java I/O, Files, NIO & Import/Export",Core Java,"Core Java I/O, Files, NIO & Import/Export",Java I/O / NIO.2,D2 Core,What is the purpose of BufferedInputStream and BufferedOutputStream?
572,115,2,Q2103,9,"I/O, NIO, Serialization & Networking","Core Java I/O, Files, NIO & Import/Export",Core Java,"Core Java I/O, Files, NIO & Import/Export",Java I/O / NIO.2,D2 Core,What is the purpose of BufferedReader and BufferedWriter?
573,115,3,Q2104,9,"I/O, NIO, Serialization & Networking","Core Java I/O, Files, NIO & Import/Export",Core Java,"Core Java I/O, Files, NIO & Import/Export",Java I/O / NIO.2,D2 Core,What is the difference between BufferedReader and Scanner for reading text?
574,115,4,Q2105,9,"I/O, NIO, Serialization & Networking","Core Java I/O, Files, NIO & Import/Export",Core Java,"Core Java I/O, Files, NIO & Import/Export",Java I/O / NIO.2,D2 Core,What are FileInputStream and FileOutputStream used for?
575,115,5,Q2106,9,"I/O, NIO, Serialization & Networking","Core Java I/O, Files, NIO & Import/Export",Core Java,"Core Java I/O, Files, NIO & Import/Export",Java I/O / NIO.2,D2 Core,What are FileReader and FileWriter used for?
576,116,1,Q2107,9,"I/O, NIO, Serialization & Networking","Core Java I/O, Files, NIO & Import/Export",Core Java,"Core Java I/O, Files, NIO & Import/Export",Java I/O / NIO.2,D2 Core,"What is try-with-resources, and which objects can be used with it?"
577,116,2,Q2108,9,"I/O, NIO, Serialization & Networking","Core Java I/O, Files, NIO & Import/Export",Core Java,"Core Java I/O, Files, NIO & Import/Export",Java I/O / NIO.2,D2 Core,"What is AutoCloseable, and how does it support resource management?"
578,116,3,Q2109,9,"I/O, NIO, Serialization & Networking","Core Java I/O, Files, NIO & Import/Export",Core Java,"Core Java I/O, Files, NIO & Import/Export",Java I/O / NIO.2,D2 Core,In what order are multiple resources closed by try-with-resources?
579,116,4,Q2110,9,"I/O, NIO, Serialization & Networking","Core Java I/O, Files, NIO & Import/Export",Core Java,"Core Java I/O, Files, NIO & Import/Export",Java I/O / NIO.2,D2 Core,What happens to exceptions thrown while closing resources in try-with-resources?
580,116,5,Q2111,9,"I/O, NIO, Serialization & Networking","Core Java I/O, Files, NIO & Import/Export",Core Java,"Core Java I/O, Files, NIO & Import/Export",Java I/O / NIO.2,D2 Core,What are suppressed exceptions in Java?
581,117,1,Q2112,9,"I/O, NIO, Serialization & Networking","Core Java I/O, Files, NIO & Import/Export",Core Java,"Core Java I/O, Files, NIO & Import/Export",Java I/O / NIO.2,D2 Core,What is the difference between java.io.File and java.nio.file.Path?
582,117,2,Q2113,9,"I/O, NIO, Serialization & Networking","Core Java I/O, Files, NIO & Import/Export",Core Java,"Core Java I/O, Files, NIO & Import/Export",Java I/O / NIO.2,D2 Core,What is the purpose of the Files utility class in NIO.2?
583,117,3,Q2114,9,"I/O, NIO, Serialization & Networking","Core Java I/O, Files, NIO & Import/Export",Core Java,"Core Java I/O, Files, NIO & Import/Export",Java I/O / NIO.2,D2 Core,How do Files.readString and Files.writeString simplify text file operations?
584,117,4,Q2115,9,"I/O, NIO, Serialization & Networking","Core Java I/O, Files, NIO & Import/Export",Core Java,"Core Java I/O, Files, NIO & Import/Export",Java I/O / NIO.2,D2 Core,What is the difference between Files.readAllLines and streaming lines with Files.lines?
585,117,5,Q2116,9,"I/O, NIO, Serialization & Networking","Core Java I/O, Files, NIO & Import/Export",Core Java,"Core Java I/O, Files, NIO & Import/Export",Java I/O / NIO.2,D2 Core,"How do you copy, move, and delete files using java.nio.file.Files?"
586,118,1,Q2117,9,"I/O, NIO, Serialization & Networking","Core Java I/O, Files, NIO & Import/Export",Core Java,"Core Java I/O, Files, NIO & Import/Export",Java I/O / NIO.2,D2 Core,What is StandardOpenOption used for?
587,118,2,Q2118,9,"I/O, NIO, Serialization & Networking","Core Java I/O, Files, NIO & Import/Export",Core Java,"Core Java I/O, Files, NIO & Import/Export",Java I/O / NIO.2,D2 Core,"What is a Charset, and why does character encoding matter in file I/O?"
588,118,3,Q2119,9,"I/O, NIO, Serialization & Networking","Core Java I/O, Files, NIO & Import/Export",Core Java,"Core Java I/O, Files, NIO & Import/Export",Java I/O / NIO.2,D3 Applied,What is the difference between UTF-8 and the platform default charset in Java applications?
589,118,4,Q2120,9,"I/O, NIO, Serialization & Networking","Core Java I/O, Files, NIO & Import/Export",Core Java,"Core Java I/O, Files, NIO & Import/Export",Java I/O / NIO.2,D3 Applied,"What is a ByteBuffer, and what are position, limit, and capacity?"
590,118,5,Q2121,9,"I/O, NIO, Serialization & Networking","Core Java I/O, Files, NIO & Import/Export",Core Java,"Core Java I/O, Files, NIO & Import/Export",Java I/O / NIO.2,D3 Applied,"What is the difference between flip(), clear(), rewind(), and compact() on a Buffer?"
591,119,1,Q2122,9,"I/O, NIO, Serialization & Networking","Core Java I/O, Files, NIO & Import/Export",Core Java,"Core Java I/O, Files, NIO & Import/Export",Java I/O / NIO.2,D3 Applied,What is a Channel in Java NIO?
592,119,2,Q2123,9,"I/O, NIO, Serialization & Networking","Core Java I/O, Files, NIO & Import/Export",Core Java,"Core Java I/O, Files, NIO & Import/Export",Java I/O / NIO.2,D3 Applied,What is the difference between blocking I/O and non-blocking I/O at the Java NIO level?
593,119,3,Q2124,9,"I/O, NIO, Serialization & Networking","Core Java I/O, Files, NIO & Import/Export",Core Java,"Core Java I/O, Files, NIO & Import/Export",Java I/O / NIO.2,D3 Applied,What are FileChannel and SocketChannel used for?
594,119,4,Q2125,9,"I/O, NIO, Serialization & Networking","Core Java I/O, Files, NIO & Import/Export",Core Java,"Core Java I/O, Files, NIO & Import/Export",Java I/O / NIO.2,D3 Applied,What is a Selector in Java NIO?
595,119,5,Q2126,9,"I/O, NIO, Serialization & Networking","Core Java I/O, Files, NIO & Import/Export",Core Java,"Core Java I/O, Files, NIO & Import/Export",Java I/O / NIO.2,D3 Applied,"What is WatchService, and when would you use it?"
596,120,1,Q2127,9,"I/O, NIO, Serialization & Networking","Core Java I/O, Files, NIO & Import/Export",Core Java,"Core Java I/O, Files, NIO & Import/Export",Java I/O / NIO.2,D3 Applied,What is memory-mapped file I/O with FileChannel.map()?
597,120,2,Q2128,9,"I/O, NIO, Serialization & Networking","Core Java I/O, Files, NIO & Import/Export",Core Java,"Core Java I/O, Files, NIO & Import/Export",Java I/O / NIO.2,D3 Applied,What is the difference between serialization with ObjectOutputStream and ordinary file I/O?
598,120,3,Q0510,9,"I/O, NIO, Serialization & Networking","I/O, Files, NIO & Import/Export",Core Java,"I/O, Files, NIO & Import/Export",Import / Export,D4 Experience,How are you importing and exporting data? Can you tell me the technical part of that?
599,120,4,Q0511,9,"I/O, NIO, Serialization & Networking",Serialization,Core Java,Serialization,Serialization,D1 Foundation,Have you heard about Java serialization?
600,120,5,Q0512,9,"I/O, NIO, Serialization & Networking",Serialization,Core Java,Serialization,Serialization / Security,D1 Foundation,Have you heard about Java serialization attacks?
601,121,1,Q0513,9,"I/O, NIO, Serialization & Networking",Serialization,Core Java,Serialization,Serialization / Transient,D1 Foundation,What is this transient?
602,121,2,Q0514,9,"I/O, NIO, Serialization & Networking",Serialization,Core Java,Serialization,Serialization / Transient,D1 Foundation,Have you heard about the transient keyword?
603,121,3,Q0515,9,"I/O, NIO, Serialization & Networking",Serialization,Core Java,Serialization,Serialization,D2 Core,Do you know about serialized data?
604,121,4,Q0516,9,"I/O, NIO, Serialization & Networking",Serialization,Core Java,Serialization,Serialization,D2 Core,Why shouldn't we serialize data into a text file?
605,121,5,Q0517,9,"I/O, NIO, Serialization & Networking",Serialization,Core Java,Serialization,Serialization,D2 Core,"What happens if your Serializable class contains a member that is not Serializable, and how will you fix it?"
606,122,1,Q0518,9,"I/O, NIO, Serialization & Networking",Serialization,Core Java,Serialization,Serialization,D2 Core,Do you know about Marshalling and Unmarshalling?
607,122,2,Q0519,9,"I/O, NIO, Serialization & Networking",Serialization,Core Java,Serialization,Serialization,D2 Core,"What is serialVersionUID, and why is it used in Java Serialization?"
608,122,3,Q0520,9,"I/O, NIO, Serialization & Networking",Serialization,Core Java,Serialization,Serialization / Deserialization,D2 Core,"Are Serialization and Deserialization simple to implement, or can we face challenges with them?"
609,122,4,Q0521,9,"I/O, NIO, Serialization & Networking",Serialization,Core Java,Serialization,Serialization / Security,D2 Core,How can you secure a Java application against Serialization attacks?
610,122,5,Q0522,9,"I/O, NIO, Serialization & Networking",Serialization,Core Java,Serialization,Serialization / Transient,D2 Core,How can you prevent certain fields in a class from being serialized?
611,123,1,Q0523,9,"I/O, NIO, Serialization & Networking",Serialization,Core Java,Serialization,Serialization,D3 Applied,"What happens if a class does not implement Serializable, but its object is serialized?"
612,123,2,Q0524,9,"I/O, NIO, Serialization & Networking",Serialization,Core Java,Serialization,Deserialization,D4 Experience,What challenge did you face while deserializing data?
613,123,3,Q0525,9,"I/O, NIO, Serialization & Networking",Serialization,Core Java,Serialization,Serialization,D4 Experience,Have you worked with Serialization?
614,123,4,Q0526,9,"I/O, NIO, Serialization & Networking",Serialization,Core Java,Serialization,Serialization,D4 Experience,"Since your project imports, exports and fetches data, didn't you serialize data while fetching or saving it?"
615,123,5,Q0527,9,"I/O, NIO, Serialization & Networking",Serialization,Core Java,Serialization,Serialization / Deserialization,D4 Experience,Did you face any error or challenge while Serialization and Deserialization?
616,124,1,Q2209,9,"I/O, NIO, Serialization & Networking",Networking & HTTP,Core Java,Networking & HTTP,Java Networking,D2 Core,What is the difference between Socket and ServerSocket in Java?
617,124,2,Q2210,9,"I/O, NIO, Serialization & Networking",Networking & HTTP,Core Java,Networking & HTTP,Java Networking,D2 Core,What are the basic steps for creating a TCP client with java.net.Socket?
618,124,3,Q2211,9,"I/O, NIO, Serialization & Networking",Networking & HTTP,Core Java,Networking & HTTP,Java Networking,D2 Core,What are the basic steps for creating a TCP server with ServerSocket?
619,124,4,Q2212,9,"I/O, NIO, Serialization & Networking",Networking & HTTP,Core Java,Networking & HTTP,Java Networking,D2 Core,"What is DatagramSocket, and how is UDP communication different from TCP?"
620,124,5,Q2213,9,"I/O, NIO, Serialization & Networking",Networking & HTTP,Core Java,Networking & HTTP,Java Networking,D2 Core,What is InetAddress used for?
621,125,1,Q2214,9,"I/O, NIO, Serialization & Networking",Networking & HTTP,Core Java,Networking & HTTP,Java Networking,D2 Core,What is the difference between URI and URL in Java?
622,125,2,Q2215,9,"I/O, NIO, Serialization & Networking",Networking & HTTP,Core Java,Networking & HTTP,Java Networking,D2 Core,What does URLConnection provide?
623,125,3,Q2216,9,"I/O, NIO, Serialization & Networking",Networking & HTTP,Core Java,Networking & HTTP,Java Networking,D2 Core,"What is HttpURLConnection, and why is it considered a lower-level legacy HTTP API?"
624,125,4,Q2217,9,"I/O, NIO, Serialization & Networking",Networking & HTTP,Core Java,Networking & HTTP,Java Networking,D3 Applied,What is java.net.http.HttpClient?
625,125,5,Q2218,9,"I/O, NIO, Serialization & Networking",Networking & HTTP,Core Java,Networking & HTTP,Java Networking,D3 Applied,What is the difference between synchronous and asynchronous requests with HttpClient?
626,126,1,Q2219,9,"I/O, NIO, Serialization & Networking",Networking & HTTP,Core Java,Networking & HTTP,Java Networking,D3 Applied,What are HttpRequest and HttpResponse in the Java HTTP Client API?
627,126,2,Q2220,9,"I/O, NIO, Serialization & Networking",Networking & HTTP,Core Java,Networking & HTTP,Java Networking,D3 Applied,How do you configure connection and request timeouts with Java HTTP clients?
628,126,3,Q2221,9,"I/O, NIO, Serialization & Networking",Networking & HTTP,Core Java,Networking & HTTP,Java Networking,D3 Applied,How does Java handle redirects with HttpClient?
629,126,4,Q2222,9,"I/O, NIO, Serialization & Networking",Networking & HTTP,Core Java,Networking & HTTP,Java Networking,D3 Applied,How would you send JSON in an HTTP POST request using the standard Java HTTP Client?
630,126,5,Q2223,9,"I/O, NIO, Serialization & Networking",Networking & HTTP,Core Java,Networking & HTTP,Java Networking,D3 Applied,What resources must be managed carefully in socket programming to avoid leaks or stalled connections?
631,127,1,Q0601,10,Concurrency & Asynchronous Java,Thread Basics & Lifecycle,Concurrency,Thread Basics & Lifecycle,Multithreading,D1 Foundation,"What is a Thread in Java, and how can we create one?"
632,127,2,Q0602,10,Concurrency & Asynchronous Java,Thread Basics & Lifecycle,Concurrency,Thread Basics & Lifecycle,Multithreading,D1 Foundation,"What are volatile, synchronized and Atomic variables in Java?"
633,127,3,Q0603,10,Concurrency & Asynchronous Java,Thread Basics & Lifecycle,Concurrency,Thread Basics & Lifecycle,Multithreading,D1 Foundation,What are the potential issues when directly extending the Thread class instead of implementing Runnable for a high-load application?
634,127,4,Q0604,10,Concurrency & Asynchronous Java,Thread Basics & Lifecycle,Concurrency,Thread Basics & Lifecycle,Multithreading,D1 Foundation,What are the different states of a Thread in Java?
635,127,5,Q0605,10,Concurrency & Asynchronous Java,Thread Basics & Lifecycle,Concurrency,Thread Basics & Lifecycle,Multithreading,D1 Foundation,What is the purpose of the start() method in the Thread class?
636,128,1,Q0606,10,Concurrency & Asynchronous Java,Thread Basics & Lifecycle,Concurrency,Thread Basics & Lifecycle,Multithreading / Resource Leak,D1 Foundation,What is a Thread Leakage?
637,128,2,Q0607,10,Concurrency & Asynchronous Java,Thread Basics & Lifecycle,Concurrency,Thread Basics & Lifecycle,Multithreading / Thread Dump,D1 Foundation,Have you heard about Thread Dumps?
638,128,3,Q0608,10,Concurrency & Asynchronous Java,Thread Basics & Lifecycle,Concurrency,Thread Basics & Lifecycle,Exception Handling / Multithreading,D2 Core,What happens if an exception is thrown by the main thread?
639,128,4,Q0609,10,Concurrency & Asynchronous Java,Thread Basics & Lifecycle,Concurrency,Thread Basics & Lifecycle,Immutability / Multithreading,D2 Core,Why are immutable objects useful for concurrent programming?
640,128,5,Q0610,10,Concurrency & Asynchronous Java,Thread Basics & Lifecycle,Concurrency,Thread Basics & Lifecycle,Multithreading,D2 Core,Can you brief on what multithreaded applications do and why we use a multithreaded environment?
641,129,1,Q0611,10,Concurrency & Asynchronous Java,Thread Basics & Lifecycle,Concurrency,Thread Basics & Lifecycle,Multithreading,D2 Core,Do you know about Java's thread management?
642,129,2,Q0612,10,Concurrency & Asynchronous Java,Thread Basics & Lifecycle,Concurrency,Thread Basics & Lifecycle,Multithreading,D2 Core,Are you aware of multithreading in Java?
643,129,3,Q0613,10,Concurrency & Asynchronous Java,Thread Basics & Lifecycle,Concurrency,Thread Basics & Lifecycle,Multithreading,D2 Core,Do you know the difference between a process and a thread?
644,129,4,Q0614,10,Concurrency & Asynchronous Java,Thread Basics & Lifecycle,Concurrency,Thread Basics & Lifecycle,Multithreading,D2 Core,"Can you explain Java's thread lifecycle and the difference between blocked, waiting and timed-waiting states?"
645,129,5,Q0615,10,Concurrency & Asynchronous Java,Thread Basics & Lifecycle,Concurrency,Thread Basics & Lifecycle,Multithreading,D2 Core,Do you know about threads? Can you explain them?
646,130,1,Q0616,10,Concurrency & Asynchronous Java,Thread Basics & Lifecycle,Concurrency,Thread Basics & Lifecycle,Multithreading,D2 Core,What's the difference between Runnable and Callable?
647,130,2,Q0617,10,Concurrency & Asynchronous Java,Thread Basics & Lifecycle,Concurrency,Thread Basics & Lifecycle,Multithreading,D2 Core,What happens if start() is called more than once on the same Thread?
648,130,3,Q0618,10,Concurrency & Asynchronous Java,Thread Basics & Lifecycle,Concurrency,Thread Basics & Lifecycle,Multithreading,D2 Core,How would you handle a scenario where two threads need to update the same data structure?
649,130,4,Q0619,10,Concurrency & Asynchronous Java,Thread Basics & Lifecycle,Concurrency,Thread Basics & Lifecycle,Multithreading,D2 Core,Where should we use Multithreading? Give me a few scenarios where Multithreading is a good choice.
650,130,5,Q0620,10,Concurrency & Asynchronous Java,Thread Basics & Lifecycle,Concurrency,Thread Basics & Lifecycle,Multithreading,D2 Core,Give me a few scenarios where Multithreading is not a good choice.
651,131,1,Q0621,10,Concurrency & Asynchronous Java,Thread Basics & Lifecycle,Concurrency,Thread Basics & Lifecycle,Multithreading,D2 Core,Can you explain the lifecycle of a Thread?
652,131,2,Q0622,10,Concurrency & Asynchronous Java,Thread Basics & Lifecycle,Concurrency,Thread Basics & Lifecycle,Multithreading,D2 Core,Can we start a Thread twice?
653,131,3,Q0623,10,Concurrency & Asynchronous Java,Thread Basics & Lifecycle,Concurrency,Thread Basics & Lifecycle,Multithreading,D2 Core,How can we create a Thread in Java without using ExecutorService?
654,131,4,Q0624,10,Concurrency & Asynchronous Java,Thread Basics & Lifecycle,Concurrency,Thread Basics & Lifecycle,Multithreading,D2 Core,What might go wrong if run() is called directly instead of start() on a Thread object?
655,131,5,Q0625,10,Concurrency & Asynchronous Java,Thread Basics & Lifecycle,Concurrency,Thread Basics & Lifecycle,Multithreading,D2 Core,What is the difference between sleep() and wait()?
656,132,1,Q0626,10,Concurrency & Asynchronous Java,Thread Basics & Lifecycle,Concurrency,Thread Basics & Lifecycle,Multithreading,D2 Core,Is Java Multithreading Synchronous or Asynchronous by default?
657,132,2,Q0627,10,Concurrency & Asynchronous Java,Thread Basics & Lifecycle,Concurrency,Thread Basics & Lifecycle,Multithreading / Contention,D2 Core,Your Threads are experiencing high contention. How would you optimize Synchronization?
658,132,3,Q0628,10,Concurrency & Asynchronous Java,Thread Basics & Lifecycle,Concurrency,Thread Basics & Lifecycle,Multithreading / Debugging,D2 Core,How would you debug a Thread that remains indefinitely in the waiting state?
659,132,4,Q0629,10,Concurrency & Asynchronous Java,Thread Basics & Lifecycle,Concurrency,Thread Basics & Lifecycle,Multithreading / Exception Handling,D2 Core,What happens if a Thread throws an Exception and it is not caught?
660,132,5,Q0630,10,Concurrency & Asynchronous Java,Thread Basics & Lifecycle,Concurrency,Thread Basics & Lifecycle,Multithreading / Exchanger,D2 Core,Can you tell me the purpose of Exchanger class in Java?
661,133,1,Q0631,10,Concurrency & Asynchronous Java,Thread Basics & Lifecycle,Concurrency,Thread Basics & Lifecycle,Multithreading / Exchanger,D2 Core,In which scenario is Exchanger useful?
662,133,2,Q0632,10,Concurrency & Asynchronous Java,Thread Basics & Lifecycle,Concurrency,Thread Basics & Lifecycle,Multithreading / Inter-Thread Communication,D2 Core,What is the difference between notify() and notifyAll()?
663,133,3,Q0633,10,Concurrency & Asynchronous Java,Thread Basics & Lifecycle,Concurrency,Thread Basics & Lifecycle,Multithreading / Process,D2 Core,How do Threads and Processes differ in the way they share Memory?
664,133,4,Q0634,10,Concurrency & Asynchronous Java,Thread Basics & Lifecycle,Concurrency,Thread Basics & Lifecycle,Multithreading / Sleep,D2 Core,What's the use of the sleep() method in threads?
665,133,5,Q0635,10,Concurrency & Asynchronous Java,Thread Basics & Lifecycle,Concurrency,Thread Basics & Lifecycle,Multithreading / System.out,D2 Core,What happens if Two Threads call System.out.print() at the same time?
666,134,1,Q0636,10,Concurrency & Asynchronous Java,Thread Basics & Lifecycle,Concurrency,Thread Basics & Lifecycle,Multithreading / Thread Lifecycle,D2 Core,Can a Thread go directly from the WAITING state to the RUNNING state?
667,134,2,Q0637,10,Concurrency & Asynchronous Java,Thread Basics & Lifecycle,Concurrency,Thread Basics & Lifecycle,Multithreading / Thread Lifecycle,D2 Core,What's the difference between BLOCKED and WAITING Thread states?
668,134,3,Q0638,10,Concurrency & Asynchronous Java,Thread Basics & Lifecycle,Concurrency,Thread Basics & Lifecycle,Multithreading / ThreadLocal,D2 Core,Can you describe a situation where using ThreadLocal can introduce Memory Leaks?
669,134,4,Q0639,10,Concurrency & Asynchronous Java,Thread Basics & Lifecycle,Concurrency,Thread Basics & Lifecycle,Multithreading / Wait-Notify,D2 Core,Can you describe a scenario where you would use wait() and notify() for Thread communication?
670,134,5,Q0640,10,Concurrency & Asynchronous Java,Thread Basics & Lifecycle,Concurrency,Thread Basics & Lifecycle,Caching / Multithreading,D3 Applied,How would you implement a Thread-Safe LRU Cache?
671,135,1,Q0641,10,Concurrency & Asynchronous Java,Thread Basics & Lifecycle,Concurrency,Thread Basics & Lifecycle,Multithreading / Producer Consumer,D3 Applied,How would you implement a Producer-Consumer System in Java using BlockingQueue?
672,135,2,Q0642,10,Concurrency & Asynchronous Java,Thread Basics & Lifecycle,Concurrency,Thread Basics & Lifecycle,Multithreading,D4 Experience,Have you worked in a multithreaded environment?
673,135,3,Q0643,10,Concurrency & Asynchronous Java,Thread Basics & Lifecycle,Concurrency,Thread Basics & Lifecycle,Multithreading,D4 Experience,Have you used any synchronized or non-synchronized method in your Spring Boot application or project?
674,135,4,Q0644,10,Concurrency & Asynchronous Java,Thread Basics & Lifecycle,Concurrency,Thread Basics & Lifecycle,Multithreading,D4 Experience,What did you use for handling concurrent users in this project?
675,135,5,Q0645,10,Concurrency & Asynchronous Java,Thread Basics & Lifecycle,Concurrency,Thread Basics & Lifecycle,Multithreading,D4 Experience,Have you used the synchronized keyword anywhere?
676,136,1,Q0646,10,Concurrency & Asynchronous Java,Thread Basics & Lifecycle,Concurrency,Thread Basics & Lifecycle,Multithreading,D4 Experience,Have you used threads in any of your projects?
677,136,2,Q0647,10,Concurrency & Asynchronous Java,Thread Basics & Lifecycle,Concurrency,Thread Basics & Lifecycle,Multithreading,D4 Experience,How did multithreading come into the picture in your project? What was the requirement?
678,136,3,Q0648,10,Concurrency & Asynchronous Java,Thread Basics & Lifecycle,Concurrency,Thread Basics & Lifecycle,Multithreading,D4 Experience,Do you have experience with threads?
679,136,4,Q0649,10,Concurrency & Asynchronous Java,Thread Basics & Lifecycle,Concurrency,Thread Basics & Lifecycle,Multithreading,D4 Experience,Are you using Threads in your process?
680,136,5,Q0650,10,Concurrency & Asynchronous Java,Thread Basics & Lifecycle,Concurrency,Thread Basics & Lifecycle,Multithreading,D4 Experience,What feature have you implemented using Multithreading in your current project?
681,137,1,Q0651,10,Concurrency & Asynchronous Java,Thread Basics & Lifecycle,Concurrency,Thread Basics & Lifecycle,Multithreading,D4 Experience,"In your project, don't you have any synchronization issues?"
682,137,2,Q0652,10,Concurrency & Asynchronous Java,Thread Basics & Lifecycle,Concurrency,Thread Basics & Lifecycle,Multithreading,D4 Experience,Can you tell me how you guys are using Multithreading in your project?
683,137,3,Q0653,10,Concurrency & Asynchronous Java,Thread Basics & Lifecycle,Concurrency,Thread Basics & Lifecycle,Multithreading,D4 Experience,Have you worked with Threads or in a Concurrency environment?
684,137,4,Q0654,10,Concurrency & Asynchronous Java,Thread Basics & Lifecycle,Concurrency,Thread Basics & Lifecycle,Multithreading,D4 Experience,"Have you used Locks, especially ReentrantLock, to make things thread-safe?"
685,137,5,Q0655,10,Concurrency & Asynchronous Java,Thread Basics & Lifecycle,Concurrency,Thread Basics & Lifecycle,Multithreading,D4 Experience,"In your current project, did you write any Multithreaded code?"
686,138,1,Q0656,10,Concurrency & Asynchronous Java,Thread Basics & Lifecycle,Concurrency,Thread Basics & Lifecycle,Multithreading,D4 Experience,Do you have any concurrent system in your project?
687,138,2,Q0657,10,Concurrency & Asynchronous Java,Thread Basics & Lifecycle,Concurrency,Thread Basics & Lifecycle,Multithreading / Concurrency,D4 Experience,"Have you faced any Concurrency bug, and how did you find and fix it?"
688,138,3,Q0658,10,Concurrency & Asynchronous Java,Thread Basics & Lifecycle,Concurrency,Thread Basics & Lifecycle,Multithreading,D5 Advanced/Design,You receive high traffic on an API that updates a shared counter. How would you make it thread-safe and performant?
689,138,4,Q0659,10,Concurrency & Asynchronous Java,"Synchronization, Locks & Thread Safety",Concurrency,"Synchronization, Locks & Thread Safety",Multithreading / Synchronization,D1 Foundation,What are the limitations of using the synchronized keyword?
690,138,5,Q0660,10,Concurrency & Asynchronous Java,"Synchronization, Locks & Thread Safety",Concurrency,"Synchronization, Locks & Thread Safety",Multithreading / Thread Safety,D1 Foundation,What is a thread-safe class? Can you name a few from Java?
691,139,1,Q0661,10,Concurrency & Asynchronous Java,"Synchronization, Locks & Thread Safety",Concurrency,"Synchronization, Locks & Thread Safety",Collections / Thread Safety,D2 Core,"What's the drawback of using Collections.synchronizedMap(), synchronizedSet() or synchronizedList()?"
692,139,2,Q0662,10,Concurrency & Asynchronous Java,"Synchronization, Locks & Thread Safety",Concurrency,"Synchronization, Locks & Thread Safety",Collections / Thread Safety,D2 Core,Why would you use synchronizedMap()?
693,139,3,Q0663,10,Concurrency & Asynchronous Java,"Synchronization, Locks & Thread Safety",Concurrency,"Synchronization, Locks & Thread Safety",HashMap / Thread Safety,D2 Core,Suppose you are storing user session data in a HashMap. How would you ensure thread safety?
694,139,4,Q0664,10,Concurrency & Asynchronous Java,"Synchronization, Locks & Thread Safety",Concurrency,"Synchronization, Locks & Thread Safety",HashMap / Thread Safety,D2 Core,You have a shared cache used by multiple threads. You use a HashMap but the data is getting corrupted. What could be the issue and how would you fix it?
695,139,5,Q0665,10,Concurrency & Asynchronous Java,"Synchronization, Locks & Thread Safety",Concurrency,"Synchronization, Locks & Thread Safety",HashSet / Thread Safety,D2 Core,"If we use ConcurrentHashMap for concurrency issues in HashMap, what would you use when there are concurrency issues in HashSet?"
696,140,1,Q0666,10,Concurrency & Asynchronous Java,"Synchronization, Locks & Thread Safety",Concurrency,"Synchronization, Locks & Thread Safety",Immutability / Thread Safety,D2 Core,Is an Immutable Class always Thread-Safe?
697,140,2,Q0667,10,Concurrency & Asynchronous Java,"Synchronization, Locks & Thread Safety",Concurrency,"Synchronization, Locks & Thread Safety",Java Processes / Synchronization,D2 Core,How can you synchronize two Java processes?
698,140,3,Q0668,10,Concurrency & Asynchronous Java,"Synchronization, Locks & Thread Safety",Concurrency,"Synchronization, Locks & Thread Safety",Multithreading / Lock API,D2 Core,"What methods does the Java Lock API provide, such as lock(), unlock() and tryLock()?"
699,140,4,Q0669,10,Concurrency & Asynchronous Java,"Synchronization, Locks & Thread Safety",Concurrency,"Synchronization, Locks & Thread Safety",Multithreading / Locks,D2 Core,What's the difference between synchronized and the Lock APIs?
700,140,5,Q0670,10,Concurrency & Asynchronous Java,"Synchronization, Locks & Thread Safety",Concurrency,"Synchronization, Locks & Thread Safety",Multithreading / ReentrantLock,D2 Core,What does Fair Ordering mean in ReentrantLock?
701,141,1,Q0671,10,Concurrency & Asynchronous Java,"Synchronization, Locks & Thread Safety",Concurrency,"Synchronization, Locks & Thread Safety",Multithreading / Synchronization,D2 Core,Can you explain the concept of synchronized keyword in Java?
702,141,2,Q0672,10,Concurrency & Asynchronous Java,"Synchronization, Locks & Thread Safety",Concurrency,"Synchronization, Locks & Thread Safety",Multithreading / Synchronization,D2 Core,Can you describe a scenario where not using synchronized could cause an issue?
703,141,3,Q0673,10,Concurrency & Asynchronous Java,"Synchronization, Locks & Thread Safety",Concurrency,"Synchronization, Locks & Thread Safety",Multithreading / Synchronization,D2 Core,Please describe synchronization in the context of multithreading.
704,141,4,Q0674,10,Concurrency & Asynchronous Java,"Synchronization, Locks & Thread Safety",Concurrency,"Synchronization, Locks & Thread Safety",Multithreading / Synchronization,D2 Core,How would you handle a scenario where two threads need to update the same data structure?
705,141,5,Q0675,10,Concurrency & Asynchronous Java,"Synchronization, Locks & Thread Safety",Concurrency,"Synchronization, Locks & Thread Safety",Multithreading / Synchronization,D2 Core,Your application reads a config file at startup and the values never change. Multiple threads read this config. Do we need synchronization here?
706,142,1,Q0676,10,Concurrency & Asynchronous Java,"Synchronization, Locks & Thread Safety",Concurrency,"Synchronization, Locks & Thread Safety",Multithreading / Synchronization,D2 Core,Why do we need synchronization?
707,142,2,Q0677,10,Concurrency & Asynchronous Java,"Synchronization, Locks & Thread Safety",Concurrency,"Synchronization, Locks & Thread Safety",Multithreading / Synchronization,D2 Core,How can we synchronize methods and blocks?
708,142,3,Q0678,10,Concurrency & Asynchronous Java,"Synchronization, Locks & Thread Safety",Concurrency,"Synchronization, Locks & Thread Safety",Multithreading / Synchronization,D2 Core,What does the synchronized keyword do?
709,142,4,Q0679,10,Concurrency & Asynchronous Java,"Synchronization, Locks & Thread Safety",Concurrency,"Synchronization, Locks & Thread Safety",Multithreading / Synchronization,D2 Core,"What's the purpose of the synchronized keyword in Java, and how does it help with Thread Safety?"
710,142,5,Q0680,10,Concurrency & Asynchronous Java,"Synchronization, Locks & Thread Safety",Concurrency,"Synchronization, Locks & Thread Safety",Multithreading / Synchronization,D2 Core,What's the difference between a Synchronized Method and a Synchronized Block?
711,143,1,Q0681,10,Concurrency & Asynchronous Java,"Synchronization, Locks & Thread Safety",Concurrency,"Synchronization, Locks & Thread Safety",Multithreading / Synchronization,D2 Core,"When would you choose a Synchronized Method over a Synchronized Block, or vice versa?"
712,143,2,Q0682,10,Concurrency & Asynchronous Java,"Synchronization, Locks & Thread Safety",Concurrency,"Synchronization, Locks & Thread Safety",Multithreading / Synchronization,D2 Core,"Can we call wait() outside a synchronized block, and what happens if we do?"
713,143,3,Q0683,10,Concurrency & Asynchronous Java,"Synchronization, Locks & Thread Safety",Concurrency,"Synchronization, Locks & Thread Safety",Multithreading / Thread Safety,D2 Core,Do you know about Thread Safety?
714,143,4,Q0684,10,Concurrency & Asynchronous Java,"Synchronization, Locks & Thread Safety",Concurrency,"Synchronization, Locks & Thread Safety",Multithreading / Thread Safety,D2 Core,How can you ensure a method is thread-safe in Java?
715,143,5,Q0685,10,Concurrency & Asynchronous Java,"Synchronization, Locks & Thread Safety",Concurrency,"Synchronization, Locks & Thread Safety",Multithreading / Thread Safety,D2 Core,How would you handle a situation where multiple Threads need to access a shared resource without using the synchronized keyword?
716,144,1,Q0686,10,Concurrency & Asynchronous Java,"Synchronization, Locks & Thread Safety",Concurrency,"Synchronization, Locks & Thread Safety",Multithreading / Thread Safety,D2 Core,How would you make a class or a Collection thread-safe?
717,144,2,Q0687,10,Concurrency & Asynchronous Java,"Synchronization, Locks & Thread Safety",Concurrency,"Synchronization, Locks & Thread Safety",String / Thread Safety,D2 Core,"What security risks might arise if String were not immutable, especially in a multithreaded environment?"
718,144,3,Q0688,10,Concurrency & Asynchronous Java,"Synchronization, Locks & Thread Safety",Concurrency,"Synchronization, Locks & Thread Safety",Wrapper Classes / Thread Safety,D2 Core,How does the Immutability of Wrapper Classes benefit a Multithreaded application?
719,144,4,Q0689,10,Concurrency & Asynchronous Java,"volatile, Atomic & Java Memory Model",Concurrency,"volatile, Atomic & Java Memory Model",Multithreading / Atomic Variables,D1 Foundation,Have you heard about AtomicInteger and atomic values?
720,144,5,Q0690,10,Concurrency & Asynchronous Java,"volatile, Atomic & Java Memory Model",Concurrency,"volatile, Atomic & Java Memory Model",Volatile Keyword,D1 Foundation,"What are the limitations of the volatile keyword, and can it guarantee thread safety?"
721,145,1,Q0691,10,Concurrency & Asynchronous Java,"volatile, Atomic & Java Memory Model",Concurrency,"volatile, Atomic & Java Memory Model",Multithreading / Atomic Classes,D2 Core,How do Atomic Classes such as AtomicInteger differ from synchronized blocks in terms of Performance and Usage?
722,145,2,Q0692,10,Concurrency & Asynchronous Java,"volatile, Atomic & Java Memory Model",Concurrency,"volatile, Atomic & Java Memory Model",Multithreading / Atomic Variables,D2 Core,What's the difference between making variables atomic and making a method synchronized?
723,145,3,Q0693,10,Concurrency & Asynchronous Java,"volatile, Atomic & Java Memory Model",Concurrency,"volatile, Atomic & Java Memory Model",Volatile Keyword,D2 Core,Do you know about the volatile keyword?
724,145,4,Q0694,10,Concurrency & Asynchronous Java,"volatile, Atomic & Java Memory Model",Concurrency,"volatile, Atomic & Java Memory Model",Volatile Keyword,D2 Core,"If a variable is declared volatile, is it guaranteed that operations on it are atomic?"
725,145,5,Q0695,10,Concurrency & Asynchronous Java,"volatile, Atomic & Java Memory Model",Concurrency,"volatile, Atomic & Java Memory Model",Volatile Keyword,D2 Core,"Does the volatile keyword resolve a concurrency problem, or is it just used for visibility issues?"
726,146,1,Q0696,10,Concurrency & Asynchronous Java,"volatile, Atomic & Java Memory Model",Concurrency,"volatile, Atomic & Java Memory Model",Volatile Keyword,D2 Core,Can volatile alone ensure thread safety?
727,146,2,Q0697,10,Concurrency & Asynchronous Java,"volatile, Atomic & Java Memory Model",Concurrency,"volatile, Atomic & Java Memory Model",Volatile Keyword,D2 Core,Can the volatile keyword solve concurrency issues?
728,146,3,Q0698,10,Concurrency & Asynchronous Java,"volatile, Atomic & Java Memory Model",Concurrency,"volatile, Atomic & Java Memory Model",Volatile Keyword / Multithreading,D2 Core,Can volatile be helpful for resolving concurrency issues when multiple Threads are accessing a variable?
729,146,4,Q0699,10,Concurrency & Asynchronous Java,"volatile, Atomic & Java Memory Model",Concurrency,"volatile, Atomic & Java Memory Model",Java Memory Model,D3 Applied,Do you know about the Java Memory Model?
730,146,5,Q0700,10,Concurrency & Asynchronous Java,"volatile, Atomic & Java Memory Model",Concurrency,"volatile, Atomic & Java Memory Model",Java Memory Model,D3 Applied,"Can you explain the concept of Java Memory Model, especially the difference between Stack and Heap memory?"
731,147,1,Q0701,10,Concurrency & Asynchronous Java,"volatile, Atomic & Java Memory Model",Concurrency,"volatile, Atomic & Java Memory Model",Java Memory Model,D3 Applied,Can you describe the Java Memory Model and how it supports multithreaded applications?
732,147,2,Q0702,10,Concurrency & Asynchronous Java,"volatile, Atomic & Java Memory Model",Concurrency,"volatile, Atomic & Java Memory Model",Java Memory Model,D3 Applied,Can you explain the Java Memory Model and where an Object lives?
733,147,3,Q0703,10,Concurrency & Asynchronous Java,"volatile, Atomic & Java Memory Model",Concurrency,"volatile, Atomic & Java Memory Model",Java Memory Model / Multithreading,D3 Applied,How does the Java Memory Model affect the visibility of changes made by one thread to another?
734,147,4,Q0704,10,Concurrency & Asynchronous Java,"volatile, Atomic & Java Memory Model",Concurrency,"volatile, Atomic & Java Memory Model",Java Memory Model / Multithreading,D3 Applied,Can you describe a multithreaded case where improper handling of the Java Memory Model could cause issues?
735,147,5,Q0705,10,Concurrency & Asynchronous Java,"volatile, Atomic & Java Memory Model",Concurrency,"volatile, Atomic & Java Memory Model",Java Memory Model / Multithreading,D3 Applied,How does the Java Memory Model affect visibility and atomicity guarantees in a multithreaded environment?
736,148,1,Q0706,10,Concurrency & Asynchronous Java,"volatile, Atomic & Java Memory Model",Concurrency,"volatile, Atomic & Java Memory Model",Volatile Keyword,D4 Experience,Have you used the volatile keyword in any of your projects?
737,148,2,Q0707,10,Concurrency & Asynchronous Java,"Executors, Callable & Future",Concurrency,"Executors, Callable & Future",Multithreading / ForkJoinPool,D1 Foundation,"What is ForkJoinPool, and how is it related to Parallel Streams?"
738,148,3,Q0708,10,Concurrency & Asynchronous Java,"Executors, Callable & Future",Concurrency,"Executors, Callable & Future",ExecutorService,D2 Core,"If someone joins your team newly, how would you explain ExecutorService and how to configure and use it?"
739,148,4,Q0709,10,Concurrency & Asynchronous Java,"Executors, Callable & Future",Concurrency,"Executors, Callable & Future",ExecutorService,D2 Core,Why is ExecutorService required?
740,148,5,Q0710,10,Concurrency & Asynchronous Java,"Executors, Callable & Future",Concurrency,"Executors, Callable & Future",ExecutorService,D2 Core,What is the difference between submit() and execute() in ExecutorService?
741,149,1,Q0711,10,Concurrency & Asynchronous Java,"Executors, Callable & Future",Concurrency,"Executors, Callable & Future",ExecutorService / Thread Pool,D2 Core,"You need to execute 1,000 tasks in parallel but don't want to create 1,000 Threads. How would you design this?"
742,149,2,Q0712,10,Concurrency & Asynchronous Java,"Executors, Callable & Future",Concurrency,"Executors, Callable & Future",Multithreading / Callable,D2 Core,How would you cancel a long-running Callable?
743,149,3,Q0713,10,Concurrency & Asynchronous Java,"Executors, Callable & Future",Concurrency,"Executors, Callable & Future",Multithreading / ExecutorService,D2 Core,You want to avoid creating too many threads but need to run many tasks. What pattern or framework would you use?
744,149,4,Q0714,10,Concurrency & Asynchronous Java,"Executors, Callable & Future",Concurrency,"Executors, Callable & Future",Multithreading / Thread Pool,D2 Core,Do you know about Thread Pool?
745,149,5,Q0715,10,Concurrency & Asynchronous Java,"Executors, Callable & Future",Concurrency,"Executors, Callable & Future",Multithreading / Thread Pool,D2 Core,Your Service uses a fixed Thread Pool of size 10. Traffic suddenly spikes and requests queue heavily. How would you tune the Thread Pool?
746,150,1,Q0716,10,Concurrency & Asynchronous Java,"Executors, Callable & Future",Concurrency,"Executors, Callable & Future",Multithreading / Thread Pool,D2 Core,"What different types of Thread Pools are available, such as Fixed, Cached and Scheduled Thread Pools?"
747,150,2,Q0717,10,Concurrency & Asynchronous Java,"Executors, Callable & Future",Concurrency,"Executors, Callable & Future",Multithreading / Thread Pools,D2 Core,What is the difference between ThreadPoolExecutor and ForkJoinPool?
748,150,3,Q0718,10,Concurrency & Asynchronous Java,"Executors, Callable & Future",Concurrency,"Executors, Callable & Future",Multithreading / ExecutorService,D3 Applied,"You need to process 10,000 independent tasks but want to limit execution to 20 concurrent tasks at a time. How would you implement this?"
749,150,4,Q0719,10,Concurrency & Asynchronous Java,"Executors, Callable & Future",Concurrency,"Executors, Callable & Future",Parallel Streams / ForkJoinPool,D3 Applied,Which Thread Pool does a Parallel Stream use internally?
750,150,5,Q0720,10,Concurrency & Asynchronous Java,"Executors, Callable & Future",Concurrency,"Executors, Callable & Future",Multithreading / Thread Pool,D4 Experience,"Can you tell me about Thread Pool? Why do we use it, and have you used Thread Pool concepts in any personal or professional project?"
751,151,1,Q0721,10,Concurrency & Asynchronous Java,CompletableFuture & Asynchronous Processing,Concurrency,CompletableFuture & Asynchronous Processing,Java / Callback Function,D1 Foundation,Have you heard about callback functions?
752,151,2,Q0722,10,Concurrency & Asynchronous Java,CompletableFuture & Asynchronous Processing,Concurrency,CompletableFuture & Asynchronous Processing,Asynchronous Processing,D2 Core,What is the meaning of asynchronous here? How does asynchronous work?
753,151,3,Q0724,10,Concurrency & Asynchronous Java,CompletableFuture & Asynchronous Processing,Concurrency,CompletableFuture & Asynchronous Processing,Asynchronous Processing,D2 Core,What about @Async?
754,151,4,Q0725,10,Concurrency & Asynchronous Java,CompletableFuture & Asynchronous Processing,Concurrency,CompletableFuture & Asynchronous Processing,Asynchronous Processing,D2 Core,Can you please tell me the annotations for asynchronous functionality?
755,151,5,Q0726,10,Concurrency & Asynchronous Java,CompletableFuture & Asynchronous Processing,Concurrency,CompletableFuture & Asynchronous Processing,CompletableFuture,D2 Core,How would you run tasks in parallel and combine their results when both complete?
756,152,1,Q0727,10,Concurrency & Asynchronous Java,CompletableFuture & Asynchronous Processing,Concurrency,CompletableFuture & Asynchronous Processing,CompletableFuture,D2 Core,"What is CompletableFuture, and why is it useful?"
757,152,2,Q0728,10,Concurrency & Asynchronous Java,CompletableFuture & Asynchronous Processing,Concurrency,CompletableFuture & Asynchronous Processing,CompletableFuture,D2 Core,"What is the difference between Future and CompletableFuture, and how does CompletableFuture improve Asynchronous Programming?"
758,152,3,Q0729,10,Concurrency & Asynchronous Java,CompletableFuture & Asynchronous Processing,Concurrency,CompletableFuture & Asynchronous Processing,CompletableFuture,D2 Core,How does CompletableFuture improve Asynchronous Programming compared with Future?
759,152,4,Q0730,10,Concurrency & Asynchronous Java,CompletableFuture & Asynchronous Processing,Concurrency,CompletableFuture & Asynchronous Processing,CompletableFuture,D2 Core,"How does CompletableFuture work, and how would you chain Dependent Asynchronous Tasks?"
760,152,5,Q0731,10,Concurrency & Asynchronous Java,CompletableFuture & Asynchronous Processing,Concurrency,CompletableFuture & Asynchronous Processing,CompletableFuture,D2 Core,How would you combine multiple CompletableFutures into a single CompletableFuture?
761,153,1,Q0732,10,Concurrency & Asynchronous Java,CompletableFuture & Asynchronous Processing,Concurrency,CompletableFuture & Asynchronous Processing,Java / Callback Function,D2 Core,Is a callback function a kind of circular dependency or not?
762,153,2,Q0276,10,Concurrency & Asynchronous Java,CompletableFuture & Asynchronous Processing,Core Java,Exception Handling,Exception Handling / Async,D2 Core,Have you handled Exceptions occurring in Asynchronous Methods?
763,153,3,Q0733,10,Concurrency & Asynchronous Java,"Deadlock, Race Conditions & Concurrency Problems",Concurrency,"Deadlock, Race Conditions & Concurrency Problems",Multithreading / Deadlock,D2 Core,Do you know about Deadlock in Multithreading?
764,153,4,Q0734,10,Concurrency & Asynchronous Java,"Deadlock, Race Conditions & Concurrency Problems",Concurrency,"Deadlock, Race Conditions & Concurrency Problems",Multithreading / Deadlock,D2 Core,Can you describe a situation where a Thread remains indefinitely in the waiting state?
765,153,5,Q0735,10,Concurrency & Asynchronous Java,"Deadlock, Race Conditions & Concurrency Problems",Concurrency,"Deadlock, Race Conditions & Concurrency Problems",Multithreading / Deadlock,D2 Core,How can we get rid of a Deadlock?
766,154,1,Q0736,10,Concurrency & Asynchronous Java,"Deadlock, Race Conditions & Concurrency Problems",Concurrency,"Deadlock, Race Conditions & Concurrency Problems",Multithreading / Deadlock,D2 Core,Can a Deadlock occur with only a single Thread?
767,154,2,Q0737,10,Concurrency & Asynchronous Java,"Deadlock, Race Conditions & Concurrency Problems",Concurrency,"Deadlock, Race Conditions & Concurrency Problems",Multithreading / Deadlock,D2 Core,How would you design code to prevent Deadlock when acquiring two Locks?
768,154,3,Q0738,10,Concurrency & Asynchronous Java,"Deadlock, Race Conditions & Concurrency Problems",Concurrency,"Deadlock, Race Conditions & Concurrency Problems",Multithreading / Deadlock,D4 Experience,Have you ever faced a Deadlock situation in your project?
769,154,4,Q0739,10,Concurrency & Asynchronous Java,"Deadlock, Race Conditions & Concurrency Problems",Concurrency,"Deadlock, Race Conditions & Concurrency Problems",Multithreading / Deadlock,D4 Experience,You have a Deadlock in Production. How would you detect and resolve it without restarting the JVM?
770,154,5,Q0392,10,Concurrency & Asynchronous Java,ConcurrentHashMap,Collections,ConcurrentHashMap,ConcurrentHashMap / CAS,D1 Foundation,"What is CAS in ConcurrentHashMap, and where is it used?"
771,155,1,Q0393,10,Concurrency & Asynchronous Java,ConcurrentHashMap,Collections,ConcurrentHashMap,ConcurrentHashMap,D2 Core,Can you please brief on ConcurrentHashMap?
772,155,2,Q0394,10,Concurrency & Asynchronous Java,ConcurrentHashMap,Collections,ConcurrentHashMap,ConcurrentHashMap,D2 Core,How does ConcurrentHashMap improve performance in a multi-threaded environment?
773,155,3,Q0395,10,Concurrency & Asynchronous Java,ConcurrentHashMap,Collections,ConcurrentHashMap,ConcurrentHashMap,D2 Core,"How does ConcurrentHashMap handle concurrency differently from HashMap? In what parameters is it different, and how does it handle concurrency?"
774,155,4,Q0396,10,Concurrency & Asynchronous Java,ConcurrentHashMap,Collections,ConcurrentHashMap,ConcurrentHashMap,D2 Core,"You need a collection that supports very frequent reads but occasional writes. What would you choose between HashMap, Collections.synchronizedMap() and ConcurrentHashMap?"
775,155,5,Q0397,10,Concurrency & Asynchronous Java,ConcurrentHashMap,Collections,ConcurrentHashMap,ConcurrentHashMap,D2 Core,Multiple Threads are updating a Map. Which Map will you use?
776,156,1,Q0398,10,Concurrency & Asynchronous Java,ConcurrentHashMap,Collections,ConcurrentHashMap,ConcurrentHashMap,D2 Core,Do you know about ConcurrentHashMap?
777,156,2,Q0399,10,Concurrency & Asynchronous Java,ConcurrentHashMap,Collections,ConcurrentHashMap,ConcurrentHashMap,D2 Core,What happens when Two Threads update the Same Key in a ConcurrentHashMap at the same time?
778,156,3,Q0400,10,Concurrency & Asynchronous Java,ConcurrentHashMap,Collections,ConcurrentHashMap,ConcurrentHashMap,D2 Core,Can a ConcurrentHashMap return stale data during Iteration?
779,156,4,Q0401,10,Concurrency & Asynchronous Java,ConcurrentHashMap,Collections,ConcurrentHashMap,ConcurrentHashMap,D2 Core,Is ConcurrentHashMap 100% Thread-Safe for every kind of operation?
780,156,5,Q0402,10,Concurrency & Asynchronous Java,ConcurrentHashMap,Collections,ConcurrentHashMap,ConcurrentHashMap,D2 Core,Can ConcurrentHashMap guarantee ordering?
781,157,1,Q0403,10,Concurrency & Asynchronous Java,ConcurrentHashMap,Collections,ConcurrentHashMap,ConcurrentHashMap,D2 Core,What happens if one Thread is computing a value for a key using compute() while another Thread tries to read the same key?
782,157,2,Q0404,10,Concurrency & Asynchronous Java,ConcurrentHashMap,Collections,ConcurrentHashMap,ConcurrentHashMap,D2 Core,"Can ConcurrentHashMap contain null keys, and why?"
783,157,3,Q0405,10,Concurrency & Asynchronous Java,ConcurrentHashMap,Collections,ConcurrentHashMap,ConcurrentHashMap,D2 Core,How did the internal implementation of ConcurrentHashMap change before Java 8 and after Java 8?
784,157,4,Q0406,10,Concurrency & Asynchronous Java,ConcurrentHashMap,Collections,ConcurrentHashMap,ConcurrentHashMap,D2 Core,"Does ConcurrentHashMap allow null Keys or Values, and why not?"
785,157,5,Q0407,10,Concurrency & Asynchronous Java,ConcurrentHashMap,Collections,ConcurrentHashMap,ConcurrentHashMap / Memory,D2 Core,Why can switching from HashMap to ConcurrentHashMap increase Memory Usage?
786,158,1,Q0408,10,Concurrency & Asynchronous Java,ConcurrentHashMap,Collections,ConcurrentHashMap,HashMap / ConcurrentHashMap,D2 Core,"What are the concurrency risks in HashMap in a multithreaded environment, and how does ConcurrentHashMap solve them?"
787,158,2,Q0409,10,Concurrency & Asynchronous Java,ConcurrentHashMap,Collections,ConcurrentHashMap,ConcurrentHashMap,D3 Applied,How does ConcurrentHashMap work internally?
788,158,3,Q0410,10,Concurrency & Asynchronous Java,ConcurrentHashMap,Collections,ConcurrentHashMap,ConcurrentHashMap / Lock Striping,D3 Applied,Do you know about lock striping and how ConcurrentHashMap uses it internally?
789,158,4,Q0411,10,Concurrency & Asynchronous Java,ConcurrentHashMap,Collections,ConcurrentHashMap,ConcurrentHashMap,D4 Experience,Did you get a chance to work on ConcurrentHashMap in your project?
790,158,5,Q0740,10,Concurrency & Asynchronous Java,Advanced & Virtual Threads,Concurrency,Advanced & Virtual Threads,CopyOnWriteArrayList,D2 Core,Why can iteration over a CopyOnWriteArrayList avoid locking compared with a normal mutable list?
791,159,1,Q0741,10,Concurrency & Asynchronous Java,Advanced & Virtual Threads,Concurrency,Advanced & Virtual Threads,Java 8 / Concurrency,D2 Core,What changes were introduced in Java's Concurrency Model in Java 8?
792,159,2,Q0742,10,Concurrency & Asynchronous Java,Advanced & Virtual Threads,Concurrency,Advanced & Virtual Threads,ThreadLocal,D2 Core,You want each user session in a multithreaded application to maintain its own instance of a variable. What Java concept would you use?
793,159,3,Q0743,10,Concurrency & Asynchronous Java,Advanced & Virtual Threads,Concurrency,Advanced & Virtual Threads,ThreadLocal,D2 Core,Do you know about ThreadLocal?
794,159,4,Q0744,10,Concurrency & Asynchronous Java,Advanced & Virtual Threads,Concurrency,Advanced & Virtual Threads,Virtual Threads / Java 21,D2 Core,Do you know the concept of virtual threads in Java?
795,159,5,Q2179,10,Concurrency & Asynchronous Java,Advanced & Virtual Threads,Concurrency,Advanced & Virtual Threads,java.util.concurrent Utilities,D2 Core,"What is a Semaphore, and what problem does it solve?"
796,160,1,Q2180,10,Concurrency & Asynchronous Java,Advanced & Virtual Threads,Concurrency,Advanced & Virtual Threads,java.util.concurrent Utilities,D2 Core,What is the difference between a binary semaphore and a Semaphore with multiple permits?
797,160,2,Q2181,10,Concurrency & Asynchronous Java,Advanced & Virtual Threads,Concurrency,Advanced & Virtual Threads,java.util.concurrent Utilities,D2 Core,"What is CountDownLatch, and when would you use it?"
798,160,3,Q2182,10,Concurrency & Asynchronous Java,Advanced & Virtual Threads,Concurrency,Advanced & Virtual Threads,java.util.concurrent Utilities,D2 Core,"What is CyclicBarrier, and how does it differ from CountDownLatch?"
799,160,4,Q2183,10,Concurrency & Asynchronous Java,Advanced & Virtual Threads,Concurrency,Advanced & Virtual Threads,java.util.concurrent Utilities,D2 Core,"What is Phaser, and how does it differ from CountDownLatch and CyclicBarrier?"
800,160,5,Q2184,10,Concurrency & Asynchronous Java,Advanced & Virtual Threads,Concurrency,Advanced & Virtual Threads,java.util.concurrent Utilities,D2 Core,"What is ReentrantLock, and how does it differ from synchronized?"
801,161,1,Q2185,10,Concurrency & Asynchronous Java,Advanced & Virtual Threads,Concurrency,Advanced & Virtual Threads,java.util.concurrent Utilities,D2 Core,What is lockInterruptibly() in ReentrantLock?
802,161,2,Q2186,10,Concurrency & Asynchronous Java,Advanced & Virtual Threads,Concurrency,Advanced & Virtual Threads,java.util.concurrent Utilities,D2 Core,"What is tryLock(), and when is it useful?"
803,161,3,Q2187,10,Concurrency & Asynchronous Java,Advanced & Virtual Threads,Concurrency,Advanced & Virtual Threads,java.util.concurrent Utilities,D3 Applied,"What is a Condition, and how does it relate to wait() and notify()?"
804,161,4,Q2188,10,Concurrency & Asynchronous Java,Advanced & Virtual Threads,Concurrency,Advanced & Virtual Threads,java.util.concurrent Utilities,D3 Applied,"What is ReadWriteLock, and when can it improve concurrency?"
805,161,5,Q2189,10,Concurrency & Asynchronous Java,Advanced & Virtual Threads,Concurrency,Advanced & Virtual Threads,java.util.concurrent Utilities,D3 Applied,What is ReentrantReadWriteLock?
806,162,1,Q2192,10,Concurrency & Asynchronous Java,Advanced & Virtual Threads,Concurrency,Advanced & Virtual Threads,java.util.concurrent Utilities,D3 Applied,"What is BlockingQueue, and why is it useful for producer-consumer designs?"
807,162,2,Q2193,10,Concurrency & Asynchronous Java,Advanced & Virtual Threads,Concurrency,Advanced & Virtual Threads,java.util.concurrent Utilities,D3 Applied,What is the difference between ArrayBlockingQueue and LinkedBlockingQueue?
808,162,3,Q2194,10,Concurrency & Asynchronous Java,Advanced & Virtual Threads,Concurrency,Advanced & Virtual Threads,java.util.concurrent Utilities,D3 Applied,"What is SynchronousQueue, and when would you use it?"
809,162,4,Q2195,10,Concurrency & Asynchronous Java,Advanced & Virtual Threads,Concurrency,Advanced & Virtual Threads,java.util.concurrent Utilities,D3 Applied,What is PriorityBlockingQueue?
810,162,5,Q2196,10,Concurrency & Asynchronous Java,Advanced & Virtual Threads,Concurrency,Advanced & Virtual Threads,java.util.concurrent Utilities,D3 Applied,What is DelayQueue?
811,163,1,Q2197,10,Concurrency & Asynchronous Java,Advanced & Virtual Threads,Concurrency,Advanced & Virtual Threads,java.util.concurrent Utilities,D3 Applied,"What is ConcurrentLinkedQueue, and how does it differ from a BlockingQueue?"
812,163,2,Q2198,10,Concurrency & Asynchronous Java,Advanced & Virtual Threads,Concurrency,Advanced & Virtual Threads,java.util.concurrent Utilities,D3 Applied,"What is ForkJoinPool, and what problem is work stealing designed to solve?"
813,163,3,Q2201,10,Concurrency & Asynchronous Java,Advanced & Virtual Threads,Concurrency,Advanced & Virtual Threads,java.util.concurrent Utilities,D3 Applied,"What is CompletionService, and when is it useful?"
814,163,4,Q2202,10,Concurrency & Asynchronous Java,Advanced & Virtual Threads,Concurrency,Advanced & Virtual Threads,java.util.concurrent Utilities,D3 Applied,What is ExecutorCompletionService?
815,163,5,Q2203,10,Concurrency & Asynchronous Java,Advanced & Virtual Threads,Concurrency,Advanced & Virtual Threads,java.util.concurrent Utilities,D3 Applied,"What is ScheduledExecutorService, and how does it differ from Timer?"
816,164,1,Q2204,10,Concurrency & Asynchronous Java,Advanced & Virtual Threads,Concurrency,Advanced & Virtual Threads,java.util.concurrent Utilities,D3 Applied,What is the difference between scheduleAtFixedRate and scheduleWithFixedDelay?
817,164,2,Q2207,10,Concurrency & Asynchronous Java,Advanced & Virtual Threads,Concurrency,Advanced & Virtual Threads,java.util.concurrent Utilities,D3 Applied,What is CompletableFuture.allOf() versus anyOf()?
818,164,3,Q0745,10,Concurrency & Asynchronous Java,Advanced & Virtual Threads,Concurrency,Advanced & Virtual Threads,ThreadLocal,D4 Experience,Have you worked with ThreadLocal?
819,164,4,Q2190,10,Concurrency & Asynchronous Java,Advanced & Virtual Threads,Concurrency,Advanced & Virtual Threads,java.util.concurrent Utilities,D5 Advanced/Design,"What is StampedLock, and what is optimistic reading?"
820,164,5,Q2191,10,Concurrency & Asynchronous Java,Advanced & Virtual Threads,Concurrency,Advanced & Virtual Threads,java.util.concurrent Utilities,D5 Advanced/Design,What risks should you consider when using StampedLock?
821,165,1,Q2199,10,Concurrency & Asynchronous Java,Advanced & Virtual Threads,Concurrency,Advanced & Virtual Threads,java.util.concurrent Utilities,D5 Advanced/Design,"What is RecursiveTask, and how does it differ from RecursiveAction?"
822,165,2,Q2200,10,Concurrency & Asynchronous Java,Advanced & Virtual Threads,Concurrency,Advanced & Virtual Threads,java.util.concurrent Utilities,D5 Advanced/Design,What is the common ForkJoinPool?
823,165,3,Q2205,10,Concurrency & Asynchronous Java,Advanced & Virtual Threads,Concurrency,Advanced & Virtual Threads,java.util.concurrent Utilities,D5 Advanced/Design,"What is LongAdder, and when can it outperform AtomicLong?"
824,165,4,Q2206,10,Concurrency & Asynchronous Java,Advanced & Virtual Threads,Concurrency,Advanced & Virtual Threads,java.util.concurrent Utilities,D5 Advanced/Design,What is LongAccumulator?
825,165,5,Q2208,10,Concurrency & Asynchronous Java,Advanced & Virtual Threads,Concurrency,Advanced & Virtual Threads,java.util.concurrent Utilities,D5 Advanced/Design,How would you design backpressure or bounded concurrency when submitting large numbers of tasks?
826,166,1,Q0556,11,"JVM Internals, Class Loading, Reflection & GC","JVM Memory, Heap, Stack & Memory Model",JVM & Runtime,"JVM Memory, Heap, Stack & Memory Model",JVM / Metaspace,D1 Foundation,What is Metaspace in the JVM?
827,166,2,Q0555,11,"JVM Internals, Class Loading, Reflection & GC","JVM Memory, Heap, Stack & Memory Model",JVM & Runtime,"JVM Memory, Heap, Stack & Memory Model",Java Memory / References,D1 Foundation,What are Phantom References in Java?
828,166,3,Q0557,11,"JVM Internals, Class Loading, Reflection & GC","JVM Memory, Heap, Stack & Memory Model",JVM & Runtime,"JVM Memory, Heap, Stack & Memory Model",Memory Analysis Tools,D1 Foundation,"Have you heard about JProfiler, VisualVM, or Eclipse Memory Analyzer?"
829,166,4,Q0566,11,"JVM Internals, Class Loading, Reflection & GC","JVM Memory, Heap, Stack & Memory Model",JVM & Runtime,"JVM Memory, Heap, Stack & Memory Model",JVM / Heap Dump,D2 Core,Do you know about Heap Dump?
830,166,5,Q0567,11,"JVM Internals, Class Loading, Reflection & GC","JVM Memory, Heap, Stack & Memory Model",JVM & Runtime,"JVM Memory, Heap, Stack & Memory Model",JVM / Memory,D2 Core,Where are Static Variables stored in the JVM?
831,167,1,Q0568,11,"JVM Internals, Class Loading, Reflection & GC","JVM Memory, Heap, Stack & Memory Model",JVM & Runtime,"JVM Memory, Heap, Stack & Memory Model",JVM / OutOfMemoryError,D2 Core,Your application frequently throws OutOfMemoryError in Heap but not in Metaspace. How would you diagnose it?
832,167,2,Q0569,11,"JVM Internals, Class Loading, Reflection & GC","JVM Memory, Heap, Stack & Memory Model",JVM & Runtime,"JVM Memory, Heap, Stack & Memory Model",JVM Memory,D2 Core,Can you tell me the difference between Young Generation and Old Generation memory spaces?
833,167,3,Q0558,11,"JVM Internals, Class Loading, Reflection & GC","JVM Memory, Heap, Stack & Memory Model",JVM & Runtime,"JVM Memory, Heap, Stack & Memory Model",Java Memory,D2 Core,Do you know about Heap and Stack memory?
834,167,4,Q0559,11,"JVM Internals, Class Loading, Reflection & GC","JVM Memory, Heap, Stack & Memory Model",JVM & Runtime,"JVM Memory, Heap, Stack & Memory Model",Java Memory,D2 Core,What things get stored in Heap and what things get stored in Stack?
835,167,5,Q0560,11,"JVM Internals, Class Loading, Reflection & GC","JVM Memory, Heap, Stack & Memory Model",JVM & Runtime,"JVM Memory, Heap, Stack & Memory Model",Java Memory,D2 Core,"Which is faster to access, Heap or Stack? Why?"
836,168,1,Q0561,11,"JVM Internals, Class Loading, Reflection & GC","JVM Memory, Heap, Stack & Memory Model",JVM & Runtime,"JVM Memory, Heap, Stack & Memory Model",Java Memory,D2 Core,Can you tell me how the Heap and Stack memory areas differ?
837,168,2,Q0562,11,"JVM Internals, Class Loading, Reflection & GC","JVM Memory, Heap, Stack & Memory Model",JVM & Runtime,"JVM Memory, Heap, Stack & Memory Model",Java Memory,D2 Core,What is the difference between Stack memory and Heap memory?
838,168,3,Q0563,11,"JVM Internals, Class Loading, Reflection & GC","JVM Memory, Heap, Stack & Memory Model",JVM & Runtime,"JVM Memory, Heap, Stack & Memory Model",Java Memory,D2 Core,What problems might arise if Heap and Stack Memory are managed improperly?
839,168,4,Q0564,11,"JVM Internals, Class Loading, Reflection & GC","JVM Memory, Heap, Stack & Memory Model",JVM & Runtime,"JVM Memory, Heap, Stack & Memory Model",Java Memory / References,D2 Core,"What is the difference between a Weak Reference and a Soft Reference, and how can they be useful in managing collections of Objects?"
840,168,5,Q0565,11,"JVM Internals, Class Loading, Reflection & GC","JVM Memory, Heap, Stack & Memory Model",JVM & Runtime,"JVM Memory, Heap, Stack & Memory Model",Java Memory / Static Variables,D2 Core,How are static variables stored in memory compared to instance variables?
841,169,1,Q0570,11,"JVM Internals, Class Loading, Reflection & GC","JVM Memory, Heap, Stack & Memory Model",JVM & Runtime,"JVM Memory, Heap, Stack & Memory Model",Memory Management,D2 Core,How can memory leaks occur in Java even though we have automatic garbage collection?
842,169,2,Q0528,11,"JVM Internals, Class Loading, Reflection & GC","Class Loading, Classpath, Reflection & Annotations",JVM & Runtime,"Class Loading, Classpath, Reflection & Annotations",JVM / JIT Compiler,D1 Foundation,What is JIT Compiler?
843,169,3,Q0529,11,"JVM Internals, Class Loading, Reflection & GC","Class Loading, Classpath, Reflection & Annotations",JVM & Runtime,"Class Loading, Classpath, Reflection & Annotations",Reflection,D1 Foundation,What is reflection in Java?
844,169,4,Q0530,11,"JVM Internals, Class Loading, Reflection & GC","Class Loading, Classpath, Reflection & Annotations",JVM & Runtime,"Class Loading, Classpath, Reflection & Annotations",Reflection,D1 Foundation,What is Reflection in Java and when would you use it?
845,169,5,Q0532,11,"JVM Internals, Class Loading, Reflection & GC","Class Loading, Classpath, Reflection & Annotations",JVM & Runtime,"Class Loading, Classpath, Reflection & Annotations",Class Loading,D2 Core,Do you know the difference between ClassLoader and Class.forName() method?
846,170,1,Q0533,11,"JVM Internals, Class Loading, Reflection & GC","Class Loading, Classpath, Reflection & Annotations",JVM & Runtime,"Class Loading, Classpath, Reflection & Annotations",Class Loading,D2 Core,Can you tell me the difference between loading and linking?
847,170,2,Q0534,11,"JVM Internals, Class Loading, Reflection & GC","Class Loading, Classpath, Reflection & Annotations",JVM & Runtime,"Class Loading, Classpath, Reflection & Annotations",Class Loading / Static,D2 Core,We have a class with both static and non-static methods. Can you explain the execution flow when the class is loaded? What happens first?
848,170,3,Q0535,11,"JVM Internals, Class Loading, Reflection & GC","Class Loading, Classpath, Reflection & Annotations",JVM & Runtime,"Class Loading, Classpath, Reflection & Annotations",ClassLoader,D2 Core,"There are three things in ClassLoader: Bootstrap, Extension and System. Do you know about those?"
849,170,4,Q0536,11,"JVM Internals, Class Loading, Reflection & GC","Class Loading, Classpath, Reflection & Annotations",JVM & Runtime,"Class Loading, Classpath, Reflection & Annotations",ClassLoader,D2 Core,Do you know what ClassLoaders are?
850,170,5,Q0537,11,"JVM Internals, Class Loading, Reflection & GC","Class Loading, Classpath, Reflection & Annotations",JVM & Runtime,"Class Loading, Classpath, Reflection & Annotations",ClassLoader,D2 Core,Can you explain the different types of ClassLoaders in Java?
851,171,1,Q0538,11,"JVM Internals, Class Loading, Reflection & GC","Class Loading, Classpath, Reflection & Annotations",JVM & Runtime,"Class Loading, Classpath, Reflection & Annotations",ClassLoader,D2 Core,Can you load the same class twice using different ClassLoaders?
852,171,2,Q0539,11,"JVM Internals, Class Loading, Reflection & GC","Class Loading, Classpath, Reflection & Annotations",JVM & Runtime,"Class Loading, Classpath, Reflection & Annotations",ClassLoader,D2 Core,Do you know about the Parent Delegation Model?
853,171,3,Q0540,11,"JVM Internals, Class Loading, Reflection & GC","Class Loading, Classpath, Reflection & Annotations",JVM & Runtime,"Class Loading, Classpath, Reflection & Annotations",ClassLoader,D2 Core,"Java uses Bootstrap, Extension and System ClassLoaders. Are you aware of them?"
854,171,4,Q0541,11,"JVM Internals, Class Loading, Reflection & GC","Class Loading, Classpath, Reflection & Annotations",JVM & Runtime,"Class Loading, Classpath, Reflection & Annotations",ClassLoader,D2 Core,Is it possible to unload a Class in Java?
855,171,5,Q0542,11,"JVM Internals, Class Loading, Reflection & GC","Class Loading, Classpath, Reflection & Annotations",JVM & Runtime,"Class Loading, Classpath, Reflection & Annotations",ClassLoader / Security,D2 Core,You are developing an application that loads plugins from third-party sources. How would you ensure the security of your system while using these plugins?
856,172,1,Q0543,11,"JVM Internals, Class Loading, Reflection & GC","Class Loading, Classpath, Reflection & Annotations",JVM & Runtime,"Class Loading, Classpath, Reflection & Annotations",JVM / Execution Engine,D2 Core,How does Java enhance the performance of the execution engine?
857,172,2,Q0545,11,"JVM Internals, Class Loading, Reflection & GC","Class Loading, Classpath, Reflection & Annotations",JVM & Runtime,"Class Loading, Classpath, Reflection & Annotations",JVM / JIT Compiler,D2 Core,"What's the role of the JIT, Just-In-Time Compiler?"
858,172,3,Q0544,11,"JVM Internals, Class Loading, Reflection & GC","Class Loading, Classpath, Reflection & Annotations",JVM & Runtime,"Class Loading, Classpath, Reflection & Annotations",JVM / Java Flight Recorder,D2 Core,Can you tell me about Java Flight Recorder?
859,172,4,Q0546,11,"JVM Internals, Class Loading, Reflection & GC","Class Loading, Classpath, Reflection & Annotations",JVM & Runtime,"Class Loading, Classpath, Reflection & Annotations",JVM Architecture,D2 Core,Describe the key components of Java Virtual Machine architecture.
860,172,5,Q0547,11,"JVM Internals, Class Loading, Reflection & GC","Class Loading, Classpath, Reflection & Annotations",JVM & Runtime,"Class Loading, Classpath, Reflection & Annotations",JVM Architecture,D2 Core,"Can you please explain JVM architecture, including the role of ClassLoader, runtime data areas and execution engine?"
861,173,1,Q0548,11,"JVM Internals, Class Loading, Reflection & GC","Class Loading, Classpath, Reflection & Annotations",JVM & Runtime,"Class Loading, Classpath, Reflection & Annotations",Reflection,D2 Core,Do you know about Java Reflection API?
862,173,2,Q0549,11,"JVM Internals, Class Loading, Reflection & GC","Class Loading, Classpath, Reflection & Annotations",JVM & Runtime,"Class Loading, Classpath, Reflection & Annotations",Reflection,D2 Core,Are there any performance or security disadvantages of using Reflection?
863,173,3,Q2279,11,"JVM Internals, Class Loading, Reflection & GC","Class Loading, Classpath, Reflection & Annotations",JVM & Runtime,"Class Loading, Classpath, Reflection & Annotations",Advanced Reflection / Runtime,D3 Applied,What is a dynamic proxy in Java?
864,173,4,Q2280,11,"JVM Internals, Class Loading, Reflection & GC","Class Loading, Classpath, Reflection & Annotations",JVM & Runtime,"Class Loading, Classpath, Reflection & Annotations",Advanced Reflection / Runtime,D3 Applied,How does java.lang.reflect.Proxy create interface-based proxies?
865,173,5,Q2281,11,"JVM Internals, Class Loading, Reflection & GC","Class Loading, Classpath, Reflection & Annotations",JVM & Runtime,"Class Loading, Classpath, Reflection & Annotations",Advanced Reflection / Runtime,D3 Applied,What is InvocationHandler?
866,174,1,Q2282,11,"JVM Internals, Class Loading, Reflection & GC","Class Loading, Classpath, Reflection & Annotations",JVM & Runtime,"Class Loading, Classpath, Reflection & Annotations",Advanced Reflection / Runtime,D3 Applied,What are the limitations of JDK dynamic proxies?
867,174,2,Q2287,11,"JVM Internals, Class Loading, Reflection & GC","Class Loading, Classpath, Reflection & Annotations",JVM & Runtime,"Class Loading, Classpath, Reflection & Annotations",Advanced Reflection / Runtime,D3 Applied,"What is ServiceLoader, and how does the Java SPI mechanism work?"
868,174,3,Q2288,11,"JVM Internals, Class Loading, Reflection & GC","Class Loading, Classpath, Reflection & Annotations",JVM & Runtime,"Class Loading, Classpath, Reflection & Annotations",Advanced Reflection / Runtime,D3 Applied,What is the difference between Class.getDeclaredMethods() and Class.getMethods()?
869,174,4,Q2289,11,"JVM Internals, Class Loading, Reflection & GC","Class Loading, Classpath, Reflection & Annotations",JVM & Runtime,"Class Loading, Classpath, Reflection & Annotations",Advanced Reflection / Runtime,D3 Applied,What is the difference between getDeclaredFields() and getFields()?
870,174,5,Q2290,11,"JVM Internals, Class Loading, Reflection & GC","Class Loading, Classpath, Reflection & Annotations",JVM & Runtime,"Class Loading, Classpath, Reflection & Annotations",Advanced Reflection / Runtime,D3 Applied,"What does setAccessible() historically do, and how does strong module encapsulation affect it?"
871,175,1,Q2291,11,"JVM Internals, Class Loading, Reflection & GC","Class Loading, Classpath, Reflection & Annotations",JVM & Runtime,"Class Loading, Classpath, Reflection & Annotations",Advanced Reflection / Runtime,D3 Applied,What is the difference between ClassLoader.loadClass() and Class.forName() regarding initialization?
872,175,2,Q0551,11,"JVM Internals, Class Loading, Reflection & GC","Class Loading, Classpath, Reflection & Annotations",JVM & Runtime,"Class Loading, Classpath, Reflection & Annotations",ClassNotFoundException,D4 Experience,"Have you ever seen ClassNotFoundException in your project, and if yes, how can we resolve it?"
873,175,3,Q0552,11,"JVM Internals, Class Loading, Reflection & GC","Class Loading, Classpath, Reflection & Annotations",JVM & Runtime,"Class Loading, Classpath, Reflection & Annotations",Reflection,D4 Experience,Have you used reflection somewhere in your project?
874,175,4,Q0554,11,"JVM Internals, Class Loading, Reflection & GC","Class Loading, Classpath, Reflection & Annotations",JVM & Runtime,"Class Loading, Classpath, Reflection & Annotations",Spring Custom Annotations,D4 Experience,Have you tried creating a custom annotation?
875,175,5,Q2283,11,"JVM Internals, Class Loading, Reflection & GC","Class Loading, Classpath, Reflection & Annotations",JVM & Runtime,"Class Loading, Classpath, Reflection & Annotations",Advanced Reflection / Runtime,D5 Advanced/Design,"What is MethodHandle, and how is it different from java.lang.reflect.Method?"
876,176,1,Q2284,11,"JVM Internals, Class Loading, Reflection & GC","Class Loading, Classpath, Reflection & Annotations",JVM & Runtime,"Class Loading, Classpath, Reflection & Annotations",Advanced Reflection / Runtime,D5 Advanced/Design,What is MethodHandles.Lookup?
877,176,2,Q2285,11,"JVM Internals, Class Loading, Reflection & GC","Class Loading, Classpath, Reflection & Annotations",JVM & Runtime,"Class Loading, Classpath, Reflection & Annotations",Advanced Reflection / Runtime,D5 Advanced/Design,"What is VarHandle, and what kinds of operations can it perform?"
878,176,3,Q2286,11,"JVM Internals, Class Loading, Reflection & GC","Class Loading, Classpath, Reflection & Annotations",JVM & Runtime,"Class Loading, Classpath, Reflection & Annotations",Advanced Reflection / Runtime,D5 Advanced/Design,How can VarHandle provide atomic or memory-ordering operations?
879,176,4,Q2292,11,"JVM Internals, Class Loading, Reflection & GC","Class Loading, Classpath, Reflection & Annotations",JVM & Runtime,"Class Loading, Classpath, Reflection & Annotations",Advanced Reflection / Runtime,D5 Advanced/Design,"What are hidden classes, and what kinds of frameworks may use them?"
880,176,5,Q2293,11,"JVM Internals, Class Loading, Reflection & GC","Class Loading, Classpath, Reflection & Annotations",JVM & Runtime,"Class Loading, Classpath, Reflection & Annotations",Advanced Reflection / Runtime,D5 Advanced/Design,"What is the StackWalker API, and why might it be preferred over constructing a Throwable just to inspect the stack?"
881,177,1,Q0571,11,"JVM Internals, Class Loading, Reflection & GC",Garbage Collection & Memory Leaks,JVM & Runtime,Garbage Collection & Memory Leaks,Garbage Collection,D1 Foundation,Have you heard about generational garbage collection? What is it? Can you give us an overview?
882,177,2,Q0572,11,"JVM Internals, Class Loading, Reflection & GC",Garbage Collection & Memory Leaks,JVM & Runtime,Garbage Collection & Memory Leaks,Garbage Collection,D1 Foundation,What is a Stop-the-World event in Java Garbage Collection?
883,177,3,Q0573,11,"JVM Internals, Class Loading, Reflection & GC",Garbage Collection & Memory Leaks,JVM & Runtime,Garbage Collection & Memory Leaks,Memory Leak,D1 Foundation,What is a memory leak in Java?
884,177,4,Q0574,11,"JVM Internals, Class Loading, Reflection & GC",Garbage Collection & Memory Leaks,JVM & Runtime,Garbage Collection & Memory Leaks,Exception Handling / Garbage Collection,D2 Core,Do you know the difference between finalize() method and finally block?
885,177,5,Q0575,11,"JVM Internals, Class Loading, Reflection & GC",Garbage Collection & Memory Leaks,JVM & Runtime,Garbage Collection & Memory Leaks,Garbage Collection,D2 Core,How does garbage collection work in Java?
886,178,1,Q0576,11,"JVM Internals, Class Loading, Reflection & GC",Garbage Collection & Memory Leaks,JVM & Runtime,Garbage Collection & Memory Leaks,Garbage Collection,D2 Core,Can you tell me what algorithm JVM uses for garbage collection?
887,178,2,Q0577,11,"JVM Internals, Class Loading, Reflection & GC",Garbage Collection & Memory Leaks,JVM & Runtime,Garbage Collection & Memory Leaks,Garbage Collection,D2 Core,Do you know about garbage collection?
888,178,3,Q0578,11,"JVM Internals, Class Loading, Reflection & GC",Garbage Collection & Memory Leaks,JVM & Runtime,Garbage Collection & Memory Leaks,Garbage Collection,D2 Core,Can you describe the working of Garbage Collector in JVM?
889,178,4,Q0579,11,"JVM Internals, Class Loading, Reflection & GC",Garbage Collection & Memory Leaks,JVM & Runtime,Garbage Collection & Memory Leaks,Garbage Collection,D2 Core,Can you tell me the difference between Minor Garbage Collection and Major Garbage Collection?
890,178,5,Q0580,11,"JVM Internals, Class Loading, Reflection & GC",Garbage Collection & Memory Leaks,JVM & Runtime,Garbage Collection & Memory Leaks,Garbage Collection,D2 Core,How does Garbage Collection handle Circular References between Objects?
891,179,1,Q0581,11,"JVM Internals, Class Loading, Reflection & GC",Garbage Collection & Memory Leaks,JVM & Runtime,Garbage Collection & Memory Leaks,Garbage Collection,D2 Core,Does the Garbage Collector clear Static Variables?
892,179,2,Q0582,11,"JVM Internals, Class Loading, Reflection & GC",Garbage Collection & Memory Leaks,JVM & Runtime,Garbage Collection & Memory Leaks,Garbage Collection / Finalize,D2 Core,Does the finalize method have any role here in garbage collection?
893,179,3,Q0583,11,"JVM Internals, Class Loading, Reflection & GC",Garbage Collection & Memory Leaks,JVM & Runtime,Garbage Collection & Memory Leaks,Garbage Collection / Finalize,D2 Core,"Do we still use the finalize() method, or is it deprecated nowadays?"
894,179,4,Q0584,11,"JVM Internals, Class Loading, Reflection & GC",Garbage Collection & Memory Leaks,JVM & Runtime,Garbage Collection & Memory Leaks,Garbage Collection / Finalize,D2 Core,Why is the finalize() method deprecated?
895,179,5,Q0585,11,"JVM Internals, Class Loading, Reflection & GC",Garbage Collection & Memory Leaks,JVM & Runtime,Garbage Collection & Memory Leaks,Immutability / Garbage Collection,D2 Core,Can continuous creation of Immutable Objects lead to Garbage Collection issues?
896,180,1,Q0586,11,"JVM Internals, Class Loading, Reflection & GC",Garbage Collection & Memory Leaks,JVM & Runtime,Garbage Collection & Memory Leaks,JVM / Garbage Collection,D2 Core,How would you handle high CPU usage caused by excessive Garbage Collection?
897,180,2,Q0587,11,"JVM Internals, Class Loading, Reflection & GC",Garbage Collection & Memory Leaks,JVM & Runtime,Garbage Collection & Memory Leaks,Memory Leak,D2 Core,How can a memory leak occur in Java even though we have automatic Garbage Collection?
898,180,3,Q0588,11,"JVM Internals, Class Loading, Reflection & GC",Garbage Collection & Memory Leaks,JVM & Runtime,Garbage Collection & Memory Leaks,Memory Leak,D2 Core,How does Java handle memory leaks?
899,180,4,Q0589,11,"JVM Internals, Class Loading, Reflection & GC",Garbage Collection & Memory Leaks,JVM & Runtime,Garbage Collection & Memory Leaks,Memory Leak,D2 Core,"Despite Garbage Collection in Java, why might we still see memory leaks?"
900,180,5,Q0590,11,"JVM Internals, Class Loading, Reflection & GC",Garbage Collection & Memory Leaks,JVM & Runtime,Garbage Collection & Memory Leaks,Memory Leak,D2 Core,"If Garbage Collector removes unnecessary memory, why do we still see Memory Leaks in our projects?"
901,181,1,Q0591,11,"JVM Internals, Class Loading, Reflection & GC",Garbage Collection & Memory Leaks,JVM & Runtime,Garbage Collection & Memory Leaks,Memory Leak / Debugging,D2 Core,Are there any techniques other than Garbage Collection to identify and fix memory leaks?
902,181,2,Q0592,11,"JVM Internals, Class Loading, Reflection & GC",Garbage Collection & Memory Leaks,JVM & Runtime,Garbage Collection & Memory Leaks,Memory Leak / Debugging,D2 Core,Let's say you suspect a memory leak in a long-running Java application. Describe the steps you would take to investigate and resolve it.
903,181,3,Q0593,11,"JVM Internals, Class Loading, Reflection & GC",Garbage Collection & Memory Leaks,JVM & Runtime,Garbage Collection & Memory Leaks,Memory Leak / Debugging,D2 Core,Let's say you are tasked with analyzing memory leaks in a long-running application. What tools and techniques would you use?
904,181,4,Q0594,11,"JVM Internals, Class Loading, Reflection & GC",Garbage Collection & Memory Leaks,JVM & Runtime,Garbage Collection & Memory Leaks,Memory Leak / Debugging,D2 Core,How would you analyze and debug memory leaks in a Java or Spring Boot application?
905,181,5,Q0595,11,"JVM Internals, Class Loading, Reflection & GC",Garbage Collection & Memory Leaks,JVM & Runtime,Garbage Collection & Memory Leaks,Memory Leaks,D2 Core,How would you investigate and fix a memory leak in Java? What steps would you take?
906,182,1,Q0596,11,"JVM Internals, Class Loading, Reflection & GC",Garbage Collection & Memory Leaks,JVM & Runtime,Garbage Collection & Memory Leaks,Memory Leaks,D2 Core,"How does JVM handle memory leaks, and what tools or techniques would you use to identify and fix a memory leak in your application?"
907,182,2,Q2294,11,"JVM Internals, Class Loading, Reflection & GC",Memory Management & Garbage Collection,JVM & Runtime,Memory Management & Garbage Collection,Reference Types / Cleaner,D3 Applied,What is a WeakReference in Java?
908,182,3,Q2295,11,"JVM Internals, Class Loading, Reflection & GC",Memory Management & Garbage Collection,JVM & Runtime,Memory Management & Garbage Collection,Reference Types / Cleaner,D3 Applied,What is a SoftReference in Java?
909,182,4,Q2296,11,"JVM Internals, Class Loading, Reflection & GC",Memory Management & Garbage Collection,JVM & Runtime,Memory Management & Garbage Collection,Reference Types / Cleaner,D3 Applied,What is a PhantomReference in Java?
910,182,5,Q2297,11,"JVM Internals, Class Loading, Reflection & GC",Memory Management & Garbage Collection,JVM & Runtime,Memory Management & Garbage Collection,Reference Types / Cleaner,D3 Applied,"How do WeakReference, SoftReference, and PhantomReference differ?"
911,183,1,Q2298,11,"JVM Internals, Class Loading, Reflection & GC",Memory Management & Garbage Collection,JVM & Runtime,Memory Management & Garbage Collection,Reference Types / Cleaner,D3 Applied,"What is ReferenceQueue, and how is it used?"
912,183,2,Q2299,11,"JVM Internals, Class Loading, Reflection & GC",Memory Management & Garbage Collection,JVM & Runtime,Memory Management & Garbage Collection,Reference Types / Cleaner,D3 Applied,How does WeakHashMap use weak references?
913,183,3,Q2300,11,"JVM Internals, Class Loading, Reflection & GC",Memory Management & Garbage Collection,JVM & Runtime,Memory Management & Garbage Collection,Reference Types / Cleaner,D3 Applied,Why should SoftReference generally not be treated as a reliable application cache policy?
914,183,4,Q2301,11,"JVM Internals, Class Loading, Reflection & GC",Memory Management & Garbage Collection,JVM & Runtime,Memory Management & Garbage Collection,Reference Types / Cleaner,D3 Applied,What is Cleaner in Java?
915,183,5,Q2302,11,"JVM Internals, Class Loading, Reflection & GC",Memory Management & Garbage Collection,JVM & Runtime,Memory Management & Garbage Collection,Reference Types / Cleaner,D3 Applied,How is Cleaner different from finalization?
916,184,1,Q2303,11,"JVM Internals, Class Loading, Reflection & GC",Memory Management & Garbage Collection,JVM & Runtime,Memory Management & Garbage Collection,Reference Types / Cleaner,D3 Applied,"Why was finalization deprecated for removal, and what resource-management approaches should replace it?"
917,184,2,Q0597,11,"JVM Internals, Class Loading, Reflection & GC",Garbage Collection & Memory Leaks,JVM & Runtime,Garbage Collection & Memory Leaks,Memory Leak,D4 Experience,How do you find memory leakage in a Java Spring Boot project?
918,184,3,Q0598,11,"JVM Internals, Class Loading, Reflection & GC",Garbage Collection & Memory Leaks,JVM & Runtime,Garbage Collection & Memory Leaks,Memory Leak / Debugging,D4 Experience,"How did you debug a Memory Leak in your project, and what tools specifically did you use?"
919,184,4,Q0599,11,"JVM Internals, Class Loading, Reflection & GC",Garbage Collection & Memory Leaks,JVM & Runtime,Garbage Collection & Memory Leaks,Memory Leak Tools,D4 Experience,Have you worked with VisualVM?
920,184,5,Q0600,11,"JVM Internals, Class Loading, Reflection & GC",Garbage Collection & Memory Leaks,JVM & Runtime,Garbage Collection & Memory Leaks,Memory Leaks,D4 Experience,Did you face any memory leak in your career?
921,185,1,Q0497,12,"Modern Java, JPMS & Advanced Toolchain",Java Versions & Language Evolution,Java Foundations,Java Versions & Language Evolution,Java 8,D1 Foundation,What are the topics you are most familiar with in Java 8?
922,185,2,Q0498,12,"Modern Java, JPMS & Advanced Toolchain",Java Versions & Language Evolution,Java Foundations,Java Versions & Language Evolution,Java 11,D2 Core,Can you tell me some new features of Java 11 which are not there in older versions?
923,185,3,Q0499,12,"Modern Java, JPMS & Advanced Toolchain",Java Versions & Language Evolution,Java Foundations,Java Versions & Language Evolution,Java 11,D2 Core,Can you tell me some new features in Java 11?
924,185,4,Q0500,12,"Modern Java, JPMS & Advanced Toolchain",Java Versions & Language Evolution,Java Foundations,Java Versions & Language Evolution,Java 17,D2 Core,Can you tell me some new features that were introduced in Java 17?
925,185,5,Q0501,12,"Modern Java, JPMS & Advanced Toolchain",Java Versions & Language Evolution,Java Foundations,Java Versions & Language Evolution,Java 21,D2 Core,"As you said you are using Java 21, can you please tell me what new changes have arrived in Java 21?"
926,186,1,Q0502,12,"Modern Java, JPMS & Advanced Toolchain",Java Versions & Language Evolution,Java Foundations,Java Versions & Language Evolution,Java 8,D2 Core,Why was Java 8 introduced? Why was there a requirement to upgrade from Java 7 to Java 8?
927,186,2,Q0503,12,"Modern Java, JPMS & Advanced Toolchain",Java Versions & Language Evolution,Java Foundations,Java Versions & Language Evolution,Java 8,D2 Core,"From Java 8 onwards, what were the major changes introduced in Java 8?"
928,186,3,Q0504,12,"Modern Java, JPMS & Advanced Toolchain",Java Versions & Language Evolution,Java Foundations,Java Versions & Language Evolution,Java Features,D2 Core,Are you aware of recent Java updates such as Records and Sealed Classes?
929,186,4,Q0505,12,"Modern Java, JPMS & Advanced Toolchain",Java Versions & Language Evolution,Java Foundations,Java Versions & Language Evolution,Java 8,D4 Experience,Which Java 8 features do you use most of the time?
930,186,5,Q0506,12,"Modern Java, JPMS & Advanced Toolchain",Java Versions & Language Evolution,Java Foundations,Java Versions & Language Evolution,Java Version,D4 Experience,Which Java version do you use in your current project?
931,187,1,Q0507,12,"Modern Java, JPMS & Advanced Toolchain",Java Versions & Language Evolution,Java Foundations,Java Versions & Language Evolution,Java Version,D4 Experience,"Currently, which Java version are you working on?"
932,187,2,Q0508,12,"Modern Java, JPMS & Advanced Toolchain",Java Versions & Language Evolution,Java Foundations,Java Versions & Language Evolution,Java Version,D4 Experience,What's the Java version you are using?
933,187,3,Q0509,12,"Modern Java, JPMS & Advanced Toolchain",Java Versions & Language Evolution,Java Foundations,Java Versions & Language Evolution,Java Version,D4 Experience,Why did you choose Java 17 if you are not using many Java 17-specific features?
934,187,4,Q2254,12,"Modern Java, JPMS & Advanced Toolchain",Modern Java Language Features,Modern Java,Modern Java Language Features,Java 9-26 Language Features,D2 Core,"What is local variable type inference with var, and where can var be used?"
935,187,5,Q2255,12,"Modern Java, JPMS & Advanced Toolchain",Modern Java Language Features,Modern Java,Modern Java Language Features,Java 9-26 Language Features,D2 Core,Where is var not allowed in Java?
936,188,1,Q2256,12,"Modern Java, JPMS & Advanced Toolchain",Modern Java Language Features,Modern Java,Modern Java Language Features,Java 9-26 Language Features,D2 Core,"What is a switch expression, and how does it differ from a traditional switch statement?"
937,188,2,Q2257,12,"Modern Java, JPMS & Advanced Toolchain",Modern Java Language Features,Modern Java,Modern Java Language Features,Java 9-26 Language Features,D2 Core,What is the yield keyword in a switch expression?
938,188,3,Q2258,12,"Modern Java, JPMS & Advanced Toolchain",Modern Java Language Features,Modern Java,Modern Java Language Features,Java 9-26 Language Features,D2 Core,What are arrow labels in modern switch syntax?
939,188,4,Q2259,12,"Modern Java, JPMS & Advanced Toolchain",Modern Java Language Features,Modern Java,Modern Java Language Features,Java 9-26 Language Features,D2 Core,What is pattern matching for instanceof?
940,188,5,Q2260,12,"Modern Java, JPMS & Advanced Toolchain",Modern Java Language Features,Modern Java,Modern Java Language Features,Java 9-26 Language Features,D3 Applied,How does pattern matching for switch reduce explicit casts?
941,189,1,Q2261,12,"Modern Java, JPMS & Advanced Toolchain",Modern Java Language Features,Modern Java,Modern Java Language Features,Java 9-26 Language Features,D3 Applied,What is a record in Java?
942,189,2,Q2262,12,"Modern Java, JPMS & Advanced Toolchain",Modern Java Language Features,Modern Java,Modern Java Language Features,Java 9-26 Language Features,D3 Applied,What members does the compiler generate for a record?
943,189,3,Q2263,12,"Modern Java, JPMS & Advanced Toolchain",Modern Java Language Features,Modern Java,Modern Java Language Features,Java 9-26 Language Features,D3 Applied,Can a record declare additional methods and constructors?
944,189,4,Q2264,12,"Modern Java, JPMS & Advanced Toolchain",Modern Java Language Features,Modern Java,Modern Java Language Features,Java 9-26 Language Features,D3 Applied,What restrictions apply to record instance fields?
945,189,5,Q2265,12,"Modern Java, JPMS & Advanced Toolchain",Modern Java Language Features,Modern Java,Modern Java Language Features,Java 9-26 Language Features,D3 Applied,What is a sealed class or sealed interface?
946,190,1,Q2266,12,"Modern Java, JPMS & Advanced Toolchain",Modern Java Language Features,Modern Java,Modern Java Language Features,Java 9-26 Language Features,D3 Applied,"What are permits, final, sealed, and non-sealed in a sealed hierarchy?"
947,190,2,Q2267,12,"Modern Java, JPMS & Advanced Toolchain",Modern Java Language Features,Modern Java,Modern Java Language Features,Java 9-26 Language Features,D3 Applied,How can sealed types improve exhaustive switch handling?
948,190,3,Q2268,12,"Modern Java, JPMS & Advanced Toolchain",Modern Java Language Features,Modern Java,Modern Java Language Features,Java 9-26 Language Features,D3 Applied,What are text blocks in Java?
949,190,4,Q2269,12,"Modern Java, JPMS & Advanced Toolchain",Modern Java Language Features,Modern Java,Modern Java Language Features,Java 9-26 Language Features,D3 Applied,How do text blocks handle indentation and embedded quotation marks?
950,190,5,Q2270,12,"Modern Java, JPMS & Advanced Toolchain",Modern Java Language Features,Modern Java,Modern Java Language Features,Java 9-26 Language Features,D3 Applied,What are record patterns?
951,191,1,Q2271,12,"Modern Java, JPMS & Advanced Toolchain",Modern Java Language Features,Modern Java,Modern Java Language Features,Java 9-26 Language Features,D3 Applied,What are guarded patterns in pattern-matching switch constructs?
952,191,2,Q2272,12,"Modern Java, JPMS & Advanced Toolchain",Modern Java Language Features,Modern Java,Modern Java Language Features,Java 9-26 Language Features,D3 Applied,What are unnamed variables and unnamed patterns in modern Java?
953,191,3,Q2273,12,"Modern Java, JPMS & Advanced Toolchain",Modern Java Language Features,Modern Java,Modern Java Language Features,Java 9-26 Language Features,D3 Applied,What are compact source files and instance main methods?
954,191,4,Q2274,12,"Modern Java, JPMS & Advanced Toolchain",Modern Java Language Features,Modern Java,Modern Java Language Features,Java 9-26 Language Features,D3 Applied,What are module import declarations in modern Java?
955,191,5,Q2275,12,"Modern Java, JPMS & Advanced Toolchain",Modern Java Language Features,Modern Java,Modern Java Language Features,Java 9-26 Language Features,D3 Applied,"What are flexible constructor bodies, and what changed compared with older constructor rules?"
956,192,1,Q2276,12,"Modern Java, JPMS & Advanced Toolchain",Modern Java Language Features,Modern Java,Modern Java Language Features,Java 9-26 Language Features,D3 Applied,"What is string templates preview history, and why should developers check feature status before using preview language features?"
957,192,2,Q2277,12,"Modern Java, JPMS & Advanced Toolchain",Modern Java Language Features,Modern Java,Modern Java Language Features,Java 9-26 Language Features,D3 Applied,What are primitive patterns in modern Java preview features?
958,192,3,Q2278,12,"Modern Java, JPMS & Advanced Toolchain",Modern Java Language Features,Modern Java,Modern Java Language Features,Java 9-26 Language Features,D3 Applied,What does --enable-preview mean when compiling and running Java code?
959,192,4,Q2239,12,"Modern Java, JPMS & Advanced Toolchain",Java Platform Module System,JVM & Runtime,Java Platform Module System,JPMS / module-info.java,D2 Core,"What is the Java Platform Module System, or JPMS?"
960,192,5,Q2240,12,"Modern Java, JPMS & Advanced Toolchain",Java Platform Module System,JVM & Runtime,Java Platform Module System,JPMS / module-info.java,D2 Core,What problem was JPMS designed to address?
961,193,1,Q2241,12,"Modern Java, JPMS & Advanced Toolchain",Java Platform Module System,JVM & Runtime,Java Platform Module System,JPMS / module-info.java,D2 Core,What is module-info.java?
962,193,2,Q2242,12,"Modern Java, JPMS & Advanced Toolchain",Java Platform Module System,JVM & Runtime,Java Platform Module System,JPMS / module-info.java,D2 Core,What does requires mean in a module descriptor?
963,193,3,Q2243,12,"Modern Java, JPMS & Advanced Toolchain",Java Platform Module System,JVM & Runtime,Java Platform Module System,JPMS / module-info.java,D2 Core,What does exports mean in a module descriptor?
964,193,4,Q2244,12,"Modern Java, JPMS & Advanced Toolchain",Java Platform Module System,JVM & Runtime,Java Platform Module System,JPMS / module-info.java,D2 Core,What does opens mean in a module descriptor?
965,193,5,Q2245,12,"Modern Java, JPMS & Advanced Toolchain",Java Platform Module System,JVM & Runtime,Java Platform Module System,JPMS / module-info.java,D2 Core,What is the difference between exports and opens?
966,194,1,Q2246,12,"Modern Java, JPMS & Advanced Toolchain",Java Platform Module System,JVM & Runtime,Java Platform Module System,JPMS / module-info.java,D3 Applied,What does requires transitive mean?
967,194,2,Q2247,12,"Modern Java, JPMS & Advanced Toolchain",Java Platform Module System,JVM & Runtime,Java Platform Module System,JPMS / module-info.java,D3 Applied,What does requires static mean?
968,194,3,Q2248,12,"Modern Java, JPMS & Advanced Toolchain",Java Platform Module System,JVM & Runtime,Java Platform Module System,JPMS / module-info.java,D3 Applied,What are automatic modules?
969,194,4,Q2249,12,"Modern Java, JPMS & Advanced Toolchain",Java Platform Module System,JVM & Runtime,Java Platform Module System,JPMS / module-info.java,D3 Applied,What is the unnamed module?
970,194,5,Q2250,12,"Modern Java, JPMS & Advanced Toolchain",Java Platform Module System,JVM & Runtime,Java Platform Module System,JPMS / module-info.java,D3 Applied,"What is the module path, and how is it different from the classpath?"
971,195,1,Q2251,12,"Modern Java, JPMS & Advanced Toolchain",Java Platform Module System,JVM & Runtime,Java Platform Module System,JPMS / module-info.java,D3 Applied,What is split-package conflict in a modular Java application?
972,195,2,Q2252,12,"Modern Java, JPMS & Advanced Toolchain",Java Platform Module System,JVM & Runtime,Java Platform Module System,JPMS / module-info.java,D3 Applied,How does reflection interact with strongly encapsulated modules?
973,195,3,Q2253,12,"Modern Java, JPMS & Advanced Toolchain",Java Platform Module System,JVM & Runtime,Java Platform Module System,JPMS / module-info.java,D3 Applied,"What are services, uses, and provides...with in JPMS?"
974,195,4,Q2304,12,"Modern Java, JPMS & Advanced Toolchain",Native & Foreign Interoperability,JVM & Runtime,Native & Foreign Interoperability,JNI / Foreign Function & Memory API,D3 Applied,"What is JNI, and when might a Java application need it?"
975,195,5,Q2305,12,"Modern Java, JPMS & Advanced Toolchain",Native & Foreign Interoperability,JVM & Runtime,Native & Foreign Interoperability,JNI / Foreign Function & Memory API,D3 Applied,What risks and maintenance costs come with JNI?
976,196,1,Q2306,12,"Modern Java, JPMS & Advanced Toolchain",Native & Foreign Interoperability,JVM & Runtime,Native & Foreign Interoperability,JNI / Foreign Function & Memory API,D5 Advanced/Design,What is the Foreign Function and Memory API intended to provide?
977,196,2,Q2307,12,"Modern Java, JPMS & Advanced Toolchain",Native & Foreign Interoperability,JVM & Runtime,Native & Foreign Interoperability,JNI / Foreign Function & Memory API,D5 Advanced/Design,What is a MemorySegment in the Foreign Function and Memory API?
978,196,3,Q2308,12,"Modern Java, JPMS & Advanced Toolchain",Native & Foreign Interoperability,JVM & Runtime,Native & Foreign Interoperability,JNI / Foreign Function & Memory API,D5 Advanced/Design,How does the Foreign Function and Memory API differ conceptually from JNI?
979,196,4,Q2229,12,"Modern Java, JPMS & Advanced Toolchain",Java Toolchain & Packaging,Engineering Setup,Java Toolchain & Packaging,JDK Tools,D1 Foundation,"What is javadoc, and how are API documentation comments generated?"
980,196,5,Q2230,12,"Modern Java, JPMS & Advanced Toolchain",Java Toolchain & Packaging,Engineering Setup,Java Toolchain & Packaging,JDK Tools,D1 Foundation,"What is jdb, and what kind of debugging can it perform?"
981,197,1,Q2231,12,"Modern Java, JPMS & Advanced Toolchain",Java Toolchain & Packaging,Engineering Setup,Java Toolchain & Packaging,JDK Tools,D1 Foundation,"What is jshell, and when is it useful?"
982,197,2,Q2232,12,"Modern Java, JPMS & Advanced Toolchain",Java Toolchain & Packaging,Engineering Setup,Java Toolchain & Packaging,JDK Tools,D1 Foundation,What does jdeps analyze?
983,197,3,Q2233,12,"Modern Java, JPMS & Advanced Toolchain",Java Toolchain & Packaging,Engineering Setup,Java Toolchain & Packaging,JDK Tools,D1 Foundation,"What is jlink, and what problem does it solve?"
984,197,4,Q2234,12,"Modern Java, JPMS & Advanced Toolchain",Java Toolchain & Packaging,Engineering Setup,Java Toolchain & Packaging,JDK Tools,D2 Core,"What is jpackage, and what kinds of application packages can it create?"
985,197,5,Q2235,12,"Modern Java, JPMS & Advanced Toolchain",Java Toolchain & Packaging,Engineering Setup,Java Toolchain & Packaging,JDK Tools,D2 Core,What is the difference between the classpath and the module path?
986,198,1,Q0037,13,"Algorithms, Recursion & Coding Problems",Arrays,Java Fundamentals,Arrays,Arrays,D3 Applied,"If you are given an array of integers and your task is to remove duplicate elements and make the array contain unique numbers, how will you do that in Java?"
987,198,2,Q0038,13,"Algorithms, Recursion & Coding Problems",Arrays,Java Fundamentals,Arrays,Arrays,D3 Applied,"Merge two unsorted arrays into a single sorted array. How would you solve it, including with Stream API?"
988,198,3,Q0039,13,"Algorithms, Recursion & Coding Problems",Arrays,Java Fundamentals,Arrays,Arrays,D3 Applied,You are given an array containing only 0 and 1. Shift all the zeros to the left side and all the ones to the right side. What approach would you take?
989,198,4,Q0040,13,"Algorithms, Recursion & Coding Problems",Arrays,Java Fundamentals,Arrays,Arrays,D3 Applied,You are given an array containing zeros and other numbers. Move all zeros to the right side and all other elements to the left. What logic would you use?
990,198,5,Q0041,13,"Algorithms, Recursion & Coding Problems",Arrays,Java Fundamentals,Arrays,Arrays,D3 Applied,Can we sort an array using only one loop?
991,199,1,Q0042,13,"Algorithms, Recursion & Coding Problems",Arrays,Java Fundamentals,Arrays,Arrays,D3 Applied,"Given a sorted Array containing duplicates, remove the duplicate elements by modifying the same Array. How would you approach it?"
992,199,2,Q0746,13,"Algorithms, Recursion & Coding Problems","Algorithms, Recursion & Coding Problems",Problem Solving,"Algorithms, Recursion & Coding Problems",Recursion,D2 Core,What will happen if you call a method inside its own body without a terminating condition?
993,199,3,Q0747,13,"Algorithms, Recursion & Coding Problems","Algorithms, Recursion & Coding Problems",Problem Solving,"Algorithms, Recursion & Coding Problems",Recursion,D2 Core,How is recursion different from iteration?
994,199,4,Q0748,13,"Algorithms, Recursion & Coding Problems","Algorithms, Recursion & Coding Problems",Problem Solving,"Algorithms, Recursion & Coding Problems",Coding / Two-Pointer Technique,D3 Applied,Have you used the Two-Pointer Technique while solving Coding Problems?
995,199,5,Q0749,13,"Algorithms, Recursion & Coding Problems","Algorithms, Recursion & Coding Problems",Problem Solving,"Algorithms, Recursion & Coding Problems",Coding Best Practices,D3 Applied,What are KISS and DRY coding principles?
996,200,1,Q0750,13,"Algorithms, Recursion & Coding Problems","Algorithms, Recursion & Coding Problems",Problem Solving,"Algorithms, Recursion & Coding Problems",Core Java,D3 Applied,"If a class contains uninitialized int instance variables and you print them through an Object, what will the output be?"
997,200,2,Q0751,13,"Algorithms, Recursion & Coding Problems","Algorithms, Recursion & Coding Problems",Problem Solving,"Algorithms, Recursion & Coding Problems",Core Java,D3 Applied,What happens if an integer value is used directly as the condition of a for loop instead of a boolean expression?
998,200,3,Q0752,13,"Algorithms, Recursion & Coding Problems","Algorithms, Recursion & Coding Problems",Problem Solving,"Algorithms, Recursion & Coding Problems",Core Java,D3 Applied,What happens if a break statement is used inside an if block that is not inside a Loop or switch?
999,200,4,Q0753,13,"Algorithms, Recursion & Coding Problems","Algorithms, Recursion & Coding Problems",Problem Solving,"Algorithms, Recursion & Coding Problems",Java Coding,D3 Applied,Write Java code to swap two numbers without using a temporary variable.
1000,200,5,Q0754,13,"Algorithms, Recursion & Coding Problems","Algorithms, Recursion & Coding Problems",Problem Solving,"Algorithms, Recursion & Coding Problems",Java Coding,D3 Applied,Explain your approach and the code you wrote for finding the first non-repeating character.
1001,201,1,Q0755,13,"Algorithms, Recursion & Coding Problems","Algorithms, Recursion & Coding Problems",Problem Solving,"Algorithms, Recursion & Coding Problems",Java Coding / Complexity,D3 Applied,What would be the time complexity of your solution?
1002,201,2,Q0756,13,"Algorithms, Recursion & Coding Problems","Algorithms, Recursion & Coding Problems",Problem Solving,"Algorithms, Recursion & Coding Problems",Java Coding / Prime Number,D3 Applied,How will you find whether a number is prime or not in the fastest way? What would be your best approach?
1003,201,3,Q0757,13,"Algorithms, Recursion & Coding Problems","Algorithms, Recursion & Coding Problems",Problem Solving,"Algorithms, Recursion & Coding Problems",Java Coding / Recursion,D3 Applied,Find the factorial of a number using recursion instead of Stream API.
1004,201,4,Q0758,13,"Algorithms, Recursion & Coding Problems","Algorithms, Recursion & Coding Problems",Problem Solving,"Algorithms, Recursion & Coding Problems",Java Coding / Recursion,D3 Applied,Write a program to calculate the nth Fibonacci number.
1005,201,5,Q0759,13,"Algorithms, Recursion & Coding Problems","Algorithms, Recursion & Coding Problems",Problem Solving,"Algorithms, Recursion & Coding Problems",Java Coding / Sorting,D3 Applied,"If a program requires sorting an array, how would you sort it in Java? What approach do you generally use?"
1006,202,1,Q0760,13,"Algorithms, Recursion & Coding Problems","Algorithms, Recursion & Coding Problems",Problem Solving,"Algorithms, Recursion & Coding Problems",Java Coding / Sorting,D3 Applied,You have a list of String names. Show two different ways to sort them alphabetically.
1007,202,2,Q0761,13,"Algorithms, Recursion & Coding Problems","Algorithms, Recursion & Coding Problems",Problem Solving,"Algorithms, Recursion & Coding Problems",Stream API,D3 Applied,Write a Java program to count the occurrence of each character in a given string using Stream API.
1008,202,3,Q0762,13,"Algorithms, Recursion & Coding Problems","Algorithms, Recursion & Coding Problems",Problem Solving,"Algorithms, Recursion & Coding Problems",Stream API,D3 Applied,You are given a string and you have to convert the string into uppercase. All characters of the string should be in uppercase.
1009,202,4,Q0763,13,"Algorithms, Recursion & Coding Problems","Algorithms, Recursion & Coding Problems",Problem Solving,"Algorithms, Recursion & Coding Problems",Stream API,D3 Applied,"Take a list, enter two or three strings, and convert all those strings into uppercase."
1010,202,5,Q0764,13,"Algorithms, Recursion & Coding Problems","Algorithms, Recursion & Coding Problems",Problem Solving,"Algorithms, Recursion & Coding Problems",Stream API,D3 Applied,"You are given a list of Employee objects, each with name and salary. Use Stream API to find the employee with the second-highest salary and return its name. Alternatively, assume a list of integers and find the second-highest number."
1011,203,1,Q0765,13,"Algorithms, Recursion & Coding Problems","Algorithms, Recursion & Coding Problems",Problem Solving,"Algorithms, Recursion & Coding Problems",Stream API,D3 Applied,"You are given a list containing employee salaries. Count how many salaries are greater than 10,000."
1012,203,2,Q0766,13,"Algorithms, Recursion & Coding Problems","Algorithms, Recursion & Coding Problems",Problem Solving,"Algorithms, Recursion & Coding Problems",Stream API,D3 Applied,You are given integers and you have to print the sum of those integers using Stream API.
1013,203,3,Q0767,13,"Algorithms, Recursion & Coding Problems","Algorithms, Recursion & Coding Problems",Problem Solving,"Algorithms, Recursion & Coding Problems",Stream API,D3 Applied,Now you are given a List instead of an array. How would you solve it?
1014,203,4,Q0768,13,"Algorithms, Recursion & Coding Problems","Algorithms, Recursion & Coding Problems",Problem Solving,"Algorithms, Recursion & Coding Problems",Stream API,D3 Applied,You are given a list of Strings. Modify the list so that the first letter of every String is uppercase and the remaining letters are lowercase using Java 8 Stream API.
1015,203,5,Q0769,13,"Algorithms, Recursion & Coding Problems","Algorithms, Recursion & Coding Problems",Problem Solving,"Algorithms, Recursion & Coding Problems",Stream API,D3 Applied,How would you find the third-highest number from the same list using Stream API?
1016,204,1,Q0770,13,"Algorithms, Recursion & Coding Problems","Algorithms, Recursion & Coding Problems",Problem Solving,"Algorithms, Recursion & Coding Problems",Stream API,D3 Applied,How would you check whether the substring exists in the main String using Java Stream features?
1017,204,2,Q0771,13,"Algorithms, Recursion & Coding Problems","Algorithms, Recursion & Coding Problems",Problem Solving,"Algorithms, Recursion & Coding Problems",Stream API,D3 Applied,"You are given a list of numbers containing unique and duplicate values. Using Stream API, output a list containing only unique elements."
1018,204,3,Q0772,13,"Algorithms, Recursion & Coding Problems","Algorithms, Recursion & Coding Problems",Problem Solving,"Algorithms, Recursion & Coding Problems",Stream API,D3 Applied,"Using the same list, print only the duplicate elements."
1019,204,4,Q0773,13,"Algorithms, Recursion & Coding Problems","Algorithms, Recursion & Coding Problems",Problem Solving,"Algorithms, Recursion & Coding Problems",Stream API,D3 Applied,Print the sum of all the numbers using Stream API.
1020,204,5,Q0774,13,"Algorithms, Recursion & Coding Problems","Algorithms, Recursion & Coding Problems",Problem Solving,"Algorithms, Recursion & Coding Problems",Stream API,D3 Applied,You are given a list of integers. Return the sum of all odd numbers from the list using Stream API.
1021,205,1,Q0775,13,"Algorithms, Recursion & Coding Problems","Algorithms, Recursion & Coding Problems",Problem Solving,"Algorithms, Recursion & Coding Problems",Stream API,D3 Applied,How would you modify the solution to calculate the sum of squares of all odd numbers?
1022,205,2,Q0776,13,"Algorithms, Recursion & Coding Problems","Algorithms, Recursion & Coding Problems",Problem Solving,"Algorithms, Recursion & Coding Problems",Stream API,D3 Applied,You are given an array or ArrayList. Sort it in both ascending and descending order using Stream API.
1023,205,3,Q0777,13,"Algorithms, Recursion & Coding Problems","Algorithms, Recursion & Coding Problems",Problem Solving,"Algorithms, Recursion & Coding Problems",Stream API,D3 Applied,You are given a list of integers. Find all the numbers starting with 1 using Stream functions and print those numbers.
1024,205,4,Q0778,13,"Algorithms, Recursion & Coding Problems","Algorithms, Recursion & Coding Problems",Problem Solving,"Algorithms, Recursion & Coding Problems",Stream API,D3 Applied,You are given a list of numbers. Find and print the three maximum and three minimum numbers using Stream API.
1025,205,5,Q0779,13,"Algorithms, Recursion & Coding Problems","Algorithms, Recursion & Coding Problems",Problem Solving,"Algorithms, Recursion & Coding Problems",Stream API,D3 Applied,Find the factorial of a given integer using Stream API.
1026,206,1,Q0780,13,"Algorithms, Recursion & Coding Problems","Algorithms, Recursion & Coding Problems",Problem Solving,"Algorithms, Recursion & Coding Problems",Stream API,D3 Applied,"Given a List of Numbers, find the Top Three Highest Numbers using Stream API."
1027,206,2,Q0781,13,"Algorithms, Recursion & Coding Problems","Algorithms, Recursion & Coding Problems",Problem Solving,"Algorithms, Recursion & Coding Problems",Stream API,D3 Applied,You are given a list of Strings. Group the words by their length using Java Stream API.
1028,206,3,Q0782,13,"Algorithms, Recursion & Coding Problems","Algorithms, Recursion & Coding Problems",Problem Solving,"Algorithms, Recursion & Coding Problems",Stream API,D3 Applied,You are given a String containing numbers and alphabets with no fixed pattern. Return how many numbers and how many alphabets are present.
1029,206,4,Q0783,13,"Algorithms, Recursion & Coding Problems","Algorithms, Recursion & Coding Problems",Problem Solving,"Algorithms, Recursion & Coding Problems",Stream API,D3 Applied,"From a String containing numbers and alphabets, print only the count of numeric characters."
1030,206,5,Q0784,13,"Algorithms, Recursion & Coding Problems","Algorithms, Recursion & Coding Problems",Problem Solving,"Algorithms, Recursion & Coding Problems",Stream API,D3 Applied,You are given a List of Strings. Join all the Strings with a comma and return one single String using Stream API.
1031,207,1,Q0785,13,"Algorithms, Recursion & Coding Problems","Algorithms, Recursion & Coding Problems",Problem Solving,"Algorithms, Recursion & Coding Problems",Stream API,D3 Applied,You are given a List of Strings. Print the longest String among all the Strings.
1032,207,2,Q0786,13,"Algorithms, Recursion & Coding Problems","Algorithms, Recursion & Coding Problems",Problem Solving,"Algorithms, Recursion & Coding Problems",Stream API,D3 Applied,You are given a number n. Find the sum of Prime Numbers from 1 to n using Stream API.
1033,207,3,Q0787,13,"Algorithms, Recursion & Coding Problems","Algorithms, Recursion & Coding Problems",Problem Solving,"Algorithms, Recursion & Coding Problems",Stream API,D3 Applied,"Given a List of Integers and a value k, print the k most frequent elements using Stream API."
1034,207,4,Q0788,13,"Algorithms, Recursion & Coding Problems","Algorithms, Recursion & Coding Problems",Problem Solving,"Algorithms, Recursion & Coding Problems",Stream API,D3 Applied,"Given a List of Integers, calculate the sum of all elements using Stream API."
1035,207,5,Q0789,13,"Algorithms, Recursion & Coding Problems","Algorithms, Recursion & Coding Problems",Problem Solving,"Algorithms, Recursion & Coding Problems",Stream API,D3 Applied,"Given a String, check whether it is a Palindrome using Stream API."
1036,208,1,Q0790,13,"Algorithms, Recursion & Coding Problems","Algorithms, Recursion & Coding Problems",Problem Solving,"Algorithms, Recursion & Coding Problems",Stream API,D3 Applied,"Given a List of Integers, find the first repeating Integer using Stream API."
1037,208,2,Q0791,13,"Algorithms, Recursion & Coding Problems","Algorithms, Recursion & Coding Problems",Problem Solving,"Algorithms, Recursion & Coding Problems",Stream API,D3 Applied,"Given a List of Strings, print only the Palindrome Strings using Stream API."
1038,208,3,Q0792,13,"Algorithms, Recursion & Coding Problems","Algorithms, Recursion & Coding Problems",Problem Solving,"Algorithms, Recursion & Coding Problems",Stream API,D3 Applied,Find the top three most frequently occurring words in a List of Strings using Stream API.
1039,208,4,Q0793,13,"Algorithms, Recursion & Coding Problems","Algorithms, Recursion & Coding Problems",Problem Solving,"Algorithms, Recursion & Coding Problems",Stream API,D3 Applied,"Given a List of Integers, calculate the sum of only the Even Numbers using Stream API."
1040,208,5,Q0794,13,"Algorithms, Recursion & Coding Problems","Algorithms, Recursion & Coding Problems",Problem Solving,"Algorithms, Recursion & Coding Problems",Stream API,D3 Applied,"Given an Array of Numbers, filter the Even Numbers, double them, and collect the result into a List using Stream API."
1041,209,1,Q0795,13,"Algorithms, Recursion & Coding Problems","Algorithms, Recursion & Coding Problems",Problem Solving,"Algorithms, Recursion & Coding Problems",Stream API,D3 Applied,"Given a List of Integers, find the Maximum Value using Stream API."
1042,209,2,Q0796,13,"Algorithms, Recursion & Coding Problems","Algorithms, Recursion & Coding Problems",Problem Solving,"Algorithms, Recursion & Coding Problems",Stream API,D3 Applied,"Given a Number such as 123, find the sum of its digits using Stream API."
1043,209,3,Q0797,13,"Algorithms, Recursion & Coding Problems","Algorithms, Recursion & Coding Problems",Problem Solving,"Algorithms, Recursion & Coding Problems",Stream API,D3 Applied,"Given Employee Salaries, calculate the Average Salary using Stream API."
1044,209,4,Q0798,13,"Algorithms, Recursion & Coding Problems","Algorithms, Recursion & Coding Problems",Problem Solving,"Algorithms, Recursion & Coding Problems",Stream API,D3 Applied,"Given a List of Strings, find the Third-Largest String using Stream API."
1045,209,5,Q0799,13,"Algorithms, Recursion & Coding Problems","Algorithms, Recursion & Coding Problems",Problem Solving,"Algorithms, Recursion & Coding Problems",Stream API,D3 Applied,"Given a List of Numbers, find the Duplicate Elements using Stream API."
1046,210,1,Q0050,13,"Algorithms, Recursion & Coding Problems","Strings, StringBuilder & StringBuffer",Java Fundamentals,"Strings, StringBuilder & StringBuffer",Strings,D3 Applied,You are given a list of strings and have to arrange the strings into groups based on character similarity. How would you solve it?
1047,210,2,Q0051,13,"Algorithms, Recursion & Coding Problems","Strings, StringBuilder & StringBuffer",Java Fundamentals,"Strings, StringBuilder & StringBuffer",Strings,D3 Applied,"You are given two Strings, one main String and one substring. Check whether the substring exists in the main String without using direct built-in substring-checking methods."
1048,210,3,Q0052,13,"Algorithms, Recursion & Coding Problems","Strings, StringBuilder & StringBuffer",Java Fundamentals,"Strings, StringBuilder & StringBuffer",Strings,D3 Applied,Write a program to find the first non-repeating character in a String.
1049,210,4,Q0053,13,"Algorithms, Recursion & Coding Problems","Strings, StringBuilder & StringBuffer",Java Fundamentals,"Strings, StringBuilder & StringBuffer",Strings,D3 Applied,"You are given a String containing numbers followed by alphabets, such as 3a2b. Produce output equivalent to three a characters and two b characters. How would you solve it?"
1050,210,5,Q0054,13,"Algorithms, Recursion & Coding Problems","Strings, StringBuilder & StringBuffer",Java Fundamentals,"Strings, StringBuilder & StringBuffer",Strings,D3 Applied,Find the Longest Palindromic Substring in a given String.
1051,211,1,Q2063,13,"Algorithms, Recursion & Coding Problems","Methods, Arrays & Enums",Java Fundamentals,"Methods, Arrays & Enums",Methods / Arrays / Enums,D1 Foundation,"What is recursion, and what is a base case?"
1052,211,2,Q0800,14,"SOLID, Clean Code & Design Patterns","SOLID, Cohesion & Clean Code",Design & Architecture,"SOLID, Cohesion & Clean Code",Cohesion,D1 Foundation,Have you heard about Cohesion?
1053,211,3,Q0801,14,"SOLID, Clean Code & Design Patterns","SOLID, Cohesion & Clean Code",Design & Architecture,"SOLID, Cohesion & Clean Code",Design Patterns / SOLID,D2 Core,Give me an example of a design pattern which is based on the Open/Closed Principle.
1054,211,4,Q0802,14,"SOLID, Clean Code & Design Patterns","SOLID, Cohesion & Clean Code",Design & Architecture,"SOLID, Cohesion & Clean Code",Design Patterns / SOLID,D2 Core,"A Payment Module supports Razorpay, PayPal and Stripe, with new Providers expected every quarter. How would you design it so new Providers can be added without major changes?"
1055,211,5,Q0803,14,"SOLID, Clean Code & Design Patterns","SOLID, Cohesion & Clean Code",Design & Architecture,"SOLID, Cohesion & Clean Code",OOP / Coupling,D2 Core,What is the difference between Loose Coupling and Tight Coupling?
1056,212,1,Q0804,14,"SOLID, Clean Code & Design Patterns","SOLID, Cohesion & Clean Code",Design & Architecture,"SOLID, Cohesion & Clean Code",OOP / Design Principles,D2 Core,Do you know about composition over inheritance principle?
1057,212,2,Q0806,14,"SOLID, Clean Code & Design Patterns","SOLID, Cohesion & Clean Code",Design & Architecture,"SOLID, Cohesion & Clean Code",SOLID / Liskov Substitution Principle,D2 Core,"A Square extends Rectangle, which has setWidth() and setHeight(). Does this violate the Liskov Substitution Principle?"
1058,212,3,Q0808,14,"SOLID, Clean Code & Design Patterns","SOLID, Cohesion & Clean Code",Design & Architecture,"SOLID, Cohesion & Clean Code",SOLID Principles,D2 Core,Can you explain the Liskov Substitution Principle?
1059,212,4,Q0809,14,"SOLID, Clean Code & Design Patterns","SOLID, Cohesion & Clean Code",Design & Architecture,"SOLID, Cohesion & Clean Code",SOLID Principles,D2 Core,Can you explain the Single Responsibility Principle?
1060,212,5,Q0810,14,"SOLID, Clean Code & Design Patterns","SOLID, Cohesion & Clean Code",Design & Architecture,"SOLID, Cohesion & Clean Code",SOLID Principles,D2 Core,"In SOLID principles, can you explain Liskov Substitution and Interface Segregation with real examples?"
1061,213,1,Q0811,14,"SOLID, Clean Code & Design Patterns","SOLID, Cohesion & Clean Code",Design & Architecture,"SOLID, Cohesion & Clean Code",SOLID Principles,D2 Core,What about the Open/Closed Principle?
1062,213,2,Q0812,14,"SOLID, Clean Code & Design Patterns","SOLID, Cohesion & Clean Code",Design & Architecture,"SOLID, Cohesion & Clean Code",SOLID Principles,D2 Core,"A class is doing database logic, email and validation. Which SOLID principle is violated?"
1063,213,3,Q0813,14,"SOLID, Clean Code & Design Patterns","SOLID, Cohesion & Clean Code",Design & Architecture,"SOLID, Cohesion & Clean Code",SOLID Principles,D2 Core,Can strictly following every SOLID Principle ever make the Code worse?
1064,213,4,Q0805,14,"SOLID, Clean Code & Design Patterns","SOLID, Cohesion & Clean Code",Design & Architecture,"SOLID, Cohesion & Clean Code",Singleton / SOLID,D2 Core,Does the Singleton Design Pattern violate SOLID Principles?
1065,213,5,Q0814,14,"SOLID, Clean Code & Design Patterns","SOLID, Cohesion & Clean Code",Design & Architecture,"SOLID, Cohesion & Clean Code",Strategy Pattern / SOLID,D2 Core,What's the similarity between Strategy pattern and the Open/Closed Principle from SOLID?
1066,214,1,Q0815,14,"SOLID, Clean Code & Design Patterns","SOLID, Cohesion & Clean Code",Design & Architecture,"SOLID, Cohesion & Clean Code",SOLID Principles,D4 Experience,Are you guys following SOLID principles?
1067,214,2,Q0816,14,"SOLID, Clean Code & Design Patterns","SOLID, Cohesion & Clean Code",Design & Architecture,"SOLID, Cohesion & Clean Code",SOLID Principles,D4 Experience,Can you give me an example where you have applied a SOLID principle in your code?
1068,214,3,Q0817,14,"SOLID, Clean Code & Design Patterns","SOLID, Cohesion & Clean Code",Design & Architecture,"SOLID, Cohesion & Clean Code",SOLID Principles,D4 Experience,Which SOLID principle do you use most in your projects?
1069,214,4,Q0818,14,"SOLID, Clean Code & Design Patterns","SOLID, Cohesion & Clean Code",Design & Architecture,"SOLID, Cohesion & Clean Code",SOLID Principles,D4 Experience,Have you encountered a SOLID Principle violation in your code and fixed it?
1070,214,5,Q0819,14,"SOLID, Clean Code & Design Patterns",Design Patterns,Design & Architecture,Design Patterns,Design Patterns,D1 Foundation,Have you heard about the Adapter Design Pattern?
1071,215,1,Q0820,14,"SOLID, Clean Code & Design Patterns",Design Patterns,Design & Architecture,Design Patterns,Singleton,D1 Foundation,What is the Double-Checked Locking Pattern for Singleton?
1072,215,2,Q0821,14,"SOLID, Clean Code & Design Patterns",Design Patterns,Design & Architecture,Design Patterns,Singleton,D1 Foundation,What are Lazy and Eager Singleton implementations?
1073,215,3,Q0822,14,"SOLID, Clean Code & Design Patterns",Design Patterns,Design & Architecture,Design Patterns,Builder Design Pattern,D2 Core,What does the Builder design pattern do?
1074,215,4,Q0823,14,"SOLID, Clean Code & Design Patterns",Design Patterns,Design & Architecture,Design Patterns,Builder Design Pattern,D2 Core,You have a complex object with optional fields. How would the Builder pattern help compared to telescoping constructors?
1075,215,5,Q0824,14,"SOLID, Clean Code & Design Patterns",Design Patterns,Design & Architecture,Design Patterns,Builder Design Pattern,D2 Core,You are designing an API for creating a complex configuration object. Which Design Pattern would you choose to facilitate ease of use and flexibility in object creation?
1076,216,1,Q0825,14,"SOLID, Clean Code & Design Patterns",Design Patterns,Design & Architecture,Design Patterns,Design Patterns,D2 Core,Do you know about design patterns?
1077,216,2,Q0826,14,"SOLID, Clean Code & Design Patterns",Design Patterns,Design & Architecture,Design Patterns,Design Patterns,D2 Core,Can you tell me the purpose of design patterns? Why do developers introduce design patterns?
1078,216,3,Q0827,14,"SOLID, Clean Code & Design Patterns",Design Patterns,Design & Architecture,Design Patterns,Design Patterns,D2 Core,Do you know about the Proxy design pattern?
1079,216,4,Q0828,14,"SOLID, Clean Code & Design Patterns",Design Patterns,Design & Architecture,Design Patterns,Design Patterns,D2 Core,What's the difference between Factory design pattern and Builder pattern?
1080,216,5,Q0829,14,"SOLID, Clean Code & Design Patterns",Design Patterns,Design & Architecture,Design Patterns,Design Patterns,D2 Core,Tell me one Design Pattern that you know best.
1081,217,1,Q0830,14,"SOLID, Clean Code & Design Patterns",Design Patterns,Design & Architecture,Design Patterns,Design Patterns,D2 Core,How do you choose the appropriate Design Pattern for a particular problem? What criteria do you use?
1082,217,2,Q0831,14,"SOLID, Clean Code & Design Patterns",Design Patterns,Design & Architecture,Design Patterns,Design Patterns,D2 Core,What is the difference between the Factory Pattern and Strategy Pattern?
1083,217,3,Q0832,14,"SOLID, Clean Code & Design Patterns",Design Patterns,Design & Architecture,Design Patterns,Design Patterns / Template Method,D2 Core,"You have a Superclass method that all Subclasses should use, but some Subclasses require additional steps. How would you design this?"
1084,217,4,Q0833,14,"SOLID, Clean Code & Design Patterns",Design Patterns,Design & Architecture,Design Patterns,Factory Design Pattern,D2 Core,Do you know about the Factory pattern?
1085,217,5,Q0834,14,"SOLID, Clean Code & Design Patterns",Design Patterns,Design & Architecture,Design Patterns,Observer Design Pattern,D2 Core,Let's say a YouTube publisher has a channel with multiple subscribers. Which design pattern can be used here?
1086,218,1,Q0835,14,"SOLID, Clean Code & Design Patterns",Design Patterns,Design & Architecture,Design Patterns,Singleton,D2 Core,Can you tell me about Singleton classes?
1087,218,2,Q0836,14,"SOLID, Clean Code & Design Patterns",Design Patterns,Design & Architecture,Design Patterns,Singleton,D2 Core,How can we create Singleton classes?
1088,218,3,Q0837,14,"SOLID, Clean Code & Design Patterns",Design Patterns,Design & Architecture,Design Patterns,Singleton,D2 Core,What is the difference between Lazy and Eager Singleton?
1089,218,4,Q0838,14,"SOLID, Clean Code & Design Patterns",Design Patterns,Design & Architecture,Design Patterns,Singleton,D2 Core,"There are multiple Singleton implementations, such as enum-based implementation. Which one is the best?"
1090,218,5,Q0839,14,"SOLID, Clean Code & Design Patterns",Design Patterns,Design & Architecture,Design Patterns,Singleton,D2 Core,Can you discuss the different ways to create a Singleton and their trade-offs?
1091,219,1,Q0840,14,"SOLID, Clean Code & Design Patterns",Design Patterns,Design & Architecture,Design Patterns,Singleton,D2 Core,Can you tell me a use case of the Singleton pattern?
1092,219,2,Q0841,14,"SOLID, Clean Code & Design Patterns",Design Patterns,Design & Architecture,Design Patterns,Singleton,D2 Core,Can you create multiple instances of a Singleton class in Java?
1093,219,3,Q0842,14,"SOLID, Clean Code & Design Patterns",Design Patterns,Design & Architecture,Design Patterns,Singleton,D2 Core,"In a Singleton class, forget about Enum implementation. Even if we make it thread-safe using double locking, can we still create multiple instances?"
1094,219,4,Q0843,14,"SOLID, Clean Code & Design Patterns",Design Patterns,Design & Architecture,Design Patterns,Singleton,D2 Core,Have you worked with Singleton classes? Can you explain Singleton?
1095,219,5,Q0844,14,"SOLID, Clean Code & Design Patterns",Design Patterns,Design & Architecture,Design Patterns,Singleton,D2 Core,"Can a Private Constructor used for Singleton be bypassed using Reflection, Serialization or Cloning?"
1096,220,1,Q0845,14,"SOLID, Clean Code & Design Patterns",Design Patterns,Design & Architecture,Design Patterns,Singleton / Cloning,D2 Core,How can we prevent a Singleton object from cloning? What strategy or methods can be used for preventing the Singleton object from being cloned?
1097,220,2,Q0846,14,"SOLID, Clean Code & Design Patterns",Design Patterns,Design & Architecture,Design Patterns,Singleton / Cloning,D2 Core,What happens if you Clone a Singleton Class?
1098,220,3,Q0847,14,"SOLID, Clean Code & Design Patterns",Design Patterns,Design & Architecture,Design Patterns,Singleton / Enum,D2 Core,We don't write synchronized or other locking code in an Enum Singleton. Why is it thread-safe?
1099,220,4,Q0848,14,"SOLID, Clean Code & Design Patterns",Design Patterns,Design & Architecture,Design Patterns,Singleton / Multithreading,D2 Core,Are these thread-safe?
1100,220,5,Q0849,14,"SOLID, Clean Code & Design Patterns",Design Patterns,Design & Architecture,Design Patterns,Singleton / Multithreading,D2 Core,How will you create a thread-safe Singleton in Java using double-check locking?
1101,221,1,Q0850,14,"SOLID, Clean Code & Design Patterns",Design Patterns,Design & Architecture,Design Patterns,Singleton / Reflection / Serialization,D2 Core,Can we create multiple Singleton instances via Reflection or Serialization?
1102,221,2,Q0851,14,"SOLID, Clean Code & Design Patterns",Design Patterns,Design & Architecture,Design Patterns,Singleton / Serialization,D2 Core,What problems can Serialization and Reflection cause in a Singleton implementation?
1103,221,3,Q0852,14,"SOLID, Clean Code & Design Patterns",Design Patterns,Design & Architecture,Design Patterns,Singleton / Thread Safety,D2 Core,Your colleague creates a Singleton class and you notice it is not Thread-Safe. How would you fix it?
1104,221,4,Q0854,14,"SOLID, Clean Code & Design Patterns",Design Patterns,Design & Architecture,Design Patterns,Singleton,D3 Applied,"If someone asks you to write the best implementation of Singleton design pattern, what would you write, enum-based or double locking?"
1105,221,5,Q0855,14,"SOLID, Clean Code & Design Patterns",Design Patterns,Design & Architecture,Design Patterns,Singleton,D3 Applied,Can you describe how you would implement a Singleton pattern in Java?
1106,222,1,Q0856,14,"SOLID, Clean Code & Design Patterns",Design Patterns,Design & Architecture,Design Patterns,Singleton / Enum,D3 Applied,"How can we implement the Singleton design pattern through Enum, and how is it thread-safe?"
1107,222,2,Q0857,14,"SOLID, Clean Code & Design Patterns",Design Patterns,Design & Architecture,Design Patterns,Builder Pattern,D4 Experience,You said you have worked on Builder pattern. Can you tell me the use case where you have used it in your project?
1108,222,3,Q0858,14,"SOLID, Clean Code & Design Patterns",Design Patterns,Design & Architecture,Design Patterns,Design Patterns,D4 Experience,Where have you used it and why?
1109,222,4,Q0859,14,"SOLID, Clean Code & Design Patterns",Design Patterns,Design & Architecture,Design Patterns,Singleton,D4 Experience,Have you created a Singleton before?
1110,222,5,Q0860,14,"SOLID, Clean Code & Design Patterns",Design Patterns,Design & Architecture,Design Patterns,Singleton,D4 Experience,What real problems can the Singleton Design Pattern cause in Production?
1111,223,1,Q0861,14,"SOLID, Clean Code & Design Patterns",Design Patterns,Design & Architecture,Design Patterns,Strategy Design Pattern,D4 Experience,Where have you used Strategy pattern in your project or anywhere?
1112,223,2,Q0862,14,"SOLID, Clean Code & Design Patterns",Design Patterns,Design & Architecture,Design Patterns,System Design / Design Patterns,D5 Advanced/Design,"How would you design a Payment Module supporting Card, UPI and Wallet payments?"
1113,223,3,Q0873,15,"JUnit, Mockito & General Testing","Mockito, Integration, Regression & Test Strategy",Testing,"Mockito, Integration, Regression & Test Strategy",AI / Unit Testing,D1 Foundation,What is the solution to relying on AI for writing test cases without gaining the underlying experience?
1114,223,4,Q0863,15,"JUnit, Mockito & General Testing",JUnit & Unit Testing,Testing,JUnit & Unit Testing,JUnit,D1 Foundation,What is JUnit?
1115,223,5,Q0864,15,"JUnit, Mockito & General Testing",JUnit & Unit Testing,Testing,JUnit & Unit Testing,JUnit,D1 Foundation,What are the mandatory or important annotations used while writing JUnit test cases?
1116,224,1,Q0874,15,"JUnit, Mockito & General Testing","Mockito, Integration, Regression & Test Strategy",Testing,"Mockito, Integration, Regression & Test Strategy",Mockito,D1 Foundation,What is the @Spy annotation?
1117,224,2,Q0875,15,"JUnit, Mockito & General Testing","Mockito, Integration, Regression & Test Strategy",Testing,"Mockito, Integration, Regression & Test Strategy",Mockito / Spring Boot Testing,D1 Foundation,What are the benefits of using the @MockBean annotation?
1118,224,3,Q0876,15,"JUnit, Mockito & General Testing","Mockito, Integration, Regression & Test Strategy",Testing,"Mockito, Integration, Regression & Test Strategy",Testing / Code Coverage,D1 Foundation,What is a standard percentage for code coverage?
1119,224,4,Q0877,15,"JUnit, Mockito & General Testing","Mockito, Integration, Regression & Test Strategy",Testing,"Mockito, Integration, Regression & Test Strategy",AI / Unit Testing,D2 Core,"If AI is writing your JUnit test cases, what are you guys learning?"
1120,224,5,Q0878,15,"JUnit, Mockito & General Testing","Mockito, Integration, Regression & Test Strategy",Testing,"Mockito, Integration, Regression & Test Strategy",AI / Unit Testing,D2 Core,How would you face real JUnit testing challenges if you are asking AI to write the test cases?
1121,225,1,Q0879,15,"JUnit, Mockito & General Testing","Mockito, Integration, Regression & Test Strategy",Testing,"Mockito, Integration, Regression & Test Strategy",AI / Unit Testing,D2 Core,"If a fresher relies on AI to write JUnit test cases, how would that fresher gain the real issues, scenarios and challenges that an experienced developer knows?"
1122,225,2,Q0865,15,"JUnit, Mockito & General Testing",JUnit & Unit Testing,Testing,JUnit & Unit Testing,JUnit,D2 Core,Do you know the difference between JUnit 5 and JUnit 4?
1123,225,3,Q0866,15,"JUnit, Mockito & General Testing",JUnit & Unit Testing,Testing,JUnit & Unit Testing,JUnit,D2 Core,What if the test class is not public? What would happen?
1124,225,4,Q0867,15,"JUnit, Mockito & General Testing",JUnit & Unit Testing,Testing,JUnit & Unit Testing,JUnit,D2 Core,Can you briefly explain JUnit test cases and why we use them?
1125,225,5,Q0880,15,"JUnit, Mockito & General Testing","Mockito, Integration, Regression & Test Strategy",Testing,"Mockito, Integration, Regression & Test Strategy",JUnit / Mockito,D2 Core,How do JUnit and Mockito help with unit testing in Java projects?
1126,226,1,Q0881,15,"JUnit, Mockito & General Testing","Mockito, Integration, Regression & Test Strategy",Testing,"Mockito, Integration, Regression & Test Strategy",JUnit / Spring Boot Testing,D2 Core,Do you know about some annotations used before writing JUnit test cases?
1127,226,2,Q0882,15,"JUnit, Mockito & General Testing","Mockito, Integration, Regression & Test Strategy",Testing,"Mockito, Integration, Regression & Test Strategy",Mockito,D2 Core,Do you know about Mockito framework?
1128,226,3,Q0883,15,"JUnit, Mockito & General Testing","Mockito, Integration, Regression & Test Strategy",Testing,"Mockito, Integration, Regression & Test Strategy",Mockito,D2 Core,Why do we need Mockito framework?
1129,226,4,Q0884,15,"JUnit, Mockito & General Testing","Mockito, Integration, Regression & Test Strategy",Testing,"Mockito, Integration, Regression & Test Strategy",Mockito,D2 Core,What's the role of Mockito?
1130,226,5,Q0885,15,"JUnit, Mockito & General Testing","Mockito, Integration, Regression & Test Strategy",Testing,"Mockito, Integration, Regression & Test Strategy",Mockito,D2 Core,What is the difference between @Mock and @InjectMocks?
1131,227,1,Q0886,15,"JUnit, Mockito & General Testing","Mockito, Integration, Regression & Test Strategy",Testing,"Mockito, Integration, Regression & Test Strategy",Mockito / PowerMock,D2 Core,When would you use PowerMock instead of Mockito?
1132,227,2,Q0887,15,"JUnit, Mockito & General Testing","Mockito, Integration, Regression & Test Strategy",Testing,"Mockito, Integration, Regression & Test Strategy",Mockito / Spring Boot Testing,D2 Core,What is the difference between @MockBean and @Mock?
1133,227,3,Q0891,15,"JUnit, Mockito & General Testing","Mockito, Integration, Regression & Test Strategy",Testing,"Mockito, Integration, Regression & Test Strategy",Testing,D2 Core,"Can we deploy our application without JUnit test cases, or are they mandatory?"
1134,227,4,Q0892,15,"JUnit, Mockito & General Testing","Mockito, Integration, Regression & Test Strategy",Testing,"Mockito, Integration, Regression & Test Strategy",Testing,D2 Core,Are you aware of other testing approaches such as End-to-End Testing and Regression Testing?
1135,227,5,Q0893,15,"JUnit, Mockito & General Testing","Mockito, Integration, Regression & Test Strategy",Testing,"Mockito, Integration, Regression & Test Strategy",Testing / Code Coverage,D2 Core,How would you exclude a File from Code Coverage?
1136,228,1,Q0894,15,"JUnit, Mockito & General Testing","Mockito, Integration, Regression & Test Strategy",Testing,"Mockito, Integration, Regression & Test Strategy",Unit Testing,D2 Core,What's the purpose of unit testing in software development?
1137,228,2,Q0895,15,"JUnit, Mockito & General Testing","Mockito, Integration, Regression & Test Strategy",Testing,"Mockito, Integration, Regression & Test Strategy",Unit Testing,D2 Core,How can we test a static method?
1138,228,3,Q0896,15,"JUnit, Mockito & General Testing","Mockito, Integration, Regression & Test Strategy",Testing,"Mockito, Integration, Regression & Test Strategy",Unit Testing,D2 Core,Why are unit test cases important?
1139,228,4,Q0897,15,"JUnit, Mockito & General Testing","Mockito, Integration, Regression & Test Strategy",Testing,"Mockito, Integration, Regression & Test Strategy",Unit Testing,D2 Core,Should test cases be there for async methods?
1140,228,5,Q0898,15,"JUnit, Mockito & General Testing","Mockito, Integration, Regression & Test Strategy",Testing,"Mockito, Integration, Regression & Test Strategy",Unit Testing,D2 Core,Why should test cases be written for async methods?
1141,229,1,Q0899,15,"JUnit, Mockito & General Testing","Mockito, Integration, Regression & Test Strategy",Testing,"Mockito, Integration, Regression & Test Strategy",Unit Testing,D2 Core,Why do we use JUnit test cases if an application can be deployed without them?
1142,229,2,Q0901,15,"JUnit, Mockito & General Testing","Mockito, Integration, Regression & Test Strategy",Testing,"Mockito, Integration, Regression & Test Strategy",Unit Testing,D2 Core,How would you Unit Test a Class containing Private Methods with no Setters or Public Constructors?
1143,229,3,Q0902,15,"JUnit, Mockito & General Testing","Mockito, Integration, Regression & Test Strategy",Testing,"Mockito, Integration, Regression & Test Strategy",Unit Testing / Async,D2 Core,How would you write a Unit Test for an Asynchronous Method?
1144,229,4,Q0903,15,"JUnit, Mockito & General Testing","Mockito, Integration, Regression & Test Strategy",Testing,"Mockito, Integration, Regression & Test Strategy",Unit Testing / CI,D2 Core,A Unit Test fails only on CI but passes locally. What are the possible causes?
1145,229,5,Q0905,15,"JUnit, Mockito & General Testing","Mockito, Integration, Regression & Test Strategy",Testing,"Mockito, Integration, Regression & Test Strategy",Unit Testing / Reflection,D2 Core,How would you Unit Test a Class that uses Private Methods and has no Setters or Public Constructors?
1146,230,1,Q0906,15,"JUnit, Mockito & General Testing","Mockito, Integration, Regression & Test Strategy",Testing,"Mockito, Integration, Regression & Test Strategy",AI / Unit Testing,D4 Experience,Why are you using AI to write your test cases?
1147,230,2,Q0907,15,"JUnit, Mockito & General Testing","Mockito, Integration, Regression & Test Strategy",Testing,"Mockito, Integration, Regression & Test Strategy",API Testing,D4 Experience,On what platform are you testing your API?
1148,230,3,Q0868,15,"JUnit, Mockito & General Testing",JUnit & Unit Testing,Testing,JUnit & Unit Testing,JUnit,D4 Experience,Do you guys write JUnit test cases as well?
1149,230,4,Q0869,15,"JUnit, Mockito & General Testing",JUnit & Unit Testing,Testing,JUnit & Unit Testing,JUnit,D4 Experience,Do you have experience in JUnit test cases?
1150,230,5,Q0870,15,"JUnit, Mockito & General Testing",JUnit & Unit Testing,Testing,JUnit & Unit Testing,JUnit,D4 Experience,"Which version are you more comfortable with for unit test cases, JUnit 4 or JUnit 5?"
1151,231,1,Q0871,15,"JUnit, Mockito & General Testing",JUnit & Unit Testing,Testing,JUnit & Unit Testing,JUnit,D4 Experience,Did you get a chance to work with JUnit 5?
1152,231,2,Q0872,15,"JUnit, Mockito & General Testing",JUnit & Unit Testing,Testing,JUnit & Unit Testing,JUnit,D4 Experience,Have you used Assertions in your Unit Test cases?
1153,231,3,Q0908,15,"JUnit, Mockito & General Testing","Mockito, Integration, Regression & Test Strategy",Testing,"Mockito, Integration, Regression & Test Strategy",Legacy Code / Testing,D4 Experience,You find Legacy Code with no Unit Test coverage. What would be your approach before modifying or refactoring it?
1154,231,4,Q0909,15,"JUnit, Mockito & General Testing","Mockito, Integration, Regression & Test Strategy",Testing,"Mockito, Integration, Regression & Test Strategy",Mockito,D4 Experience,Have you used the @InjectMocks annotation?
1155,231,5,Q0911,15,"JUnit, Mockito & General Testing","Mockito, Integration, Regression & Test Strategy",Testing,"Mockito, Integration, Regression & Test Strategy",Testing,D4 Experience,How are you guys doing test cases and testing? How are you guys testing your application?
1156,232,1,Q0912,15,"JUnit, Mockito & General Testing","Mockito, Integration, Regression & Test Strategy",Testing,"Mockito, Integration, Regression & Test Strategy",Testing,D4 Experience,How do you perform testing in your project? Can you tell me step by step?
1157,232,2,Q0913,15,"JUnit, Mockito & General Testing","Mockito, Integration, Regression & Test Strategy",Testing,"Mockito, Integration, Regression & Test Strategy",Testing,D4 Experience,What about the testing efforts within that one-week Sprint?
1158,232,3,Q0914,15,"JUnit, Mockito & General Testing","Mockito, Integration, Regression & Test Strategy",Testing,"Mockito, Integration, Regression & Test Strategy",Testing,D4 Experience,What's the testing strategy in your current project?
1159,232,4,Q0915,15,"JUnit, Mockito & General Testing","Mockito, Integration, Regression & Test Strategy",Testing,"Mockito, Integration, Regression & Test Strategy",Testing,D4 Experience,Do you write Integration Test cases or End-to-End tests?
1160,232,5,Q0916,15,"JUnit, Mockito & General Testing","Mockito, Integration, Regression & Test Strategy",Testing,"Mockito, Integration, Regression & Test Strategy",Testing,D4 Experience,Have you implemented Integration Tests or Unit Tests?
1161,233,1,Q0917,15,"JUnit, Mockito & General Testing","Mockito, Integration, Regression & Test Strategy",Testing,"Mockito, Integration, Regression & Test Strategy",Testing / Code Coverage,D4 Experience,What's the code coverage rule in your project?
1162,233,2,Q0918,15,"JUnit, Mockito & General Testing","Mockito, Integration, Regression & Test Strategy",Testing,"Mockito, Integration, Regression & Test Strategy",Testing / Code Coverage,D4 Experience,What is the test coverage in your project?
1163,233,3,Q0919,15,"JUnit, Mockito & General Testing","Mockito, Integration, Regression & Test Strategy",Testing,"Mockito, Integration, Regression & Test Strategy",Testing / Regression,D4 Experience,How do you ensure your code changes do not break existing functionality? What steps do you usually take?
1164,233,4,Q0921,15,"JUnit, Mockito & General Testing","Mockito, Integration, Regression & Test Strategy",Testing,"Mockito, Integration, Regression & Test Strategy",Unit Testing,D4 Experience,Have you ever tested a static method?
1165,233,5,Q0922,15,"JUnit, Mockito & General Testing","Mockito, Integration, Regression & Test Strategy",Testing,"Mockito, Integration, Regression & Test Strategy",Unit Testing,D4 Experience,Do you guys write unit test cases?
1166,234,1,Q0923,15,"JUnit, Mockito & General Testing","Mockito, Integration, Regression & Test Strategy",Testing,"Mockito, Integration, Regression & Test Strategy",Unit Testing,D4 Experience,"Do you guys write JUnit test cases yourself, or do you ask AI to write them?"
1167,234,2,Q0924,15,"JUnit, Mockito & General Testing","Mockito, Integration, Regression & Test Strategy",Testing,"Mockito, Integration, Regression & Test Strategy",Unit Testing,D4 Experience,What's your approach to writing a test case?
1168,234,3,Q0925,15,"JUnit, Mockito & General Testing","Mockito, Integration, Regression & Test Strategy",Testing,"Mockito, Integration, Regression & Test Strategy",Unit Testing / Async,D4 Experience,Did you get a chance to write a test case for an async method?
1169,234,4,Q0926,16,"Build, Source Control, IDEs, Logging & Code Quality",Maven & Gradle,Engineering Tools,Maven & Gradle,Gradle,D1 Foundation,What is the Gradle Build Lifecycle?
1170,234,5,Q0927,16,"Build, Source Control, IDEs, Logging & Code Quality",Maven & Gradle,Engineering Tools,Maven & Gradle,JUnit / Maven,D1 Foundation,What is the Dependency for JUnit?
1171,235,1,Q0928,16,"Build, Source Control, IDEs, Logging & Code Quality",Maven & Gradle,Engineering Tools,Maven & Gradle,Maven,D1 Foundation,What is the role of pom.xml in a Spring Boot project?
1172,235,2,Q0929,16,"Build, Source Control, IDEs, Logging & Code Quality",Maven & Gradle,Engineering Tools,Maven & Gradle,Maven,D1 Foundation,What is the purpose of dependencyManagement inside pom.xml?
1173,235,3,Q0930,16,"Build, Source Control, IDEs, Logging & Code Quality",Maven & Gradle,Engineering Tools,Maven & Gradle,Maven,D1 Foundation,What is an Effective POM?
1174,235,4,Q0931,16,"Build, Source Control, IDEs, Logging & Code Quality",Maven & Gradle,Engineering Tools,Maven & Gradle,Gradle / Dependency Management,D2 Core,Maven stores downloaded Dependencies in the .m2 folder. How is Dependency storage handled in Gradle?
1175,235,5,Q0932,16,"Build, Source Control, IDEs, Logging & Code Quality",Maven & Gradle,Engineering Tools,Maven & Gradle,Maven,D2 Core,Can you explain the Maven lifecycle and its phases?
1176,236,1,Q0933,16,"Build, Source Control, IDEs, Logging & Code Quality",Maven & Gradle,Engineering Tools,Maven & Gradle,Maven,D2 Core,"Do you know about Maven, like what Maven is and why are we using Maven in our project?"
1177,236,2,Q0934,16,"Build, Source Control, IDEs, Logging & Code Quality",Maven & Gradle,Engineering Tools,Maven & Gradle,Maven,D2 Core,What's the difference between mvn clean and mvn install?
1178,236,3,Q0935,16,"Build, Source Control, IDEs, Logging & Code Quality",Maven & Gradle,Engineering Tools,Maven & Gradle,Maven,D2 Core,How would you optimize a Maven build for a large project with multiple modules?
1179,236,4,Q0936,16,"Build, Source Control, IDEs, Logging & Code Quality",Maven & Gradle,Engineering Tools,Maven & Gradle,Maven,D2 Core,Can you explain the purpose of pom.xml in our Maven project?
1180,236,5,Q0937,16,"Build, Source Control, IDEs, Logging & Code Quality",Maven & Gradle,Engineering Tools,Maven & Gradle,Maven,D2 Core,What's the role of pom.xml in Maven-based projects?
1181,237,1,Q0938,16,"Build, Source Control, IDEs, Logging & Code Quality",Maven & Gradle,Engineering Tools,Maven & Gradle,Maven,D2 Core,What is pom.xml and why do we use it?
1182,237,2,Q0939,16,"Build, Source Control, IDEs, Logging & Code Quality",Maven & Gradle,Engineering Tools,Maven & Gradle,Maven,D2 Core,What's the purpose of mvn clean?
1183,237,3,Q0940,16,"Build, Source Control, IDEs, Logging & Code Quality",Maven & Gradle,Engineering Tools,Maven & Gradle,Maven,D2 Core,Why do we use Maven in our project?
1184,237,4,Q0941,16,"Build, Source Control, IDEs, Logging & Code Quality",Maven & Gradle,Engineering Tools,Maven & Gradle,Maven,D2 Core,What will happen if we don't use Maven?
1185,237,5,Q0942,16,"Build, Source Control, IDEs, Logging & Code Quality",Maven & Gradle,Engineering Tools,Maven & Gradle,Maven,D2 Core,How do you manage dependencies in a Maven project?
1186,238,1,Q0943,16,"Build, Source Control, IDEs, Logging & Code Quality",Maven & Gradle,Engineering Tools,Maven & Gradle,Maven,D2 Core,Why do we run mvn clean before mvn install?
1187,238,2,Q0944,16,"Build, Source Control, IDEs, Logging & Code Quality",Maven & Gradle,Engineering Tools,Maven & Gradle,Maven,D2 Core,Why does everyone choose Maven?
1188,238,3,Q0945,16,"Build, Source Control, IDEs, Logging & Code Quality",Maven & Gradle,Engineering Tools,Maven & Gradle,Maven,D2 Core,What is the difference between Maven Local Repository and Central Repository?
1189,238,4,Q0946,16,"Build, Source Control, IDEs, Logging & Code Quality",Maven & Gradle,Engineering Tools,Maven & Gradle,Maven,D2 Core,Do you know about the .m2 folder?
1190,238,5,Q0947,16,"Build, Source Control, IDEs, Logging & Code Quality",Maven & Gradle,Engineering Tools,Maven & Gradle,Maven,D2 Core,Do you know about Parallel Builds in Maven?
1191,239,1,Q0948,16,"Build, Source Control, IDEs, Logging & Code Quality",Maven & Gradle,Engineering Tools,Maven & Gradle,Maven,D2 Core,Do you know about Maven Dependency Management?
1192,239,2,Q0949,16,"Build, Source Control, IDEs, Logging & Code Quality",Maven & Gradle,Engineering Tools,Maven & Gradle,Maven,D2 Core,"What is the difference between compile, provided, and runtime scopes in Maven?"
1193,239,3,Q0950,16,"Build, Source Control, IDEs, Logging & Code Quality",Maven & Gradle,Engineering Tools,Maven & Gradle,Maven,D2 Core,What's the difference between dependencyManagement and dependencies in pom.xml?
1194,239,4,Q0951,16,"Build, Source Control, IDEs, Logging & Code Quality",Maven & Gradle,Engineering Tools,Maven & Gradle,Maven,D2 Core,You want to run Maven Install but skip all Test Cases. How would you do that?
1195,239,5,Q0953,16,"Build, Source Control, IDEs, Logging & Code Quality",Maven & Gradle,Engineering Tools,Maven & Gradle,Maven / Debugging,D2 Core,How would you debug a Maven Build Failure?
1196,240,1,Q0954,16,"Build, Source Control, IDEs, Logging & Code Quality",Maven & Gradle,Engineering Tools,Maven & Gradle,Maven / Dependencies,D2 Core,What are Dependencies and why do we need them?
1197,240,2,Q0955,16,"Build, Source Control, IDEs, Logging & Code Quality",Maven & Gradle,Engineering Tools,Maven & Gradle,Maven / Dependencies,D2 Core,Do we store Dependencies locally or just fetch them from the Internet?
1198,240,3,Q0956,16,"Build, Source Control, IDEs, Logging & Code Quality",Maven & Gradle,Engineering Tools,Maven & Gradle,Maven / Dependency Conflict,D2 Core,What happens if a starter dependency includes conflicting versions of libraries with other dependencies in the project?
1199,240,4,Q0957,16,"Build, Source Control, IDEs, Logging & Code Quality",Maven & Gradle,Engineering Tools,Maven & Gradle,Maven / Dependency Conflict,D2 Core,How will you overcome this dependency version conflict?
1200,240,5,Q0958,16,"Build, Source Control, IDEs, Logging & Code Quality",Maven & Gradle,Engineering Tools,Maven & Gradle,Maven / Dependency Conflict,D2 Core,Your build is failing because of Dependency Version Conflicts. How would you resolve the conflicts in Maven?
1201,241,1,Q0959,16,"Build, Source Control, IDEs, Logging & Code Quality",Maven & Gradle,Engineering Tools,Maven & Gradle,Maven / Dependency Management,D2 Core,"You updated a Dependency in pom.xml, but the application is still using the old version. How would you fix it?"
1202,241,2,Q0960,16,"Build, Source Control, IDEs, Logging & Code Quality",Maven & Gradle,Engineering Tools,Maven & Gradle,Maven / Dependency Management,D2 Core,How do you manage Dependencies in a Large Project using a BOM?
1203,241,3,Q0961,16,"Build, Source Control, IDEs, Logging & Code Quality",Maven & Gradle,Engineering Tools,Maven & Gradle,Maven / Dependency Resolution,D2 Core,"You added a JAR Dependency to pom.xml, but Maven is not downloading it. How would you troubleshoot it?"
1204,241,4,Q0962,16,"Build, Source Control, IDEs, Logging & Code Quality",Maven & Gradle,Engineering Tools,Maven & Gradle,Maven / Gradle,D2 Core,What is the difference between Gradle and Maven?
1205,241,5,Q0963,16,"Build, Source Control, IDEs, Logging & Code Quality",Maven & Gradle,Engineering Tools,Maven & Gradle,Maven / Gradle,D2 Core,"Which has more advantages, Gradle or Maven, and in what aspects?"
1206,242,1,Q0964,16,"Build, Source Control, IDEs, Logging & Code Quality",Maven & Gradle,Engineering Tools,Maven & Gradle,Maven / Dependencies,D3 Applied,How do Dependencies connect with our project internally or behind the scenes?
1207,242,2,Q0965,16,"Build, Source Control, IDEs, Logging & Code Quality",Maven & Gradle,Engineering Tools,Maven & Gradle,Gradle,D4 Experience,Have you worked with Gradle?
1208,242,3,Q0966,16,"Build, Source Control, IDEs, Logging & Code Quality",Maven & Gradle,Engineering Tools,Maven & Gradle,Maven,D4 Experience,Have you faced any dependency conflicts in your Maven project?
1209,242,4,Q0967,16,"Build, Source Control, IDEs, Logging & Code Quality",Maven & Gradle,Engineering Tools,Maven & Gradle,Maven,D4 Experience,Are you using Maven or Gradle?
1210,242,5,Q0968,16,"Build, Source Control, IDEs, Logging & Code Quality",Maven & Gradle,Engineering Tools,Maven & Gradle,Maven,D4 Experience,Have you created a JAR file before?
1211,243,1,Q0969,16,"Build, Source Control, IDEs, Logging & Code Quality",Maven & Gradle,Engineering Tools,Maven & Gradle,Maven,D4 Experience,Can you explain a complex build process you have configured using Maven?
1212,243,2,Q0970,16,"Build, Source Control, IDEs, Logging & Code Quality",Maven & Gradle,Engineering Tools,Maven & Gradle,Maven,D4 Experience,Have you worked with a Multi-Module Maven project?
1213,243,3,Q0971,16,"Build, Source Control, IDEs, Logging & Code Quality",Maven & Gradle,Engineering Tools,Maven & Gradle,Maven / Dependency Conflict,D4 Experience,Have you faced any Dependency Version-related issues in your Spring Boot project?
1214,243,4,Q0972,16,"Build, Source Control, IDEs, Logging & Code Quality","Git, Bitbucket & Source Control",Engineering Tools,"Git, Bitbucket & Source Control",Git,D1 Foundation,What is Git cherry-pick?
1215,243,5,Q0973,16,"Build, Source Control, IDEs, Logging & Code Quality","Git, Bitbucket & Source Control",Engineering Tools,"Git, Bitbucket & Source Control",Git,D1 Foundation,What is the Git rebase process?
1216,244,1,Q0974,16,"Build, Source Control, IDEs, Logging & Code Quality","Git, Bitbucket & Source Control",Engineering Tools,"Git, Bitbucket & Source Control",Git,D1 Foundation,What are the best practices to avoid Git Conflicts?
1217,244,2,Q0975,16,"Build, Source Control, IDEs, Logging & Code Quality","Git, Bitbucket & Source Control",Engineering Tools,"Git, Bitbucket & Source Control",Git / Squash,D1 Foundation,"What is Git Squash, and how is it used when you want several Feature Branch commits to appear as one commit?"
1218,244,3,Q0976,16,"Build, Source Control, IDEs, Logging & Code Quality","Git, Bitbucket & Source Control",Engineering Tools,"Git, Bitbucket & Source Control",Git,D2 Core,Do you know about Git commands?
1219,244,4,Q0977,16,"Build, Source Control, IDEs, Logging & Code Quality","Git, Bitbucket & Source Control",Engineering Tools,"Git, Bitbucket & Source Control",Git,D2 Core,What's the difference between Git rebase and Git merge?
1220,244,5,Q0978,16,"Build, Source Control, IDEs, Logging & Code Quality","Git, Bitbucket & Source Control",Engineering Tools,"Git, Bitbucket & Source Control",Git,D2 Core,Tell me five common Git commands.
1221,245,1,Q0979,16,"Build, Source Control, IDEs, Logging & Code Quality","Git, Bitbucket & Source Control",Engineering Tools,"Git, Bitbucket & Source Control",Git,D2 Core,What does rebase mean?
1222,245,2,Q0980,16,"Build, Source Control, IDEs, Logging & Code Quality","Git, Bitbucket & Source Control",Engineering Tools,"Git, Bitbucket & Source Control",Git,D2 Core,Tell me two or three Git commands that we use in day-to-day tasks and two or three Git commands that we don't use regularly but are important.
1223,245,3,Q0981,16,"Build, Source Control, IDEs, Logging & Code Quality","Git, Bitbucket & Source Control",Engineering Tools,"Git, Bitbucket & Source Control",Git,D2 Core,Can you explain the rebase process and its advantages over Git merge?
1224,245,4,Q0982,16,"Build, Source Control, IDEs, Logging & Code Quality","Git, Bitbucket & Source Control",Engineering Tools,"Git, Bitbucket & Source Control",Git,D2 Core,"What's the difference between git clone, git pull, and git fetch?"
1225,245,5,Q0983,16,"Build, Source Control, IDEs, Logging & Code Quality","Git, Bitbucket & Source Control",Engineering Tools,"Git, Bitbucket & Source Control",Git,D2 Core,Where can we use Git Rebase?
1226,246,1,Q0984,16,"Build, Source Control, IDEs, Logging & Code Quality","Git, Bitbucket & Source Control",Engineering Tools,"Git, Bitbucket & Source Control",Git,D2 Core,Tell me the three most frequently used Git commands.
1227,246,2,Q0985,16,"Build, Source Control, IDEs, Logging & Code Quality","Git, Bitbucket & Source Control",Engineering Tools,"Git, Bitbucket & Source Control",Git,D2 Core,What's the difference between git revert and git reset?
1228,246,3,Q0986,16,"Build, Source Control, IDEs, Logging & Code Quality","Git, Bitbucket & Source Control",Engineering Tools,"Git, Bitbucket & Source Control",Git,D2 Core,Why is Rebase sometimes dangerous on shared Branches?
1229,246,4,Q0987,16,"Build, Source Control, IDEs, Logging & Code Quality","Git, Bitbucket & Source Control",Engineering Tools,"Git, Bitbucket & Source Control",Git,D2 Core,What is the difference between git pull and git fetch?
1230,246,5,Q0988,16,"Build, Source Control, IDEs, Logging & Code Quality","Git, Bitbucket & Source Control",Engineering Tools,"Git, Bitbucket & Source Control",Git,D2 Core,What does git stash do?
1231,247,1,Q0989,16,"Build, Source Control, IDEs, Logging & Code Quality","Git, Bitbucket & Source Control",Engineering Tools,"Git, Bitbucket & Source Control",Git,D2 Core,What is the difference between Git and GitHub?
1232,247,2,Q0990,16,"Build, Source Control, IDEs, Logging & Code Quality","Git, Bitbucket & Source Control",Engineering Tools,"Git, Bitbucket & Source Control",Git,D2 Core,You accidentally pushed changes to the Main Branch. How would you revert those changes?
1233,247,3,Q0991,16,"Build, Source Control, IDEs, Logging & Code Quality","Git, Bitbucket & Source Control",Engineering Tools,"Git, Bitbucket & Source Control",Git / Cherry-Pick,D2 Core,"Your Feature Branch has 100 commits, but you want to merge only 10 selected random commits into the Dev Branch. What would you do?"
1234,247,4,Q0992,16,"Build, Source Control, IDEs, Logging & Code Quality","Git, Bitbucket & Source Control",Engineering Tools,"Git, Bitbucket & Source Control",Git / Cherry-Pick,D2 Core,"Your Feature Branch has 30 commits, but only five non-sequential commits should be merged into Master. How would you merge only those five commits?"
1235,247,5,Q0994,16,"Build, Source Control, IDEs, Logging & Code Quality","Git, Bitbucket & Source Control",Engineering Tools,"Git, Bitbucket & Source Control",Git / Security,D2 Core,What tool would you use for Secret Scanning or Pre-Commit Secret Detection?
1236,248,1,Q0995,16,"Build, Source Control, IDEs, Logging & Code Quality","Git, Bitbucket & Source Control",Engineering Tools,"Git, Bitbucket & Source Control",IDE / Git,D2 Core,Are there built-in tools in Eclipse and IntelliJ to resolve merge conflicts?
1237,248,2,Q0996,16,"Build, Source Control, IDEs, Logging & Code Quality","Git, Bitbucket & Source Control",Engineering Tools,"Git, Bitbucket & Source Control",IDE / Git,D2 Core,Is there any way to revert Git changes from IntelliJ?
1238,248,3,Q0997,16,"Build, Source Control, IDEs, Logging & Code Quality","Git, Bitbucket & Source Control",Engineering Tools,"Git, Bitbucket & Source Control",Git / Security,D3 Applied,"Suppose you committed sensitive credentials to Git by mistake. What would you do immediately, and what would you implement to prevent it in the future?"
1239,248,4,Q0998,16,"Build, Source Control, IDEs, Logging & Code Quality","Git, Bitbucket & Source Control",Engineering Tools,"Git, Bitbucket & Source Control",Git,D4 Experience,Which Git collaboration tool are you guys using?
1240,248,5,Q0999,16,"Build, Source Control, IDEs, Logging & Code Quality","Git, Bitbucket & Source Control",Engineering Tools,"Git, Bitbucket & Source Control",Git,D4 Experience,"Which version control do you use, GitHub or GitLab?"
1241,249,1,Q1000,16,"Build, Source Control, IDEs, Logging & Code Quality","Git, Bitbucket & Source Control",Engineering Tools,"Git, Bitbucket & Source Control",Git,D4 Experience,How do you manage merge conflicts?
1242,249,2,Q1001,16,"Build, Source Control, IDEs, Logging & Code Quality","Git, Bitbucket & Source Control",Engineering Tools,"Git, Bitbucket & Source Control",Git,D4 Experience,While committing code you may encounter conflicts. How do you manage merge conflicts?
1243,249,3,Q1002,16,"Build, Source Control, IDEs, Logging & Code Quality","Git, Bitbucket & Source Control",Engineering Tools,"Git, Bitbucket & Source Control",Git,D4 Experience,How are you guys utilizing Git in your project?
1244,249,4,Q1003,16,"Build, Source Control, IDEs, Logging & Code Quality","Git, Bitbucket & Source Control",Engineering Tools,"Git, Bitbucket & Source Control",Git,D4 Experience,What's the branching strategy in your project?
1245,249,5,Q1004,16,"Build, Source Control, IDEs, Logging & Code Quality","Git, Bitbucket & Source Control",Engineering Tools,"Git, Bitbucket & Source Control",Git,D4 Experience,Do you work with Git commands?
1246,250,1,Q1005,16,"Build, Source Control, IDEs, Logging & Code Quality","Git, Bitbucket & Source Control",Engineering Tools,"Git, Bitbucket & Source Control",Git,D4 Experience,Have you faced Git conflicts?
1247,250,2,Q1006,16,"Build, Source Control, IDEs, Logging & Code Quality","Git, Bitbucket & Source Control",Engineering Tools,"Git, Bitbucket & Source Control",Git,D4 Experience,What's your approach to resolving Git conflicts? Do you use a tool or resolve them manually?
1248,250,3,Q1007,16,"Build, Source Control, IDEs, Logging & Code Quality","Git, Bitbucket & Source Control",Engineering Tools,"Git, Bitbucket & Source Control",Git,D4 Experience,Can you share your strategy for managing Branches in Git? What do you guys do in your project?
1249,250,4,Q1008,16,"Build, Source Control, IDEs, Logging & Code Quality","Git, Bitbucket & Source Control",Engineering Tools,"Git, Bitbucket & Source Control",Git / Merge Conflicts,D4 Experience,How do you resolve conflicts?
1250,250,5,Q0993,16,"Build, Source Control, IDEs, Logging & Code Quality","Git, Bitbucket & Source Control",Engineering Tools,"Git, Bitbucket & Source Control",Git / Production Issue,D4 Experience,How would you revert changes in Git if you accidentally pushed a bug to the main branch?
1251,251,1,Q1009,16,"Build, Source Control, IDEs, Logging & Code Quality","Git, Bitbucket & Source Control",Engineering Tools,"Git, Bitbucket & Source Control",Git Tools,D4 Experience,Have you used TortoiseGit?
1252,251,2,Q1010,16,"Build, Source Control, IDEs, Logging & Code Quality","Git, Bitbucket & Source Control",Engineering Tools,"Git, Bitbucket & Source Control",Git Tools,D4 Experience,"Are you using GitHub, GitLab, or another Git platform?"
1253,251,3,Q1011,16,"Build, Source Control, IDEs, Logging & Code Quality","Code Quality, SonarQube & Static Analysis",Engineering Tools,"Code Quality, SonarQube & Static Analysis",SonarQube / Code Coverage,D1 Foundation,What is a good percentage for Sonar coverage?
1254,251,4,Q1012,16,"Build, Source Control, IDEs, Logging & Code Quality","Code Quality, SonarQube & Static Analysis",Engineering Tools,"Code Quality, SonarQube & Static Analysis",SonarQube / Code Coverage,D2 Core,Do you know about Sonar coverage?
1255,251,5,Q1013,16,"Build, Source Control, IDEs, Logging & Code Quality","Code Quality, SonarQube & Static Analysis",Engineering Tools,"Code Quality, SonarQube & Static Analysis",SonarQube / Code Coverage,D2 Core,Why is Sonar coverage required?
1256,252,1,Q1014,16,"Build, Source Control, IDEs, Logging & Code Quality","Code Quality, SonarQube & Static Analysis",Engineering Tools,"Code Quality, SonarQube & Static Analysis",SonarQube / Code Coverage,D2 Core,What's the role of Sonar coverage and SonarQube in our application?
1257,252,2,Q1015,16,"Build, Source Control, IDEs, Logging & Code Quality","Code Quality, SonarQube & Static Analysis",Engineering Tools,"Code Quality, SonarQube & Static Analysis",Code Quality,D4 Experience,What are the best coding principles and practices you have applied in your project?
1258,252,3,Q1016,16,"Build, Source Control, IDEs, Logging & Code Quality","Code Quality, SonarQube & Static Analysis",Engineering Tools,"Code Quality, SonarQube & Static Analysis",Code Quality,D4 Experience,How do you measure code quality?
1259,252,4,Q1017,16,"Build, Source Control, IDEs, Logging & Code Quality","Code Quality, SonarQube & Static Analysis",Engineering Tools,"Code Quality, SonarQube & Static Analysis",Code Quality,D4 Experience,Tell me four or five coding best practices that you follow in your day-to-day Java Spring Boot project.
1260,252,5,Q1018,16,"Build, Source Control, IDEs, Logging & Code Quality","Code Quality, SonarQube & Static Analysis",Engineering Tools,"Code Quality, SonarQube & Static Analysis",Code Quality,D4 Experience,You join a project whose existing code is poorly optimized and not professional. What approach would you take to improve it without breaking behavior?
1261,253,1,Q1019,16,"Build, Source Control, IDEs, Logging & Code Quality","Code Quality, SonarQube & Static Analysis",Engineering Tools,"Code Quality, SonarQube & Static Analysis",Code Quality / Maintainability,D4 Experience,How do you ensure the quality and maintainability of your code in your project?
1262,253,2,Q1020,16,"Build, Source Control, IDEs, Logging & Code Quality","Code Quality, SonarQube & Static Analysis",Engineering Tools,"Code Quality, SonarQube & Static Analysis",Code Quality / Testing,D4 Experience,How do you ensure your code changes do not break existing functionality?
1263,253,3,Q1021,16,"Build, Source Control, IDEs, Logging & Code Quality","Code Quality, SonarQube & Static Analysis",Engineering Tools,"Code Quality, SonarQube & Static Analysis",SonarQube / Code Quality,D4 Experience,"How did you use Sonar for maintaining code quality, and can you give an example of a code quality issue that helped you resolve something?"
1264,253,4,Q1023,16,"Build, Source Control, IDEs, Logging & Code Quality",Logging & Application Diagnostics,Engineering Tools,Logging & Application Diagnostics,Logging,D2 Core,What logging mechanism would you suggest?
1265,253,5,Q1025,16,"Build, Source Control, IDEs, Logging & Code Quality",Logging & Application Diagnostics,Engineering Tools,Logging & Application Diagnostics,Logging,D2 Core,"Which one would you suggest, Logback or Log4j2?"
1266,254,1,Q1027,16,"Build, Source Control, IDEs, Logging & Code Quality",Logging & Application Diagnostics,Engineering Tools,Logging & Application Diagnostics,Logging,D2 Core,Do you know the different logging levels?
1267,254,2,Q1030,16,"Build, Source Control, IDEs, Logging & Code Quality",Logging & Application Diagnostics,Engineering Tools,Logging & Application Diagnostics,Logging,D4 Experience,Which logging tools are you using?
1268,254,3,Q1031,16,"Build, Source Control, IDEs, Logging & Code Quality",Logging & Application Diagnostics,Engineering Tools,Logging & Application Diagnostics,Logging,D4 Experience,How did you integrate that logging tool?
1269,254,4,Q1032,16,"Build, Source Control, IDEs, Logging & Code Quality",Logging & Application Diagnostics,Engineering Tools,Logging & Application Diagnostics,Logging,D4 Experience,How are you guys using logging in your project?
1270,254,5,Q1033,16,"Build, Source Control, IDEs, Logging & Code Quality",Logging & Application Diagnostics,Engineering Tools,Logging & Application Diagnostics,Logging,D4 Experience,How have you implemented the logging mechanism in your project? Which logging framework are you using?
1271,255,1,Q1034,16,"Build, Source Control, IDEs, Logging & Code Quality",Logging & Application Diagnostics,Engineering Tools,Logging & Application Diagnostics,Logging,D4 Experience,"Are you showing DEBUG logs in Production, or only in the Development environment?"
1272,255,2,Q1035,16,"Build, Source Control, IDEs, Logging & Code Quality",Logging & Application Diagnostics,Engineering Tools,Logging & Application Diagnostics,Logging,D4 Experience,What about WARN logs? Do you keep warning logs in Production?
1273,255,3,Q1036,16,"Build, Source Control, IDEs, Logging & Code Quality",Logging & Application Diagnostics,Engineering Tools,Logging & Application Diagnostics,Logging / Debugging,D4 Experience,How do you debug a defect by looking through logs?
1274,255,4,Q1037,16,"Build, Source Control, IDEs, Logging & Code Quality",Logging & Application Diagnostics,Engineering Tools,Logging & Application Diagnostics,Logging Tools,D4 Experience,Which log analysis tool do you prefer?
1275,255,5,Q1038,16,"Build, Source Control, IDEs, Logging & Code Quality",Logging & Application Diagnostics,Engineering Tools,Logging & Application Diagnostics,Logging Tools,D4 Experience,Have you used any other tool other than Kibana?
1276,256,1,Q1039,16,"Build, Source Control, IDEs, Logging & Code Quality",Logging & Application Diagnostics,Engineering Tools,Logging & Application Diagnostics,Logging Tools,D4 Experience,"If the client asks you to implement log analysis and you can choose Kibana, Splunk, or any other tool, which would you prefer?"
1277,256,2,Q1040,16,"Build, Source Control, IDEs, Logging & Code Quality",Logging & Application Diagnostics,Engineering Tools,Logging & Application Diagnostics,Logging Tools,D4 Experience,Which logging visualization tool would you prefer?
1278,256,3,Q1041,16,"Build, Source Control, IDEs, Logging & Code Quality",Logging & Application Diagnostics,Engineering Tools,Logging & Application Diagnostics,Logging Tools,D4 Experience,How are you guys visualizing logs?
1279,256,4,Q0003,16,"Build, Source Control, IDEs, Logging & Code Quality",Development Environment & IDEs,Engineering Setup,Development Environment & IDEs,Lombok / IDE,D2 Core,How can we add Lombok in IntelliJ or whatever IDE?
1280,256,5,Q0004,16,"Build, Source Control, IDEs, Logging & Code Quality",Development Environment & IDEs,Engineering Setup,Development Environment & IDEs,Development Environment,D4 Experience,What's your preferred development environment and tool set for Spring Boot application?
1281,257,1,Q0005,16,"Build, Source Control, IDEs, Logging & Code Quality",Development Environment & IDEs,Engineering Setup,Development Environment & IDEs,Development Tools,D4 Experience,Can you tell me the tools that you are familiar with while working as a Java developer?
1282,257,2,Q0006,16,"Build, Source Control, IDEs, Logging & Code Quality",Development Environment & IDEs,Engineering Setup,Development Environment & IDEs,IDE,D4 Experience,Which editor are you using?
1283,257,3,Q0007,16,"Build, Source Control, IDEs, Logging & Code Quality",Development Environment & IDEs,Engineering Setup,Development Environment & IDEs,IDE,D4 Experience,Which editor do you use for your current project?
1284,257,4,Q0008,16,"Build, Source Control, IDEs, Logging & Code Quality",Development Environment & IDEs,Engineering Setup,Development Environment & IDEs,IDE,D4 Experience,"Do you use Eclipse, IntelliJ, or another IDE?"
1285,257,5,Q0009,16,"Build, Source Control, IDEs, Logging & Code Quality",Development Environment & IDEs,Engineering Setup,Development Environment & IDEs,IntelliJ IDEA,D4 Experience,Can you tell me a few shortcuts of IntelliJ?
1286,258,1,Q0010,16,"Build, Source Control, IDEs, Logging & Code Quality",Development Environment & IDEs,Engineering Setup,Development Environment & IDEs,IntelliJ IDEA,D4 Experience,Which IntelliJ IDEA Keyboard Shortcuts do you commonly use?
1287,258,2,Q0011,16,"Build, Source Control, IDEs, Logging & Code Quality",Development Environment & IDEs,Engineering Setup,Development Environment & IDEs,STS / IDE,D4 Experience,Tell me a few shortcuts that you know about STS.
1288,258,3,Q1042,17,"SQL, JDBC & Database Engineering",SQL & Relational Database Fundamentals,Database,SQL & Relational Database Fundamentals,Database,D2 Core,Which would you prefer in the future if someone asks you to work on databases?
1289,258,4,Q1043,17,"SQL, JDBC & Database Engineering",SQL & Relational Database Fundamentals,Database,SQL & Relational Database Fundamentals,Database / Caching,D2 Core,"If REST API response time increases after Database growth, would you prefer Caching or Database Indexing, and why?"
1290,258,5,Q1044,17,"SQL, JDBC & Database Engineering",SQL & Relational Database Fundamentals,Database,SQL & Relational Database Fundamentals,Database / Connection Pooling,D2 Core,Do you know about Connection Pooling?
1291,259,1,Q1045,17,"SQL, JDBC & Database Engineering",SQL & Relational Database Fundamentals,Database,SQL & Relational Database Fundamentals,Database / Connection Pooling,D2 Core,What parameters can we tweak in Connection Pooling to optimize performance?
1292,259,2,Q1047,17,"SQL, JDBC & Database Engineering",SQL & Relational Database Fundamentals,Database,SQL & Relational Database Fundamentals,Database / SQL vs NoSQL,D2 Core,Why not NoSQL?
1293,259,3,Q1048,17,"SQL, JDBC & Database Engineering",SQL & Relational Database Fundamentals,Database,SQL & Relational Database Fundamentals,Database / SQL vs NoSQL,D2 Core,"Which is more preferred with Spring Boot, SQL or NoSQL?"
1294,259,4,Q1046,17,"SQL, JDBC & Database Engineering",SQL & Relational Database Fundamentals,Database,SQL & Relational Database Fundamentals,Database / Soft Delete,D2 Core,What's the difference between soft delete and hard delete?
1295,259,5,Q1049,17,"SQL, JDBC & Database Engineering",SQL & Relational Database Fundamentals,Database,SQL & Relational Database Fundamentals,Database / System Design,D2 Core,How would you design the database schema for an application similar to MakeMyTrip? What major tables would you use?
1296,260,1,Q1050,17,"SQL, JDBC & Database Engineering",SQL & Relational Database Fundamentals,Database,SQL & Relational Database Fundamentals,Database / System Design,D2 Core,What would you include for the rental agreement in the car rental database design?
1297,260,2,Q1051,17,"SQL, JDBC & Database Engineering",SQL & Relational Database Fundamentals,Database,SQL & Relational Database Fundamentals,Database / UUID,D2 Core,What's the difference between UUIDs and sequential IDs?
1298,260,3,Q1052,17,"SQL, JDBC & Database Engineering",SQL & Relational Database Fundamentals,Database,SQL & Relational Database Fundamentals,Database / UUID,D2 Core,Can you tell me how UUIDs impact database performance?
1299,260,4,Q1053,17,"SQL, JDBC & Database Engineering",SQL & Relational Database Fundamentals,Database,SQL & Relational Database Fundamentals,Database Design,D2 Core,How would you store ratings for a delivery partner?
1300,260,5,Q1057,17,"SQL, JDBC & Database Engineering",SQL & Relational Database Fundamentals,Database,SQL & Relational Database Fundamentals,Design Patterns / Database,D2 Core,Developers keep creating new Database Connections directly. How would you enforce a Connection Limit and centralize Connection creation using Design Patterns and Connection Pooling?
1301,261,1,Q1058,17,"SQL, JDBC & Database Engineering",SQL & Relational Database Fundamentals,Database,SQL & Relational Database Fundamentals,MySQL / Stored Procedures,D2 Core,How do you create a Stored Procedure in MySQL?
1302,261,2,Q1059,17,"SQL, JDBC & Database Engineering",SQL & Relational Database Fundamentals,Database,SQL & Relational Database Fundamentals,Singleton / Database,D2 Core,Is there any relationship between Singleton design pattern and database connection?
1303,261,3,Q1060,17,"SQL, JDBC & Database Engineering",SQL & Relational Database Fundamentals,Database,SQL & Relational Database Fundamentals,Database / Soft Delete,D3 Applied,How would you implement soft deletes?
1304,261,4,Q1061,17,"SQL, JDBC & Database Engineering",SQL & Relational Database Fundamentals,Database,SQL & Relational Database Fundamentals,SQL,D3 Applied,How would you write SQL queries to create a new Database and a new Table?
1305,261,5,Q1062,17,"SQL, JDBC & Database Engineering",SQL & Relational Database Fundamentals,Database,SQL & Relational Database Fundamentals,SQL,D3 Applied,Write an SQL Query to find the Second Highest Salary from an Employee Table.
1306,262,1,Q1063,17,"SQL, JDBC & Database Engineering",SQL & Relational Database Fundamentals,Database,SQL & Relational Database Fundamentals,SQL,D3 Applied,How would you write an SQL Query to find the Third Highest Salary?
1307,262,2,Q1064,17,"SQL, JDBC & Database Engineering",SQL & Relational Database Fundamentals,Database,SQL & Relational Database Fundamentals,SQL,D3 Applied,How would you delete Duplicate Records from a MySQL Table?
1308,262,3,Q1065,17,"SQL, JDBC & Database Engineering",SQL & Relational Database Fundamentals,Database,SQL & Relational Database Fundamentals,Database,D4 Experience,Which database have you used?
1309,262,4,Q1066,17,"SQL, JDBC & Database Engineering",SQL & Relational Database Fundamentals,Database,SQL & Relational Database Fundamentals,Database,D4 Experience,"Which database are you using, and how did you connect that database in your project?"
1310,262,5,Q1067,17,"SQL, JDBC & Database Engineering",SQL & Relational Database Fundamentals,Database,SQL & Relational Database Fundamentals,Database,D4 Experience,Do you have experience with both NoSQL and SQL databases?
1311,263,1,Q1069,17,"SQL, JDBC & Database Engineering",SQL & Relational Database Fundamentals,Database,SQL & Relational Database Fundamentals,Database / File Storage,D4 Experience,How is an image being stored using MySQL in your project?
1312,263,2,Q1070,17,"SQL, JDBC & Database Engineering",SQL & Relational Database Fundamentals,Database,SQL & Relational Database Fundamentals,Database Connectivity,D4 Experience,Your application works locally but fails to connect to the database in production. What steps would you take to analyze the issue and fix it?
1313,263,3,Q1071,17,"SQL, JDBC & Database Engineering",SQL & Relational Database Fundamentals,Database,SQL & Relational Database Fundamentals,Database Migration,D4 Experience,Have you worked with database migration tools like Flyway or Liquibase?
1314,263,4,Q1072,17,"SQL, JDBC & Database Engineering",SQL & Relational Database Fundamentals,Database,SQL & Relational Database Fundamentals,Database Migration,D4 Experience,How have you done database migration?
1315,263,5,Q1073,17,"SQL, JDBC & Database Engineering",SQL & Relational Database Fundamentals,Database,SQL & Relational Database Fundamentals,Database Migration,D4 Experience,Migration from which database to which database?
1316,264,1,Q1074,17,"SQL, JDBC & Database Engineering",SQL & Relational Database Fundamentals,Database,SQL & Relational Database Fundamentals,Database Queries,D4 Experience,Have you written any query recently? Can you tell me that query?
1317,264,2,Q1075,17,"SQL, JDBC & Database Engineering",SQL & Relational Database Fundamentals,Database,SQL & Relational Database Fundamentals,NoSQL,D4 Experience,Have you worked with NoSQL?
1318,264,3,Q1076,17,"SQL, JDBC & Database Engineering",SQL & Relational Database Fundamentals,Database,SQL & Relational Database Fundamentals,NoSQL Database,D4 Experience,Have you integrated your application with any NoSQL database?
1319,264,4,Q1077,17,"SQL, JDBC & Database Engineering",SQL & Relational Database Fundamentals,Database,SQL & Relational Database Fundamentals,Database / System Design,D5 Advanced/Design,How would you design a database schema for a car rental service?
1320,264,5,Q2129,17,"SQL, JDBC & Database Engineering",JDBC,Database,JDBC,Core JDBC,D2 Core,What are the basic steps to execute a SQL query using JDBC?
1321,265,1,Q2130,17,"SQL, JDBC & Database Engineering",JDBC,Database,JDBC,Core JDBC,D2 Core,"What is a JDBC Driver, and what role does DriverManager play?"
1322,265,2,Q2131,17,"SQL, JDBC & Database Engineering",JDBC,Database,JDBC,Core JDBC,D2 Core,"What is the difference between Connection, Statement, PreparedStatement, and ResultSet?"
1323,265,3,Q2132,17,"SQL, JDBC & Database Engineering",JDBC,Database,JDBC,Core JDBC,D2 Core,Why is PreparedStatement generally preferred over Statement?
1324,265,4,Q2133,17,"SQL, JDBC & Database Engineering",JDBC,Database,JDBC,Core JDBC,D2 Core,How does PreparedStatement help reduce SQL injection risk?
1325,265,5,Q2134,17,"SQL, JDBC & Database Engineering",JDBC,Database,JDBC,Core JDBC,D2 Core,"What is CallableStatement, and when would you use it?"
1326,266,1,Q2135,17,"SQL, JDBC & Database Engineering",JDBC,Database,JDBC,Core JDBC,D2 Core,"What is the difference between executeQuery(), executeUpdate(), and execute()?"
1327,266,2,Q2136,17,"SQL, JDBC & Database Engineering",JDBC,Database,JDBC,Core JDBC,D2 Core,How do you iterate through a ResultSet?
1328,266,3,Q2137,17,"SQL, JDBC & Database Engineering",JDBC,Database,JDBC,Core JDBC,D2 Core,What are ResultSet cursor types?
1329,266,4,Q2138,17,"SQL, JDBC & Database Engineering",JDBC,Database,JDBC,Core JDBC,D2 Core,What is the difference between TYPE_FORWARD_ONLY and scrollable ResultSets?
1330,266,5,Q2139,17,"SQL, JDBC & Database Engineering",JDBC,Database,JDBC,Core JDBC,D2 Core,What are ResultSet concurrency modes?
1331,267,1,Q2140,17,"SQL, JDBC & Database Engineering",JDBC,Database,JDBC,Core JDBC,D2 Core,How does JDBC transaction management work with setAutoCommit(false)?
1332,267,2,Q2141,17,"SQL, JDBC & Database Engineering",JDBC,Database,JDBC,Core JDBC,D2 Core,How do commit() and rollback() work in JDBC?
1333,267,3,Q2142,17,"SQL, JDBC & Database Engineering",JDBC,Database,JDBC,Core JDBC,D2 Core,What is a JDBC Savepoint?
1334,267,4,Q2143,17,"SQL, JDBC & Database Engineering",JDBC,Database,JDBC,Core JDBC,D3 Applied,How do you perform batch inserts or updates using JDBC?
1335,267,5,Q2144,17,"SQL, JDBC & Database Engineering",JDBC,Database,JDBC,Core JDBC,D3 Applied,"What is getGeneratedKeys(), and when is it useful?"
1336,268,1,Q2145,17,"SQL, JDBC & Database Engineering",JDBC,Database,JDBC,Core JDBC,D3 Applied,What is DatabaseMetaData used for?
1337,268,2,Q2146,17,"SQL, JDBC & Database Engineering",JDBC,Database,JDBC,Core JDBC,D3 Applied,What is ResultSetMetaData used for?
1338,268,3,Q2147,17,"SQL, JDBC & Database Engineering",JDBC,Database,JDBC,Core JDBC,D3 Applied,How do JDBC isolation levels map to transaction isolation concepts?
1339,268,4,Q2148,17,"SQL, JDBC & Database Engineering",JDBC,Database,JDBC,Core JDBC,D3 Applied,What is the difference between TRANSACTION_READ_COMMITTED and TRANSACTION_SERIALIZABLE in JDBC?
1340,268,5,Q2149,17,"SQL, JDBC & Database Engineering",JDBC,Database,JDBC,Core JDBC,D3 Applied,How should JDBC resources be closed safely?
1341,269,1,Q2150,17,"SQL, JDBC & Database Engineering",JDBC,Database,JDBC,Core JDBC,D3 Applied,"What is a connection pool, and why is it important in enterprise Java applications?"
1342,269,2,Q2151,17,"SQL, JDBC & Database Engineering",JDBC,Database,JDBC,Core JDBC,D3 Applied,What problems can occur if JDBC Connections are leaked?
1343,269,3,Q2152,17,"SQL, JDBC & Database Engineering",JDBC,Database,JDBC,Core JDBC,D3 Applied,How would you troubleshoot a slow JDBC query from a Java application?
1344,269,4,Q2153,17,"SQL, JDBC & Database Engineering",JDBC,Database,JDBC,Core JDBC,D3 Applied,"What is the difference between raw JDBC, JdbcTemplate, and JPA from a control and abstraction perspective?"
1345,269,5,Q1078,17,"SQL, JDBC & Database Engineering","Database Transactions, Indexes, Locking & Performance",Database,"Database Transactions, Indexes, Locking & Performance",Database / Indexing,D1 Foundation,Have you heard about balanced index?
1346,270,1,Q1079,17,"SQL, JDBC & Database Engineering","Database Transactions, Indexes, Locking & Performance",Database,"Database Transactions, Indexes, Locking & Performance",Database Locking,D1 Foundation,What is Optimistic Locking and Pessimistic Locking?
1347,270,2,Q1080,17,"SQL, JDBC & Database Engineering","Database Transactions, Indexes, Locking & Performance",Database,"Database Transactions, Indexes, Locking & Performance",Concurrency / Database Locking,D2 Core,Two Users try to buy the last available Inventory Item at the same time. How would you prevent Overselling?
1348,270,3,Q1081,17,"SQL, JDBC & Database Engineering","Database Transactions, Indexes, Locking & Performance",Database,"Database Transactions, Indexes, Locking & Performance",Database / Indexing,D2 Core,What mitigation strategies could you apply to solve index fragmentation when using UUIDs?
1349,270,4,Q1082,17,"SQL, JDBC & Database Engineering","Database Transactions, Indexes, Locking & Performance",Database,"Database Transactions, Indexes, Locking & Performance",Database / Indexing,D2 Core,"If we have a frequently updated table, which type of index should we use and why?"
1350,270,5,Q1083,17,"SQL, JDBC & Database Engineering","Database Transactions, Indexes, Locking & Performance",Database,"Database Transactions, Indexes, Locking & Performance",Database / Query Optimization,D2 Core,Do you know about Query Optimization?
1351,271,1,Q1084,17,"SQL, JDBC & Database Engineering","Database Transactions, Indexes, Locking & Performance",Database,"Database Transactions, Indexes, Locking & Performance",Database Concurrency / Locking,D2 Core,You have a Spring Boot application where two users can update the same record simultaneously. How would you prevent race conditions?
1352,271,2,Q1085,17,"SQL, JDBC & Database Engineering","Database Transactions, Indexes, Locking & Performance",Database,"Database Transactions, Indexes, Locking & Performance",Database Locking,D2 Core,Do you know the difference between optimistic and pessimistic locking?
1353,271,3,Q1086,17,"SQL, JDBC & Database Engineering","Database Transactions, Indexes, Locking & Performance",Database,"Database Transactions, Indexes, Locking & Performance",Optimistic Locking,D2 Core,Can you provide a real-world scenario where optimistic locking might fail?
1354,271,4,Q1087,17,"SQL, JDBC & Database Engineering","Database Transactions, Indexes, Locking & Performance",Database,"Database Transactions, Indexes, Locking & Performance",Database / Indexing,D4 Experience,Are you comfortable with indexes in SQL?
1355,271,5,Q1088,17,"SQL, JDBC & Database Engineering","Database Transactions, Indexes, Locking & Performance",Database,"Database Transactions, Indexes, Locking & Performance",Database / Query Optimization,D4 Experience,Have you optimized any database query before?
1356,272,1,Q1089,17,"SQL, JDBC & Database Engineering","Database Transactions, Indexes, Locking & Performance",Database,"Database Transactions, Indexes, Locking & Performance",Database Indexing,D4 Experience,Have you done indexing in databases?
1357,272,2,Q1090,17,"SQL, JDBC & Database Engineering","Database Transactions, Indexes, Locking & Performance",Database,"Database Transactions, Indexes, Locking & Performance",Database Query Optimization,D4 Experience,How do you optimize queries while fetching data or saving data?
1358,272,3,Q1091,17,"SQL, JDBC & Database Engineering","Database Transactions, Indexes, Locking & Performance",Database,"Database Transactions, Indexes, Locking & Performance",Database / Batch Processing,D5 Advanced/Design,"A Scheduled Batch updates one million Records daily, but the Transaction takes too long and locks the Database. How would you optimize it?"
1359,272,4,Q1092,17,"SQL, JDBC & Database Engineering","Database Transactions, Indexes, Locking & Performance",Database,"Database Transactions, Indexes, Locking & Performance",Database / Query Optimization,D5 Advanced/Design,You have a table with 10 million rows and a query is timing out. What is your approach to fix it?
1360,272,5,Q1094,18,Spring Core,"Spring Framework, IoC & Dependency Injection",Spring Core,"Spring Framework, IoC & Dependency Injection",Spring Dependency Injection,D1 Foundation,Have you heard about circular dependencies?
1361,273,1,Q1095,18,Spring Core,"Spring Framework, IoC & Dependency Injection",Spring Core,"Spring Framework, IoC & Dependency Injection",Spring Dependency Injection,D1 Foundation,What are the different types of dependency injection we have in Spring Framework?
1362,273,2,Q1096,18,Spring Core,"Spring Framework, IoC & Dependency Injection",Spring Core,"Spring Framework, IoC & Dependency Injection",Spring Dependency Injection,D1 Foundation,What issues might arise from overusing @Autowired?
1363,273,3,Q1097,18,Spring Core,"Spring Framework, IoC & Dependency Injection",Spring Core,"Spring Framework, IoC & Dependency Injection",Spring Dependency Injection,D1 Foundation,What is Autowiring?
1364,273,4,Q1098,18,Spring Core,"Spring Framework, IoC & Dependency Injection",Spring Core,"Spring Framework, IoC & Dependency Injection",Spring Framework,D1 Foundation,What are the modules of Spring Framework?
1365,273,5,Q1099,18,Spring Core,"Spring Framework, IoC & Dependency Injection",Spring Core,"Spring Framework, IoC & Dependency Injection",Spring IoC,D1 Foundation,What is Spring IoC Container?
1366,274,1,Q1100,18,Spring Core,"Spring Framework, IoC & Dependency Injection",Spring Core,"Spring Framework, IoC & Dependency Injection",Dependency Injection,D2 Core,Do you know about deep constructor injection?
1367,274,2,Q1101,18,Spring Core,"Spring Framework, IoC & Dependency Injection",Spring Core,"Spring Framework, IoC & Dependency Injection",Spring Core,D2 Core,Can you tell me the difference between ApplicationContext and BeanFactory?
1368,274,3,Q1102,18,Spring Core,"Spring Framework, IoC & Dependency Injection",Spring Core,"Spring Framework, IoC & Dependency Injection",Spring Core,D2 Core,Tell me a scenario where we should use BeanFactory and where we should use ApplicationContext.
1369,274,4,Q1103,18,Spring Core,"Spring Framework, IoC & Dependency Injection",Spring Core,"Spring Framework, IoC & Dependency Injection",Spring Dependency Injection,D2 Core,Do you know the concept of dependency injection in Spring and how it is implemented?
1370,274,5,Q1104,18,Spring Core,"Spring Framework, IoC & Dependency Injection",Spring Core,"Spring Framework, IoC & Dependency Injection",Spring Dependency Injection,D2 Core,Can you tell me a situation where constructor injection is preferred over setter injection?
1371,275,1,Q1105,18,Spring Core,"Spring Framework, IoC & Dependency Injection",Spring Core,"Spring Framework, IoC & Dependency Injection",Spring Dependency Injection,D2 Core,Can you explain the concept of dependency injection in Spring and why it's beneficial?
1372,275,2,Q1106,18,Spring Core,"Spring Framework, IoC & Dependency Injection",Spring Core,"Spring Framework, IoC & Dependency Injection",Spring Dependency Injection,D2 Core,How would you address the issue of circular dependencies?
1373,275,3,Q1107,18,Spring Core,"Spring Framework, IoC & Dependency Injection",Spring Core,"Spring Framework, IoC & Dependency Injection",Spring Dependency Injection,D2 Core,"Which one is better, constructor injection or setter injection? Why?"
1374,275,4,Q1108,18,Spring Core,"Spring Framework, IoC & Dependency Injection",Spring Core,"Spring Framework, IoC & Dependency Injection",Spring Dependency Injection,D2 Core,Please explain the Dependency Injection principle in Spring.
1375,275,5,Q1109,18,Spring Core,"Spring Framework, IoC & Dependency Injection",Spring Core,"Spring Framework, IoC & Dependency Injection",Spring Dependency Injection,D2 Core,How does Spring Boot simplify dependency injection?
1376,276,1,Q1110,18,Spring Core,"Spring Framework, IoC & Dependency Injection",Spring Core,"Spring Framework, IoC & Dependency Injection",Spring Dependency Injection,D2 Core,Can you explain the purpose of @Qualifier and @Primary annotations?
1377,276,2,Q1111,18,Spring Core,"Spring Framework, IoC & Dependency Injection",Spring Core,"Spring Framework, IoC & Dependency Injection",Spring Dependency Injection,D2 Core,What's the difference between autowiring using @Autowired and autowiring using XML configuration?
1378,276,3,Q1112,18,Spring Core,"Spring Framework, IoC & Dependency Injection",Spring Core,"Spring Framework, IoC & Dependency Injection",Spring Dependency Injection,D2 Core,What's the difference between Constructor Injection and Setter Injection?
1379,276,4,Q1113,18,Spring Core,"Spring Framework, IoC & Dependency Injection",Spring Core,"Spring Framework, IoC & Dependency Injection",Spring Dependency Injection,D2 Core,Why is Constructor Injection considered the recommended approach?
1380,276,5,Q1114,18,Spring Core,"Spring Framework, IoC & Dependency Injection",Spring Core,"Spring Framework, IoC & Dependency Injection",Spring Dependency Injection,D2 Core,How does Spring resolve dependencies when multiple Beans of the same type exist?
1381,277,1,Q1115,18,Spring Core,"Spring Framework, IoC & Dependency Injection",Spring Core,"Spring Framework, IoC & Dependency Injection",Spring Dependency Injection,D2 Core,Why does Spring Boot prefer Constructor Injection over Field Injection?
1382,277,2,Q1116,18,Spring Core,"Spring Framework, IoC & Dependency Injection",Spring Core,"Spring Framework, IoC & Dependency Injection",Spring Dependency Injection,D2 Core,"Other than avoiding NullPointerException, are there other benefits of Constructor Injection? Is it better for testing?"
1383,277,3,Q1117,18,Spring Core,"Spring Framework, IoC & Dependency Injection",Spring Core,"Spring Framework, IoC & Dependency Injection",Spring Dependency Injection,D2 Core,"In a large enterprise application with many dependent components, how does Dependency Injection simplify development and maintenance?"
1384,277,4,Q1118,18,Spring Core,"Spring Framework, IoC & Dependency Injection",Spring Core,"Spring Framework, IoC & Dependency Injection",Spring Dependency Injection,D2 Core,"In an application managing user profiles and sessions, how would Constructor Injection differ from Setter Injection, and which would be more suitable?"
1385,277,5,Q1120,18,Spring Core,"Spring Framework, IoC & Dependency Injection",Spring Core,"Spring Framework, IoC & Dependency Injection",Spring Dependency Injection,D2 Core,Why is Field Injection considered a bad practice?
1386,278,1,Q1121,18,Spring Core,"Spring Framework, IoC & Dependency Injection",Spring Core,"Spring Framework, IoC & Dependency Injection",Spring Dependency Injection,D2 Core,"Among Field Injection and Setter Injection, why is Field Injection discouraged?"
1387,278,2,Q1122,18,Spring Core,"Spring Framework, IoC & Dependency Injection",Spring Core,"Spring Framework, IoC & Dependency Injection",Spring Dependency Injection,D2 Core,Why can't we use @Autowired on local variables or static fields?
1388,278,3,Q1123,18,Spring Core,"Spring Framework, IoC & Dependency Injection",Spring Core,"Spring Framework, IoC & Dependency Injection",Spring Dependency Injection,D2 Core,Why does Constructor Injection expose Circular Dependencies while Field Injection may not?
1389,278,4,Q1124,18,Spring Core,"Spring Framework, IoC & Dependency Injection",Spring Core,"Spring Framework, IoC & Dependency Injection",Spring Dependency Injection,D2 Core,You have a large Spring project with many interdependent Beans. How would you manage the dependencies to maintain clean code and reduce coupling?
1390,278,5,Q1125,18,Spring Core,"Spring Framework, IoC & Dependency Injection",Spring Core,"Spring Framework, IoC & Dependency Injection",Spring Dependency Injection / Debugging,D2 Core,"Under heavy traffic, a Controller occasionally throws NullPointerException from a field that is supposed to be Autowired. What could be the possible causes?"
1391,279,1,Q1126,18,Spring Core,"Spring Framework, IoC & Dependency Injection",Spring Core,"Spring Framework, IoC & Dependency Injection",Spring Dependency Injection / Debugging,D2 Core,Why can @Autowired fail even when the Bean exists?
1392,279,2,Q1127,18,Spring Core,"Spring Framework, IoC & Dependency Injection",Spring Core,"Spring Framework, IoC & Dependency Injection",Spring Framework / Server,D2 Core,How did you create or configure the server in a traditional Spring application?
1393,279,3,Q1128,18,Spring Core,"Spring Framework, IoC & Dependency Injection",Spring Core,"Spring Framework, IoC & Dependency Injection",Spring IoC,D2 Core,Can you describe a scenario where inversion of control might introduce complexities in the application?
1394,279,4,Q1129,18,Spring Core,"Spring Framework, IoC & Dependency Injection",Spring Core,"Spring Framework, IoC & Dependency Injection",Spring IoC,D2 Core,In what scenario would BeanFactory be preferred over ApplicationContext?
1395,279,5,Q1130,18,Spring Core,"Spring Framework, IoC & Dependency Injection",Spring Core,"Spring Framework, IoC & Dependency Injection",Spring IoC,D2 Core,"What is IoC, Inversion of Control, and how does it differ from traditional object creation?"
1396,280,1,Q1131,18,Spring Core,"Spring Framework, IoC & Dependency Injection",Spring Core,"Spring Framework, IoC & Dependency Injection",Spring IoC,D2 Core,"How does IoC, Inversion of Control, improve the modularity and testability of an application?"
1397,280,2,Q1132,18,Spring Core,"Spring Framework, IoC & Dependency Injection",Spring Core,"Spring Framework, IoC & Dependency Injection",Spring IoC,D2 Core,"Other than Dependency Injection, what's the special thing about IoC?"
1398,280,3,Q1133,18,Spring Core,"Spring Framework, IoC & Dependency Injection",Spring Core,"Spring Framework, IoC & Dependency Injection",Spring IoC,D2 Core,"In what scenarios would you use BeanFactory, and when would you use ApplicationContext?"
1399,280,4,Q1134,18,Spring Core,"Spring Framework, IoC & Dependency Injection",Spring Core,"Spring Framework, IoC & Dependency Injection",Spring IoC / Beans,D2 Core,How does the IoC Container know which Beans to create and manage?
1400,280,5,Q1135,18,Spring Core,"Spring Framework, IoC & Dependency Injection",Spring Core,"Spring Framework, IoC & Dependency Injection",Spring Dependency Injection,D3 Applied,"Can you tell me the internal working of @Autowired annotation, like how it is working internally?"
1401,281,1,Q1136,18,Spring Core,"Spring Framework, IoC & Dependency Injection",Spring Core,"Spring Framework, IoC & Dependency Injection",Spring Dependency Injection / Core Java,D3 Applied,How would you implement Dependency Injection without using a Framework like Spring?
1402,281,2,Q1137,18,Spring Core,"Spring Framework, IoC & Dependency Injection",Spring Core,"Spring Framework, IoC & Dependency Injection",Spring Dependency Injection,D4 Experience,What type of Dependency Injection are you guys using in your project?
1403,281,3,Q1138,18,Spring Core,"Spring Framework, IoC & Dependency Injection",Spring Core,"Spring Framework, IoC & Dependency Injection",Spring Dependency Injection,D4 Experience,Did you get a chance to use Setter Injection or Field Injection?
1404,281,4,Q1139,18,Spring Core,"Spring Framework, IoC & Dependency Injection",Spring Core,"Spring Framework, IoC & Dependency Injection",Spring Framework,D4 Experience,Have you worked with a legacy Spring application?
1405,281,5,Q1140,18,Spring Core,"Spring Framework, IoC & Dependency Injection",Spring Core,"Spring Framework, IoC & Dependency Injection",Spring Framework,D4 Experience,Have you created any application using traditional Spring?
1406,282,1,Q1141,18,Spring Core,"Spring Framework, IoC & Dependency Injection",Spring Core,"Spring Framework, IoC & Dependency Injection",Spring Framework,D4 Experience,Do you have experience with the pure Spring Framework?
1407,282,2,Q1142,18,Spring Core,"Spring Components, Component Scan & Core Annotations",Spring Core,"Spring Components, Component Scan & Core Annotations",Spring Annotations,D2 Core,What's the difference between @Repository and @Service annotations?
1408,282,3,Q1143,18,Spring Core,"Spring Components, Component Scan & Core Annotations",Spring Core,"Spring Components, Component Scan & Core Annotations",Spring Annotations,D2 Core,Could using the wrong annotation between @Service and @Repository affect the performance or functionality of the application?
1409,282,4,Q1144,18,Spring Core,"Spring Components, Component Scan & Core Annotations",Spring Core,"Spring Components, Component Scan & Core Annotations",Spring Annotations,D2 Core,Can you tell me the difference between @Component and @Service annotation?
1410,282,5,Q1145,18,Spring Core,"Spring Components, Component Scan & Core Annotations",Spring Core,"Spring Components, Component Scan & Core Annotations",Spring Annotations,D2 Core,Can we use @Component annotation on Service classes?
1411,283,1,Q1146,18,Spring Core,"Spring Components, Component Scan & Core Annotations",Spring Core,"Spring Components, Component Scan & Core Annotations",Spring Annotations,D2 Core,What does the @Configuration annotation do?
1412,283,2,Q1147,18,Spring Core,"Spring Components, Component Scan & Core Annotations",Spring Core,"Spring Components, Component Scan & Core Annotations",Spring Annotations,D2 Core,"What's the difference between @Configuration, @ComponentScan, and @Bean annotations?"
1413,283,3,Q1148,18,Spring Core,"Spring Components, Component Scan & Core Annotations",Spring Core,"Spring Components, Component Scan & Core Annotations",Spring Component Scan,D2 Core,Can you explain component scanning?
1414,283,4,Q1150,18,Spring Core,"Spring Components, Component Scan & Core Annotations",Spring Core,"Spring Components, Component Scan & Core Annotations",Spring Component Scan,D2 Core,"Can you explain Component Scanning, and what happens if a @Component class is outside the Base Package?"
1415,283,5,Q1151,18,Spring Core,"Spring Components, Component Scan & Core Annotations",Spring Core,"Spring Components, Component Scan & Core Annotations",Spring Component Scan,D2 Core,How would you prevent a specific package from being scanned for Spring Components?
1416,284,1,Q1152,18,Spring Core,"Spring Components, Component Scan & Core Annotations",Spring Core,"Spring Components, Component Scan & Core Annotations",Spring Components,D2 Core,What happens if you put @Component on an Interface instead of a Class?
1417,284,2,Q1153,18,Spring Core,"Spring Components, Component Scan & Core Annotations",Spring Core,"Spring Components, Component Scan & Core Annotations",Spring Annotations,D4 Experience,What type of annotations have you used till now in your project?
1418,284,3,Q1154,18,Spring Core,"Spring Beans, Scopes & Lifecycle",Spring Core,"Spring Beans, Scopes & Lifecycle",Circular Dependency,D1 Foundation,Have you heard about circular dependencies?
1419,284,4,Q1155,18,Spring Core,"Spring Beans, Scopes & Lifecycle",Spring Core,"Spring Beans, Scopes & Lifecycle",Spring Bean Lifecycle,D1 Foundation,Have you heard about @PostConstruct and @PreDestroy?
1420,284,5,Q1156,18,Spring Core,"Spring Beans, Scopes & Lifecycle",Spring Core,"Spring Beans, Scopes & Lifecycle",Spring Beans,D1 Foundation,Have you heard about @DependsOn annotation?
1421,285,1,Q1157,18,Spring Core,"Spring Beans, Scopes & Lifecycle",Spring Core,"Spring Beans, Scopes & Lifecycle",Spring Beans,D1 Foundation,What issues could arise from defining multiple Beans of the same type with different scopes in the configuration file?
1422,285,2,Q1158,18,Spring Core,"Spring Beans, Scopes & Lifecycle",Spring Core,"Spring Beans, Scopes & Lifecycle",Spring Beans,D1 Foundation,What is a Spring Bean?
1423,285,3,Q1159,18,Spring Core,"Spring Beans, Scopes & Lifecycle",Spring Core,"Spring Beans, Scopes & Lifecycle",Spring Beans / Circular Dependency,D1 Foundation,What is BeanCurrentlyInCreationException in Spring?
1424,285,4,Q1160,18,Spring Core,"Spring Beans, Scopes & Lifecycle",Spring Core,"Spring Beans, Scopes & Lifecycle",Circular Dependency,D2 Core,How would you address the issue of circular dependency?
1425,285,5,Q1161,18,Spring Core,"Spring Beans, Scopes & Lifecycle",Spring Core,"Spring Beans, Scopes & Lifecycle",Circular Dependency,D2 Core,How does Spring handle circular dependencies and how can you resolve them?
1426,286,1,Q1162,18,Spring Core,"Spring Beans, Scopes & Lifecycle",Spring Core,"Spring Beans, Scopes & Lifecycle",Circular Dependency,D2 Core,Let's say you are getting a circular dependency exception when using constructor injection. How would you resolve it?
1427,286,2,Q1163,18,Spring Core,"Spring Beans, Scopes & Lifecycle",Spring Core,"Spring Beans, Scopes & Lifecycle",Spring / ObjectFactory,D2 Core,Do you know about ObjectFactory or ObjectProvider for resolving scoped Beans lazily at runtime?
1428,286,3,Q1164,18,Spring Core,"Spring Beans, Scopes & Lifecycle",Spring Core,"Spring Beans, Scopes & Lifecycle",Spring Bean Conflict,D2 Core,"Before adding @Primary or @Qualifier, what would happen when two beans conflict? What error would occur?"
1429,286,4,Q1165,18,Spring Core,"Spring Beans, Scopes & Lifecycle",Spring Core,"Spring Beans, Scopes & Lifecycle",Spring Bean Conflict,D2 Core,How can we resolve this bean conflict?
1430,286,5,Q1166,18,Spring Core,"Spring Beans, Scopes & Lifecycle",Spring Core,"Spring Beans, Scopes & Lifecycle",Spring Bean Lifecycle,D2 Core,Can you please explain Spring Bean lifecycle?
1431,287,1,Q1167,18,Spring Core,"Spring Beans, Scopes & Lifecycle",Spring Core,"Spring Beans, Scopes & Lifecycle",Spring Bean Lifecycle,D2 Core,How can you modify the Bean lifecycle using hooks?
1432,287,2,Q1168,18,Spring Core,"Spring Beans, Scopes & Lifecycle",Spring Core,"Spring Beans, Scopes & Lifecycle",Spring Bean Scope,D2 Core,Can you tell me the various scopes of Bean?
1433,287,3,Q1169,18,Spring Core,"Spring Beans, Scopes & Lifecycle",Spring Core,"Spring Beans, Scopes & Lifecycle",Spring Bean Scope,D2 Core,"If a Spring Bean is Prototype Scoped, who manages its lifecycle and what happens to that lifecycle?"
1434,287,4,Q1170,18,Spring Core,"Spring Beans, Scopes & Lifecycle",Spring Core,"Spring Beans, Scopes & Lifecycle",Spring Bean Scope,D2 Core,Are Spring Singleton Beans Thread-Safe?
1435,287,5,Q1171,18,Spring Core,"Spring Beans, Scopes & Lifecycle",Spring Core,"Spring Beans, Scopes & Lifecycle",Spring Bean Scope,D2 Core,"If a Prototype-scoped Bean is injected into a Singleton-scoped Bean, why can it effectively behave like a Singleton?"
1436,288,1,Q1172,18,Spring Core,"Spring Beans, Scopes & Lifecycle",Spring Core,"Spring Beans, Scopes & Lifecycle",Spring Bean Scope,D2 Core,Is a Spring Singleton really a JVM-Wide Singleton?
1437,288,2,Q1173,18,Spring Core,"Spring Beans, Scopes & Lifecycle",Spring Core,"Spring Beans, Scopes & Lifecycle",Spring Bean Scope / Async,D2 Core,"How does Thread Scope work in Spring, and can it be used in @Async methods?"
1438,288,3,Q1174,18,Spring Core,"Spring Beans, Scopes & Lifecycle",Spring Core,"Spring Beans, Scopes & Lifecycle",Spring Bean Scope / Multithreading,D2 Core,How does @Scope behave in a Multithreaded REST Controller?
1439,288,4,Q1175,18,Spring Core,"Spring Beans, Scopes & Lifecycle",Spring Core,"Spring Beans, Scopes & Lifecycle",Spring Bean Scopes,D2 Core,Are you aware of Spring Bean scopes?
1440,288,5,Q1176,18,Spring Core,"Spring Beans, Scopes & Lifecycle",Spring Core,"Spring Beans, Scopes & Lifecycle",Spring Bean Scopes,D2 Core,How would changing a Bean from Singleton to Prototype scope affect a web application's behavior?
1441,289,1,Q1177,18,Spring Core,"Spring Beans, Scopes & Lifecycle",Spring Core,"Spring Beans, Scopes & Lifecycle",Spring Bean Scopes,D2 Core,Can a Spring Bean have a custom scope?
1442,289,2,Q1178,18,Spring Core,"Spring Beans, Scopes & Lifecycle",Spring Core,"Spring Beans, Scopes & Lifecycle",Spring Bean Scopes,D2 Core,Can a Singleton-scoped Bean safely inject a Request-scoped Bean?
1443,289,3,Q1179,18,Spring Core,"Spring Beans, Scopes & Lifecycle",Spring Core,"Spring Beans, Scopes & Lifecycle",Spring Bean Scopes,D2 Core,"Among Spring Bean Scopes, when would you use Prototype Scope?"
1444,289,4,Q1180,18,Spring Core,"Spring Beans, Scopes & Lifecycle",Spring Core,"Spring Beans, Scopes & Lifecycle",Spring Beans,D2 Core,How can we handle multiple beans of the same type?
1445,289,5,Q1181,18,Spring Core,"Spring Beans, Scopes & Lifecycle",Spring Core,"Spring Beans, Scopes & Lifecycle",Spring Beans,D2 Core,"Can you tell me about Spring Beans, like what Spring Beans are and how do they work?"
1446,290,1,Q1182,18,Spring Core,"Spring Beans, Scopes & Lifecycle",Spring Core,"Spring Beans, Scopes & Lifecycle",Spring Beans,D2 Core,Can you explain the @Bean annotation?
1447,290,2,Q1183,18,Spring Core,"Spring Beans, Scopes & Lifecycle",Spring Core,"Spring Beans, Scopes & Lifecycle",Spring Beans,D2 Core,"If someone new joins your team, how would you explain what a Bean is?"
1448,290,3,Q1184,18,Spring Core,"Spring Beans, Scopes & Lifecycle",Spring Core,"Spring Beans, Scopes & Lifecycle",Spring Beans,D2 Core,What's the difference between @Qualifier and @Primary annotation?
1449,290,4,Q1185,18,Spring Core,"Spring Beans, Scopes & Lifecycle",Spring Core,"Spring Beans, Scopes & Lifecycle",Spring Beans,D2 Core,How would you ensure that a certain Bean is loaded last in the application context?
1450,290,5,Q1186,18,Spring Core,"Spring Beans, Scopes & Lifecycle",Spring Core,"Spring Beans, Scopes & Lifecycle",Spring Beans,D2 Core,Can you tell me the difference between @Bean and @Component annotation?
1451,291,1,Q1187,18,Spring Core,"Spring Beans, Scopes & Lifecycle",Spring Core,"Spring Beans, Scopes & Lifecycle",Spring Beans,D2 Core,"What happens if two Beans have the same name in Spring context, and how can we mitigate that?"
1452,291,2,Q1188,18,Spring Core,"Spring Beans, Scopes & Lifecycle",Spring Core,"Spring Beans, Scopes & Lifecycle",Spring Beans,D2 Core,There are two Beans and both are marked @Primary. What will happen?
1453,291,3,Q1189,18,Spring Core,"Spring Beans, Scopes & Lifecycle",Spring Core,"Spring Beans, Scopes & Lifecycle",Spring Beans,D2 Core,What is the difference between a Spring @Bean and @Component?
1454,291,4,Q1190,18,Spring Core,"Spring Beans, Scopes & Lifecycle",Spring Core,"Spring Beans, Scopes & Lifecycle",Spring Beans,D2 Core,What happens if Beans with the same name are defined in multiple Configuration files?
1455,291,5,Q1191,18,Spring Core,"Spring Beans, Scopes & Lifecycle",Spring Core,"Spring Beans, Scopes & Lifecycle",Spring Beans,D2 Core,What is the difference between a Spring Bean and a Regular Java Object?
1456,292,1,Q1192,18,Spring Core,"Spring Beans, Scopes & Lifecycle",Spring Core,"Spring Beans, Scopes & Lifecycle",Spring Beans,D2 Core,Why can declaring an @Bean Method inside an @Component Class be risky?
1457,292,2,Q1193,18,Spring Core,"Spring Beans, Scopes & Lifecycle",Spring Core,"Spring Beans, Scopes & Lifecycle",Spring Beans,D2 Core,Can Spring create a Bean for an Abstract Class?
1458,292,3,Q1194,18,Spring Core,"Spring Beans, Scopes & Lifecycle",Spring Core,"Spring Beans, Scopes & Lifecycle",Spring Beans / Auto-Configuration,D2 Core,"After upgrading the Spring Boot version, your custom bean stopped working because a default bean started overriding it. How would you fix this issue?"
1459,292,4,Q1195,18,Spring Core,"Spring Beans, Scopes & Lifecycle",Spring Core,"Spring Beans, Scopes & Lifecycle",Spring Beans / Exceptions,D2 Core,What causes a NoSuchBeanDefinitionException even though your Bean is present in the codebase?
1460,292,5,Q1196,18,Spring Core,"Spring Beans, Scopes & Lifecycle",Spring Core,"Spring Beans, Scopes & Lifecycle",Spring Beans / Exceptions,D2 Core,Do you know about NoSuchBeanDefinitionException? What is it and why did you get it?
1461,293,1,Q1197,18,Spring Core,"Spring Beans, Scopes & Lifecycle",Spring Core,"Spring Beans, Scopes & Lifecycle",Spring Beans / Memory Management,D2 Core,Can misconfiguration of a Bean declared with @Bean annotation lead to memory leaks?
1462,293,2,Q1198,18,Spring Core,"Spring Beans, Scopes & Lifecycle",Spring Core,"Spring Beans, Scopes & Lifecycle",Spring Beans / Thread Safety,D2 Core,How does Spring make Singleton Beans Thread-Safe?
1463,293,3,Q1199,18,Spring Core,"Spring Beans, Scopes & Lifecycle",Spring Core,"Spring Beans, Scopes & Lifecycle",Spring Beans / XML Configuration,D2 Core,How do you define a Spring Bean in a configuration file?
1464,293,4,Q1200,18,Spring Core,"Spring Beans, Scopes & Lifecycle",Spring Core,"Spring Beans, Scopes & Lifecycle",Spring Circular Dependency,D2 Core,How does Spring resolve Circular Dependencies at runtime using Proxies?
1465,293,5,Q1201,18,Spring Core,"Spring Beans, Scopes & Lifecycle",Spring Core,"Spring Beans, Scopes & Lifecycle",Spring Bean Scope,D3 Applied,How would you implement a Custom Scope for Spring Beans?
1466,294,1,Q1202,18,Spring Core,"Spring Beans, Scopes & Lifecycle",Spring Core,"Spring Beans, Scopes & Lifecycle",Spring Bean Scopes,D3 Applied,How can we create or implement a custom Bean scope?
1467,294,2,Q1203,18,Spring Core,"Spring Beans, Scopes & Lifecycle",Spring Core,"Spring Beans, Scopes & Lifecycle",Spring Beans,D3 Applied,How does Spring create and manage Beans internally?
1468,294,3,Q1204,18,Spring Core,"Spring Beans, Scopes & Lifecycle",Spring Core,"Spring Beans, Scopes & Lifecycle",Circular Dependency,D4 Experience,Did you face any circular dependency issue while working on any project?
1469,294,4,Q1205,18,Spring Core,"Spring Beans, Scopes & Lifecycle",Spring Core,"Spring Beans, Scopes & Lifecycle",Circular Dependency,D4 Experience,How did you resolve that circular dependency?
1470,294,5,Q1206,18,Spring Core,"Spring Beans, Scopes & Lifecycle",Spring Core,"Spring Beans, Scopes & Lifecycle",Circular Dependency,D4 Experience,"In your career, have you encountered any Circular Dependency?"
1471,295,1,Q1261,18,Spring Core,"Spring Configuration, Profiles & Validation",Spring Core,"Spring Configuration, Profiles & Validation",Spring Profiles,D1 Foundation,What is Spring Boot @Profile annotation?
1472,295,2,Q1262,18,Spring Core,"Spring Configuration, Profiles & Validation",Spring Core,"Spring Configuration, Profiles & Validation",Spring Profiles,D1 Foundation,What issues could arise from not properly managing Spring Profiles in a multi-environment setup?
1473,295,3,Q1263,18,Spring Core,"Spring Configuration, Profiles & Validation",Spring Core,"Spring Configuration, Profiles & Validation",Spring Configuration,D2 Core,Are you aware about the @Configuration annotation?
1474,295,4,Q1264,18,Spring Core,"Spring Configuration, Profiles & Validation",Spring Core,"Spring Configuration, Profiles & Validation",Spring Configuration,D2 Core,Can we have multiple Spring Configuration files in one project?
1475,295,5,Q1265,18,Spring Core,"Spring Configuration, Profiles & Validation",Spring Core,"Spring Configuration, Profiles & Validation",Spring Configuration,D2 Core,"In a @Configuration Class, how do you handle one @Bean depending on another @Bean defined in the same Configuration?"
1476,296,1,Q1266,18,Spring Core,"Spring Configuration, Profiles & Validation",Spring Core,"Spring Configuration, Profiles & Validation",Spring Profiles,D2 Core,What happens if no active profile is set in Spring Boot?
1477,296,2,Q1267,18,Spring Core,"Spring Configuration, Profiles & Validation",Spring Core,"Spring Configuration, Profiles & Validation",Spring Profiles,D2 Core,How can you programmatically determine which profiles are currently active in a Spring Boot application?
1478,296,3,Q1268,18,Spring Core,"Spring Configuration, Profiles & Validation",Spring Core,"Spring Configuration, Profiles & Validation",Spring Profiles,D2 Core,Do you know about Spring Profiles?
1479,296,4,Q1269,18,Spring Core,"Spring Configuration, Profiles & Validation",Spring Core,"Spring Configuration, Profiles & Validation",Spring Profiles,D2 Core,What would happen if two profiles are active simultaneously with conflicting configuration?
1480,296,5,Q1270,18,Spring Core,"Spring Configuration, Profiles & Validation",Spring Core,"Spring Configuration, Profiles & Validation",Spring Profiles,D2 Core,You want to load different configurations for Dev and Prod. How do you manage multiple profiles in Spring Boot?
1481,297,1,Q1271,18,Spring Core,"Spring Configuration, Profiles & Validation",Spring Core,"Spring Configuration, Profiles & Validation",Spring Profiles,D2 Core,What is a Spring Profile and why is it used?
1482,297,2,Q1272,18,Spring Core,"Spring Configuration, Profiles & Validation",Spring Core,"Spring Configuration, Profiles & Validation",Spring Profiles,D2 Core,How do you activate a specific Spring Profile?
1483,297,3,Q1273,18,Spring Core,"Spring Configuration, Profiles & Validation",Spring Core,"Spring Configuration, Profiles & Validation",Spring Profiles,D2 Core,Can activating multiple profiles at once cause conflicts within the application?
1484,297,4,Q1274,18,Spring Core,"Spring Configuration, Profiles & Validation",Spring Core,"Spring Configuration, Profiles & Validation",Spring Profiles,D2 Core,Can we dynamically switch between different profiles in a running Spring Boot application without restarting the server?
1485,297,5,Q1277,18,Spring Core,"Spring Configuration, Profiles & Validation",Spring Core,"Spring Configuration, Profiles & Validation",Spring Validation,D2 Core,Can you tell me the difference between @Valid and @Validated annotation?
1486,298,1,Q1278,18,Spring Core,"Spring Configuration, Profiles & Validation",Spring Core,"Spring Configuration, Profiles & Validation",Spring Validation,D2 Core,Where do we use @Valid and where do we use @Validated?
1487,298,2,Q1279,18,Spring Core,"Spring Configuration, Profiles & Validation",Spring Core,"Spring Configuration, Profiles & Validation",Spring Validation,D2 Core,What is the difference between @Valid and @Validated?
1488,298,3,Q1280,18,Spring Core,"Spring Configuration, Profiles & Validation",Spring Core,"Spring Configuration, Profiles & Validation",Spring Validation,D2 Core,"Can we create Custom Validators in Spring Boot, and what role does ConstraintValidator play?"
1489,298,4,Q1281,18,Spring Core,"Spring Configuration, Profiles & Validation",Spring Core,"Spring Configuration, Profiles & Validation",Spring Validation,D2 Core,What happens when Validation fails for a Request Body Object?
1490,298,5,Q1282,18,Spring Core,"Spring Configuration, Profiles & Validation",Spring Core,"Spring Configuration, Profiles & Validation",Spring Profiles,D4 Experience,Have you worked with Spring Profiles?
1491,299,1,Q1283,18,Spring Core,"Spring Configuration, Profiles & Validation",Spring Core,"Spring Configuration, Profiles & Validation",Spring Profiles,D4 Experience,"Your Spring Boot application shows different behavior under Development, Testing and Production environments. How would you utilize profiles in this situation?"
1492,299,2,Q1284,18,Spring Core,"Spring Configuration, Profiles & Validation",Spring Core,"Spring Configuration, Profiles & Validation",Spring Profiles / Configuration,D4 Experience,Let's say you are moving an application from Development to Production. How would you override the datasource URLs without changing the code?
1493,299,3,Q1285,18,Spring Core,"Spring Configuration, Profiles & Validation",Spring Core,"Spring Configuration, Profiles & Validation",Validation,D4 Experience,What was the toughest validation you have done so far?
1494,299,4,Q1286,18,Spring Core,"Spring Configuration, Profiles & Validation",Spring Core,"Spring Configuration, Profiles & Validation",Validation,D4 Experience,"What validation annotations have you used most frequently, and have you used any third-party validation libraries?"
1495,299,5,Q1207,18,Spring Core,Spring AOP & Cross-Cutting Concerns,Spring Core,Spring AOP & Cross-Cutting Concerns,AOP / Security,D1 Foundation,What are the benefits of using AOP for managing Security Concerns?
1496,300,1,Q1208,18,Spring Core,Spring AOP & Cross-Cutting Concerns,Spring Core,Spring AOP & Cross-Cutting Concerns,AOP / Security,D2 Core,Your Logging Aspect accidentally logs sensitive data. What would you do?
1497,300,2,Q1209,18,Spring Core,Spring AOP & Cross-Cutting Concerns,Spring Core,Spring AOP & Cross-Cutting Concerns,Spring AOP,D2 Core,"In the Spring Framework, what is Aspect-Oriented Programming?"
1498,300,3,Q1210,18,Spring Core,Spring AOP & Cross-Cutting Concerns,Spring Core,Spring AOP & Cross-Cutting Concerns,Spring AOP,D2 Core,Can you provide an example use case for AOP in logging or security?
1499,300,4,Q1211,18,Spring Core,Spring AOP & Cross-Cutting Concerns,Spring Core,Spring AOP & Cross-Cutting Concerns,Spring AOP,D2 Core,Can you describe a scenario where AOP can solve a complex problem?
1500,300,5,Q1212,18,Spring Core,Spring AOP & Cross-Cutting Concerns,Spring Core,Spring AOP & Cross-Cutting Concerns,Spring AOP,D2 Core,Is it mandatory to use AOP?
1501,301,1,Q1213,18,Spring Core,Spring AOP & Cross-Cutting Concerns,Spring Core,Spring AOP & Cross-Cutting Concerns,Spring AOP,D4 Experience,Have you worked with Spring AOP?
1502,301,2,Q1214,18,Spring Core,Spring AOP & Cross-Cutting Concerns,Spring Core,Spring AOP & Cross-Cutting Concerns,Spring AOP,D5 Advanced/Design,Are there any drawbacks of using AOP in a large-scale application?
1503,301,3,Q1215,18,Spring Core,Spring Transaction Management,Spring Core,Spring Transaction Management,Spring Transaction Management,D1 Foundation,"What is Transaction Propagation, and what do propagation types such as REQUIRED and REQUIRES_NEW mean?"
1504,301,4,Q1216,18,Spring Core,Spring Transaction Management,Spring Core,Spring Transaction Management,Spring Transaction Management,D2 Core,Can you please explain transaction management in Spring?
1505,301,5,Q1217,18,Spring Core,Spring Transaction Management,Spring Core,Spring Transaction Management,Spring Transaction Management,D2 Core,"If you mention the @Transactional annotation at both class and method level simultaneously, what issues might arise?"
1506,302,1,Q1219,18,Spring Core,Spring Transaction Management,Spring Core,Spring Transaction Management,Spring Transaction Management,D2 Core,Let's say you mark a method @Transactional(propagation = REQUIRES_NEW) and call it from another transactional method. What happens to the outer transaction?
1507,302,2,Q1220,18,Spring Core,Spring Transaction Management,Spring Core,Spring Transaction Management,Spring Transaction Management,D2 Core,"Can transaction management be externally managed in Spring Boot, or must it be managed within the application?"
1508,302,3,Q1221,18,Spring Core,Spring Transaction Management,Spring Core,Spring Transaction Management,Spring Transaction Management,D2 Core,Tell me a scenario where applying @Transactional on a Service method is important.
1509,302,4,Q1222,18,Spring Core,Spring Transaction Management,Spring Core,Spring Transaction Management,Spring Transaction Management,D2 Core,What is the difference between using @Transactional on a public method and a private method? What happens if you put @Transactional on a private method?
1510,302,5,Q1223,18,Spring Core,Spring Transaction Management,Spring Core,Spring Transaction Management,Spring Transaction Management,D2 Core,"Can you explain @Transactional in detail, including its internal working?"
1511,303,1,Q1224,18,Spring Core,Spring Transaction Management,Spring Core,Spring Transaction Management,Spring Transaction Management,D2 Core,"Inside a @Transactional method, you throw an Exception but the data still gets saved. Why can this happen?"
1512,303,2,Q1225,18,Spring Core,Spring Transaction Management,Spring Core,Spring Transaction Management,Spring Transaction Management,D2 Core,Why does calling a @Transactional method from another method in the same Class fail to apply the Transaction?
1513,303,3,Q1226,18,Spring Core,Spring Transaction Management,Spring Core,Spring Transaction Management,Spring Transaction Management,D2 Core,Why does @Transactional not Roll Back by default for a Checked Exception?
1514,303,4,Q1227,18,Spring Core,Spring Transaction Management,Spring Core,Spring Transaction Management,Spring Transaction Management,D2 Core,What is the difference between executing a Read Method with @Transactional(readOnly = true) and executing it without a Transaction?
1515,303,5,Q1228,18,Spring Core,Spring Transaction Management,Spring Core,Spring Transaction Management,Spring Transaction Management,D2 Core,"A @Transactional method calls a private method in the same class annotated with REQUIRES_NEW, but the new transaction never starts. Why, and how can you make it work?"
1516,304,1,Q1229,18,Spring Core,Spring Transaction Management,Spring Core,Spring Transaction Management,Spring Transaction Management / Batch Processing,D2 Core,"If you have a long batch operation, how would you manage transactions to optimize performance and consistency?"
1517,304,2,Q1230,18,Spring Core,Spring Transaction Management,Spring Core,Spring Transaction Management,Spring Transaction Management,D3 Applied,What happens if a @Transactional method catches an Exception internally and does not rethrow it?
1518,304,3,Q1231,18,Spring Core,Spring Transaction Management,Spring Core,Spring Transaction Management,Spring Transaction Management,D4 Experience,Have you added @Transactional annotation anywhere?
1519,304,4,Q1232,18,Spring Core,Spring Transaction Management,Spring Core,Spring Transaction Management,Spring Transaction Management,D4 Experience,How would you debug @Transactional issues in Production?
1520,304,5,Q1233,18,Spring Core,Spring Transaction Management,Spring Core,Spring Transaction Management,Spring Transaction Management,D5 Advanced/Design,How would you design a Transactional method that involves operations across multiple Databases and a Message?
1521,305,1,Q1234,18,Spring Core,"Spring Async, Scheduling & Events",Spring Core,"Spring Async, Scheduling & Events",Spring Async,D1 Foundation,What is the @Async annotation used for?
1522,305,2,Q0723,18,Spring Core,"Spring Async, Scheduling & Events",Concurrency,CompletableFuture & Asynchronous Processing,Asynchronous Processing,D2 Core,How do you handle asynchronous operations in a Spring Boot application?
1523,305,3,Q1235,18,Spring Core,"Spring Async, Scheduling & Events",Spring Core,"Spring Async, Scheduling & Events",Scheduling,D2 Core,What's the work of Cron jobs?
1524,305,4,Q1236,18,Spring Core,"Spring Async, Scheduling & Events",Spring Core,"Spring Async, Scheduling & Events",Scheduling,D2 Core,Can you give me a use case for Cron jobs? Why do we use them?
1525,305,5,Q1237,18,Spring Core,"Spring Async, Scheduling & Events",Spring Core,"Spring Async, Scheduling & Events",Spring Async,D2 Core,How does Spring Boot manage thread pools in @Async methods?
1526,306,1,Q1238,18,Spring Core,"Spring Async, Scheduling & Events",Spring Core,"Spring Async, Scheduling & Events",Spring Async,D2 Core,Do you know about SimpleAsyncTaskExecutor?
1527,306,2,Q1239,18,Spring Core,"Spring Async, Scheduling & Events",Spring Core,"Spring Async, Scheduling & Events",Spring Async,D2 Core,"In a Spring Boot application, how would you configure an Async Executor with @Async?"
1528,306,3,Q1240,18,Spring Core,"Spring Async, Scheduling & Events",Spring Core,"Spring Async, Scheduling & Events",Spring Async,D2 Core,What happens if you do not configure a custom Task Executor?
1529,306,4,Q1241,18,Spring Core,"Spring Async, Scheduling & Events",Spring Core,"Spring Async, Scheduling & Events",Spring Async / CompletableFuture,D2 Core,When would you use @Async versus CompletableFuture?
1530,306,5,Q1242,18,Spring Core,"Spring Async, Scheduling & Events",Spring Core,"Spring Async, Scheduling & Events",Spring Events,D2 Core,Do you know about the @EventListener annotation?
1531,307,1,Q1243,18,Spring Core,"Spring Async, Scheduling & Events",Spring Core,"Spring Async, Scheduling & Events",Spring Scheduling,D2 Core,"You configured a scheduled task, but it is not running. What could be the possible causes?"
1532,307,2,Q1244,18,Spring Core,"Spring Async, Scheduling & Events",Spring Core,"Spring Async, Scheduling & Events",Spring Scheduling,D2 Core,A scheduled job is unexpectedly running twice in your Spring Boot application. What could be the reasons?
1533,307,3,Q1245,18,Spring Core,"Spring Async, Scheduling & Events",Spring Core,"Spring Async, Scheduling & Events",Scheduling / Cron Jobs,D3 Applied,How can we implement Cron jobs?
1534,307,4,Q1246,18,Spring Core,"Spring Async, Scheduling & Events",Spring Core,"Spring Async, Scheduling & Events",Spring Async,D3 Applied,How does Spring's @Async annotation work under the hood or behind the scenes?
1535,307,5,Q1247,18,Spring Core,"Spring Async, Scheduling & Events",Spring Core,"Spring Async, Scheduling & Events",Scheduling,D4 Experience,Have you written Cron jobs?
1536,308,1,Q1248,18,Spring Core,"Spring Async, Scheduling & Events",Spring Core,"Spring Async, Scheduling & Events",Scheduling,D4 Experience,Have you worked on Cron jobs?
1537,308,2,Q1249,18,Spring Core,"Spring Async, Scheduling & Events",Spring Core,"Spring Async, Scheduling & Events",Scheduling / Production Issue,D4 Experience,A scheduled task in your application runs twice instead of once. What possible misconfigurations could cause this?
1538,308,3,Q1250,18,Spring Core,"Spring Async, Scheduling & Events",Spring Core,"Spring Async, Scheduling & Events",Spring Async,D4 Experience,Have you worked with the @Async annotation?
1539,308,4,Q1251,18,Spring Core,"Spring Async, Scheduling & Events",Spring Core,"Spring Async, Scheduling & Events",Spring Scheduling,D4 Experience,A scheduled job in your Spring Boot application is running twice in production even though you deployed only once. What might be happening?
1540,308,5,Q1252,18,Spring Core,"Spring Async, Scheduling & Events",Spring Core,"Spring Async, Scheduling & Events",Spring Scheduling,D4 Experience,Have you heard about or used the @Scheduled annotation?
1541,309,1,Q1253,18,Spring Core,"Spring Caching, Session & Redis",Spring Core,"Spring Caching, Session & Redis",Spring Boot Caching,D2 Core,Do we have a default caching mechanism in Spring Boot?
1542,309,2,Q1254,18,Spring Core,"Spring Caching, Session & Redis",Spring Core,"Spring Caching, Session & Redis",Spring Boot Caching,D2 Core,"Spring Boot has default caching. Is it a good idea to use default caching, or should we use an external caching tool such as Redis?"
1543,309,3,Q1255,18,Spring Core,"Spring Caching, Session & Redis",Spring Core,"Spring Caching, Session & Redis",Spring Boot Caching,D2 Core,Are there any limitations of using default caching?
1544,309,4,Q1256,18,Spring Core,"Spring Caching, Session & Redis",Spring Core,"Spring Caching, Session & Redis",Spring Boot Caching / Debugging,D2 Core,A REST endpoint is returning outdated cached data instead of fresh data. How would you debug and fix this?
1545,309,5,Q1257,18,Spring Core,"Spring Caching, Session & Redis",Spring Core,"Spring Caching, Session & Redis",Spring Session,D2 Core,How do you handle session management? Do you know about session management?
1546,310,1,Q1258,18,Spring Core,"Spring Caching, Session & Redis",Spring Core,"Spring Caching, Session & Redis",Spring Session / Scalability,D2 Core,How would you handle Session Management in a high-traffic Spring Boot application?
1547,310,2,Q1259,18,Spring Core,"Spring Caching, Session & Redis",Spring Core,"Spring Caching, Session & Redis",Spring Boot Caching,D4 Experience,How have you implemented caching in a Spring Boot application?
1548,310,3,Q1260,18,Spring Core,"Spring Caching, Session & Redis",Spring Core,"Spring Caching, Session & Redis",Spring Session,D4 Experience,Have you used Spring Session?
1549,310,4,Q0807,18,Spring Core,"Spring Framework, IoC & Dependency Injection",Design & Architecture,"SOLID, Cohesion & Clean Code",SOLID / Open-Closed Principle,D2 Core,How does Spring help achieve the Open-Closed Principle?
1550,310,5,Q0550,18,Spring Core,"Spring Components, Component Scan & Core Annotations",JVM & Runtime,"Class Loading, Classpath, Reflection & Annotations",Spring Custom Annotations,D2 Core,How can you create custom annotations in Spring?
1551,311,1,Q1287,19,Spring Boot,Spring Boot Fundamentals & Starters,Spring Boot,Spring Boot Fundamentals & Starters,Spring Boot,D1 Foundation,What are the advantages of using Spring Boot over a traditional Spring application?
1552,311,2,Q1288,19,Spring Boot,Spring Boot Fundamentals & Starters,Spring Boot,Spring Boot Fundamentals & Starters,Spring Boot,D1 Foundation,What is the role of @SpringBootApplication annotation in a Spring Boot application?
1553,311,3,Q1289,19,Spring Boot,Spring Boot Fundamentals & Starters,Spring Boot,Spring Boot Fundamentals & Starters,Spring Boot,D1 Foundation,What are the components that make up @SpringBootApplication annotation?
1554,311,4,Q1290,19,Spring Boot,Spring Boot Fundamentals & Starters,Spring Boot,Spring Boot Fundamentals & Starters,Spring Boot,D1 Foundation,Have you heard about convention over configuration in Spring Boot?
1555,311,5,Q1291,19,Spring Boot,Spring Boot Fundamentals & Starters,Spring Boot,Spring Boot Fundamentals & Starters,Spring Boot,D1 Foundation,What is convention over configuration?
1556,312,1,Q1292,19,Spring Boot,Spring Boot Fundamentals & Starters,Spring Boot,Spring Boot Fundamentals & Starters,Spring Boot,D1 Foundation,What is the use of CommandLineRunner and ApplicationRunner?
1557,312,2,Q1293,19,Spring Boot,Spring Boot Fundamentals & Starters,Spring Boot,Spring Boot Fundamentals & Starters,Spring Boot,D1 Foundation,What are the disadvantages of Spring Boot?
1558,312,3,Q1294,19,Spring Boot,Spring Boot Fundamentals & Starters,Spring Boot,Spring Boot Fundamentals & Starters,Spring Boot 3,D1 Foundation,Have you heard about Spring Boot 3 updates and changes?
1559,312,4,Q1295,19,Spring Boot,Spring Boot Fundamentals & Starters,Spring Boot,Spring Boot Fundamentals & Starters,Spring Boot Annotations,D1 Foundation,What are some of the main annotations required in a Spring Boot application?
1560,312,5,Q1296,19,Spring Boot,Spring Boot Fundamentals & Starters,Spring Boot,Spring Boot Fundamentals & Starters,Spring Boot Annotations,D1 Foundation,What are some uncommon Spring Boot annotations that are very important but not used frequently?
1561,313,1,Q1297,19,Spring Boot,Spring Boot Fundamentals & Starters,Spring Boot,Spring Boot Fundamentals & Starters,Spring Boot Dependency Management,D1 Foundation,What is Spring Boot dependency management?
1562,313,2,Q1298,19,Spring Boot,Spring Boot Fundamentals & Starters,Spring Boot,Spring Boot Fundamentals & Starters,Spring Boot Starters,D1 Foundation,What are Spring Boot Starter dependencies?
1563,313,3,Q0952,19,Spring Boot,Spring Boot Fundamentals & Starters,Engineering Tools,Maven & Gradle,Maven,D2 Core,What is the difference between Spring Boot Starter Dependencies and normal Dependencies?
1564,313,4,Q1299,19,Spring Boot,Spring Boot Fundamentals & Starters,Spring Boot,Spring Boot Fundamentals & Starters,OOP / Spring Boot,D2 Core,Can you tell me how OOP is helpful in Spring Boot projects?
1565,313,5,Q1300,19,Spring Boot,Spring Boot Fundamentals & Starters,Spring Boot,Spring Boot Fundamentals & Starters,Spring Boot,D2 Core,How does Spring Boot simplify web development?
1566,314,1,Q1301,19,Spring Boot,Spring Boot Fundamentals & Starters,Spring Boot,Spring Boot Fundamentals & Starters,Spring Boot,D2 Core,What is the basic difference between Spring Boot and Spring?
1567,314,2,Q1302,19,Spring Boot,Spring Boot Fundamentals & Starters,Spring Boot,Spring Boot Fundamentals & Starters,Spring Boot,D2 Core,Tell me the advantages as well as the disadvantages of Spring Boot.
1568,314,3,Q1303,19,Spring Boot,Spring Boot Fundamentals & Starters,Spring Boot,Spring Boot Fundamentals & Starters,Spring Boot,D2 Core,What's the purpose of @SpringBootApplication annotation?
1569,314,4,Q1304,19,Spring Boot,Spring Boot Fundamentals & Starters,Spring Boot,Spring Boot Fundamentals & Starters,Spring Boot,D2 Core,Give me an example of convention over configuration.
1570,314,5,Q1305,19,Spring Boot,Spring Boot Fundamentals & Starters,Spring Boot,Spring Boot Fundamentals & Starters,Spring Boot,D2 Core,In a Spring Boot application there is a run method. Can you explain that run method?
1571,315,1,Q1306,19,Spring Boot,Spring Boot Fundamentals & Starters,Spring Boot,Spring Boot Fundamentals & Starters,Spring Boot,D2 Core,"When Spring Framework already existed, why was Spring Boot launched? Why was there a need for Spring Boot?"
1572,315,2,Q1307,19,Spring Boot,Spring Boot Fundamentals & Starters,Spring Boot,Spring Boot Fundamentals & Starters,Spring Boot,D2 Core,How is Spring Boot different from Spring Framework from a developer's perspective?
1573,315,3,Q1308,19,Spring Boot,Spring Boot Fundamentals & Starters,Spring Boot,Spring Boot Fundamentals & Starters,Spring Boot,D2 Core,Can you explain the internal working of Spring Boot?
1574,315,4,Q1309,19,Spring Boot,Spring Boot Fundamentals & Starters,Spring Boot,Spring Boot Fundamentals & Starters,Spring Boot,D2 Core,Why did we move from Spring Framework to Spring Boot? What was the main reason?
1575,315,5,Q1310,19,Spring Boot,Spring Boot Fundamentals & Starters,Spring Boot,Spring Boot Fundamentals & Starters,Spring Boot,D2 Core,Can we create a Non-Web Application using Spring Boot?
1576,316,1,Q1312,19,Spring Boot,Spring Boot Fundamentals & Starters,Spring Boot,Spring Boot Fundamentals & Starters,Spring Boot / Internationalization,D2 Core,Do you know whether Spring Boot supports internationalization?
1577,316,2,Q1313,19,Spring Boot,Spring Boot Fundamentals & Starters,Spring Boot,Spring Boot Fundamentals & Starters,Spring Boot / Internationalization,D2 Core,How does Spring Boot support internationalization?
1578,316,3,Q1314,19,Spring Boot,Spring Boot Fundamentals & Starters,Spring Boot,Spring Boot Fundamentals & Starters,Spring Boot / Java Compatibility,D2 Core,Is Spring Boot 3.x compatible with Java 8?
1579,316,4,Q1315,19,Spring Boot,Spring Boot Fundamentals & Starters,Spring Boot,Spring Boot Fundamentals & Starters,Spring Boot Annotations,D2 Core,Can you tell me the top five most common annotations in Spring Boot?
1580,316,5,Q1316,19,Spring Boot,Spring Boot Fundamentals & Starters,Spring Boot,Spring Boot Fundamentals & Starters,Spring Boot Annotations,D2 Core,Tell me five uncommon annotations that we don't use frequently but are very important.
1581,317,1,Q1317,19,Spring Boot,Spring Boot Fundamentals & Starters,Spring Boot,Spring Boot Fundamentals & Starters,Spring Boot Annotations,D2 Core,Can you name a few uncommon annotations that are used for complex use cases?
1582,317,2,Q1318,19,Spring Boot,Spring Boot Fundamentals & Starters,Spring Boot,Spring Boot Fundamentals & Starters,Spring Boot Annotations,D2 Core,"Tell me five important Spring Boot annotations that we use in day-to-day tasks, and another five important annotations that we don't use frequently."
1583,317,3,Q1319,19,Spring Boot,Spring Boot Fundamentals & Starters,Spring Boot,Spring Boot Fundamentals & Starters,Spring Boot Annotations,D2 Core,What's the difference between @SpringBootApplication and @EnableAutoConfiguration?
1584,317,4,Q1320,19,Spring Boot,Spring Boot Fundamentals & Starters,Spring Boot,Spring Boot Fundamentals & Starters,Spring Boot Annotations,D2 Core,@SpringBootApplication combines three annotations. Can those annotations be used separately?
1585,317,5,Q1321,19,Spring Boot,Spring Boot Fundamentals & Starters,Spring Boot,Spring Boot Fundamentals & Starters,Spring Boot Architecture,D2 Core,"Why do we need separate Controller, Service, Business and Repository Layers in a Spring Boot application?"
1586,318,1,Q1322,19,Spring Boot,Spring Boot Fundamentals & Starters,Spring Boot,Spring Boot Fundamentals & Starters,Spring Boot Dependency Management,D2 Core,How does Spring Boot simplify the management of application dependencies?
1587,318,2,Q1323,19,Spring Boot,Spring Boot Fundamentals & Starters,Spring Boot,Spring Boot Fundamentals & Starters,Spring Boot Migration,D2 Core,What challenges might you face while upgrading from Spring Boot 2 to Spring Boot 3?
1588,318,3,Q1324,19,Spring Boot,Spring Boot Fundamentals & Starters,Spring Boot,Spring Boot Fundamentals & Starters,Spring Boot Migration,D2 Core,Let's say you have a legacy application without a Spring context. How would Spring Boot simplify the migration?
1589,318,4,Q1325,19,Spring Boot,Spring Boot Fundamentals & Starters,Spring Boot,Spring Boot Fundamentals & Starters,Spring Boot Starter,D2 Core,"If someone gives you a task to create your own custom Starter, how would you do that?"
1590,318,5,Q1326,19,Spring Boot,Spring Boot Fundamentals & Starters,Spring Boot,Spring Boot Fundamentals & Starters,Spring Boot Starter / Third-Party Library,D2 Core,Let's say your project needs to integrate a third-party library. How would you proceed to create a starter for this library?
1591,319,1,Q1327,19,Spring Boot,Spring Boot Fundamentals & Starters,Spring Boot,Spring Boot Fundamentals & Starters,Spring Boot Starter Parent,D2 Core,What's the purpose of having a Spring Boot Starter Parent?
1592,319,2,Q1328,19,Spring Boot,Spring Boot Fundamentals & Starters,Spring Boot,Spring Boot Fundamentals & Starters,Spring Boot Starters,D2 Core,Do you know about Spring Boot starters and how they work?
1593,319,3,Q1329,19,Spring Boot,Spring Boot Fundamentals & Starters,Spring Boot,Spring Boot Fundamentals & Starters,Spring Boot Starters,D2 Core,Do you know what a Spring Boot Starter is and what its purpose is?
1594,319,4,Q1330,19,Spring Boot,Spring Boot Fundamentals & Starters,Spring Boot,Spring Boot Fundamentals & Starters,Spring Boot Starters,D2 Core,What are Spring Boot Starters and how do they help in application development?
1595,319,5,Q1331,19,Spring Boot,Spring Boot Fundamentals & Starters,Spring Boot,Spring Boot Fundamentals & Starters,Spring Boot Starters,D2 Core,Can you name a few common Starters and their use cases?
1596,320,1,Q1332,19,Spring Boot,Spring Boot Fundamentals & Starters,Spring Boot,Spring Boot Fundamentals & Starters,Spring Boot Starters,D2 Core,Why do we use Spring Boot Starters?
1597,320,2,Q1333,19,Spring Boot,Spring Boot Fundamentals & Starters,Spring Boot,Spring Boot Fundamentals & Starters,Spring Boot Starters,D2 Core,Can you explain the concept and advantages of Spring Boot Starters?
1598,320,3,Q1334,19,Spring Boot,Spring Boot Fundamentals & Starters,Spring Boot,Spring Boot Fundamentals & Starters,Spring Boot Starters,D2 Core,Do you know about Starter dependencies? Can you give me a brief explanation?
1599,320,4,Q1335,19,Spring Boot,Spring Boot Fundamentals & Starters,Spring Boot,Spring Boot Fundamentals & Starters,Spring Boot Starters,D2 Core,Can we create our own Starter dependency?
1600,320,5,Q1336,19,Spring Boot,Spring Boot Fundamentals & Starters,Spring Boot,Spring Boot Fundamentals & Starters,Spring Boot Version,D2 Core,Do you know about the latest Spring Boot version?
1601,321,1,Q1337,19,Spring Boot,Spring Boot Fundamentals & Starters,Spring Boot,Spring Boot Fundamentals & Starters,Spring Boot Version,D2 Core,What's the latest Spring Boot version going on in the market?
1602,321,2,Q1119,19,Spring Boot,"Spring Framework, IoC & Dependency Injection",Spring Core,"Spring Framework, IoC & Dependency Injection",Spring Dependency Injection,D2 Core,Will Autowiring still work after disabling Auto-Configuration?
1603,321,3,Q1338,19,Spring Boot,Spring Boot Fundamentals & Starters,Spring Boot,Spring Boot Fundamentals & Starters,Spring Boot,D3 Applied,"@SpringBootApplication consists of three annotations internally, right? Can you tell me in brief about this?"
1604,321,4,Q1339,19,Spring Boot,Spring Boot Fundamentals & Starters,Spring Boot,Spring Boot Fundamentals & Starters,Spring Boot Internals,D3 Applied,What happens internally when we start a Spring Boot application?
1605,321,5,Q1340,19,Spring Boot,Spring Boot Fundamentals & Starters,Spring Boot,Spring Boot Fundamentals & Starters,Spring Boot Internals,D3 Applied,What role does SpringApplication.run() play?
1606,322,1,Q1341,19,Spring Boot,Spring Boot Fundamentals & Starters,Spring Boot,Spring Boot Fundamentals & Starters,Spring Boot,D4 Experience,Can you discuss a specific Spring Boot feature that you used to solve a complex problem in your last project?
1607,322,2,Q1342,19,Spring Boot,Spring Boot Fundamentals & Starters,Spring Boot,Spring Boot Fundamentals & Starters,Spring Boot Dependencies,D4 Experience,Can you name some dependencies that you have used in your project?
1608,322,3,Q1343,19,Spring Boot,Spring Boot Fundamentals & Starters,Spring Boot,Spring Boot Fundamentals & Starters,Spring Boot Migration,D4 Experience,Did you get a chance to migrate Spring Boot version from 2 to 3?
1609,322,4,Q1344,19,Spring Boot,Spring Boot Fundamentals & Starters,Spring Boot,Spring Boot Fundamentals & Starters,Spring Boot Migration,D4 Experience,Are you going to migrate Spring Boot?
1610,322,5,Q1345,19,Spring Boot,Spring Boot Fundamentals & Starters,Spring Boot,Spring Boot Fundamentals & Starters,Spring Boot Starters,D4 Experience,What are some common Spring Boot Starters that you have used in your projects?
1611,323,1,Q1346,19,Spring Boot,Spring Boot Fundamentals & Starters,Spring Boot,Spring Boot Fundamentals & Starters,Spring Boot Version,D4 Experience,Which Spring Boot version are you currently using in your project?
1612,323,2,Q1347,19,Spring Boot,Spring Boot Auto-Configuration & External Configuration,Spring Boot,Spring Boot Auto-Configuration & External Configuration,Spring Boot / Lazy Initialization,D1 Foundation,"What is Lazy Initialization in Spring Boot, and how can you enable it?"
1613,323,3,Q1348,19,Spring Boot,Spring Boot Auto-Configuration & External Configuration,Spring Boot,Spring Boot Auto-Configuration & External Configuration,Spring Boot Auto-Configuration,D1 Foundation,What are the steps to override a specific auto-configuration?
1614,323,4,Q1349,19,Spring Boot,Spring Boot Auto-Configuration & External Configuration,Spring Boot,Spring Boot Auto-Configuration & External Configuration,Spring Boot Auto-Configuration,D1 Foundation,Have you heard about the exclude attribute inside @EnableAutoConfiguration?
1615,323,5,Q1350,19,Spring Boot,Spring Boot Auto-Configuration & External Configuration,Spring Boot,Spring Boot Auto-Configuration & External Configuration,Spring Boot Auto-Configuration,D1 Foundation,What issues might arise if you accidentally exclude a critical Auto-Configuration class?
1616,324,1,Q1351,19,Spring Boot,Spring Boot Auto-Configuration & External Configuration,Spring Boot,Spring Boot Auto-Configuration & External Configuration,Spring Boot Auto-Configuration,D1 Foundation,What is the link between @EnableAutoConfiguration and Autowiring?
1617,324,2,Q1352,19,Spring Boot,Spring Boot Auto-Configuration & External Configuration,Spring Boot,Spring Boot Auto-Configuration & External Configuration,Spring Boot Auto-Configuration,D1 Foundation,"What are the purposes of Conditional Annotations, and what do we achieve by using them?"
1618,324,3,Q1353,19,Spring Boot,Spring Boot Auto-Configuration & External Configuration,Spring Boot,Spring Boot Auto-Configuration & External Configuration,Spring Boot Configuration,D1 Foundation,What is Externalized Configuration?
1619,324,4,Q1354,19,Spring Boot,Spring Boot Auto-Configuration & External Configuration,Spring Boot,Spring Boot Auto-Configuration & External Configuration,Spring Boot / @Value,D2 Core,"You use @Value, but the application throws a BeanCreationException. What could be wrong?"
1620,324,5,Q1355,19,Spring Boot,Spring Boot Auto-Configuration & External Configuration,Spring Boot,Spring Boot Auto-Configuration & External Configuration,Spring Boot / @Value,D2 Core,What happens if you use @Value and the requested Property does not exist?
1621,325,1,Q1356,19,Spring Boot,Spring Boot Auto-Configuration & External Configuration,Spring Boot,Spring Boot Auto-Configuration & External Configuration,Spring Boot / Conditional Configuration,D2 Core,How do Custom Conditional Annotations work in Spring Boot?
1622,325,2,Q1357,19,Spring Boot,Spring Boot Auto-Configuration & External Configuration,Spring Boot,Spring Boot Auto-Configuration & External Configuration,Spring Boot Auto-Configuration,D2 Core,Can we customize a specific auto-configuration in Spring Boot?
1623,325,3,Q1358,19,Spring Boot,Spring Boot Auto-Configuration & External Configuration,Spring Boot,Spring Boot Auto-Configuration & External Configuration,Spring Boot Auto-Configuration,D2 Core,What's auto-configuration?
1624,325,4,Q1359,19,Spring Boot,Spring Boot Auto-Configuration & External Configuration,Spring Boot,Spring Boot Auto-Configuration & External Configuration,Spring Boot Auto-Configuration,D2 Core,Can you give an example of a situation where we would need to override the default auto-configuration?
1625,325,5,Q1360,19,Spring Boot,Spring Boot Auto-Configuration & External Configuration,Spring Boot,Spring Boot Auto-Configuration & External Configuration,Spring Boot Auto-Configuration,D2 Core,Can you provide an example where auto-configuration simplifies development?
1626,326,1,Q1361,19,Spring Boot,Spring Boot Auto-Configuration & External Configuration,Spring Boot,Spring Boot Auto-Configuration & External Configuration,Spring Boot Auto-Configuration,D2 Core,Can you discuss a scenario where you have to override the default auto-configuration provided by Spring Boot?
1627,326,2,Q1362,19,Spring Boot,Spring Boot Auto-Configuration & External Configuration,Spring Boot,Spring Boot Auto-Configuration & External Configuration,Spring Boot Auto-Configuration,D2 Core,Do you know how we can achieve overriding the default auto-configuration?
1628,326,3,Q1363,19,Spring Boot,Spring Boot Auto-Configuration & External Configuration,Spring Boot,Spring Boot Auto-Configuration & External Configuration,Spring Boot Auto-Configuration,D2 Core,How does @ConditionalOnMissingBean work?
1629,326,4,Q1364,19,Spring Boot,Spring Boot Auto-Configuration & External Configuration,Spring Boot,Spring Boot Auto-Configuration & External Configuration,Spring Boot Auto-Configuration,D2 Core,Why is the classpath used in Auto-Configuration?
1630,326,5,Q1365,19,Spring Boot,Spring Boot Auto-Configuration & External Configuration,Spring Boot,Spring Boot Auto-Configuration & External Configuration,Spring Boot Auto-Configuration,D2 Core,"If one of the annotations combined by @SpringBootApplication conflicts with your specific configuration, how can you exclude it from the application?"
1631,327,1,Q1366,19,Spring Boot,Spring Boot Auto-Configuration & External Configuration,Spring Boot,Spring Boot Auto-Configuration & External Configuration,Spring Boot Auto-Configuration,D2 Core,How many ways can you exclude Auto-Configuration?
1632,327,2,Q1367,19,Spring Boot,Spring Boot Auto-Configuration & External Configuration,Spring Boot,Spring Boot Auto-Configuration & External Configuration,Spring Boot Auto-Configuration,D2 Core,Do you know the role of spring.factories in Auto-Configuration?
1633,327,3,Q1368,19,Spring Boot,Spring Boot Auto-Configuration & External Configuration,Spring Boot,Spring Boot Auto-Configuration & External Configuration,Spring Boot Auto-Configuration,D2 Core,Can a custom @Bean override an Auto-Configured Bean?
1634,327,4,Q1369,19,Spring Boot,Spring Boot Auto-Configuration & External Configuration,Spring Boot,Spring Boot Auto-Configuration & External Configuration,Spring Boot Auto-Configuration / Beans,D2 Core,What happens if two auto-configuration classes define the same bean?
1635,327,5,Q1370,19,Spring Boot,Spring Boot Auto-Configuration & External Configuration,Spring Boot,Spring Boot Auto-Configuration & External Configuration,Spring Boot Configuration,D2 Core,How does Spring Boot handle application configuration?
1636,328,1,Q1371,19,Spring Boot,Spring Boot Auto-Configuration & External Configuration,Spring Boot,Spring Boot Auto-Configuration & External Configuration,Spring Boot Configuration,D2 Core,What's the order of precedence in the configuration?
1637,328,2,Q1372,19,Spring Boot,Spring Boot Auto-Configuration & External Configuration,Spring Boot,Spring Boot Auto-Configuration & External Configuration,Spring Boot Configuration,D2 Core,Can we check environment properties in our Spring Boot application?
1638,328,3,Q1373,19,Spring Boot,Spring Boot Auto-Configuration & External Configuration,Spring Boot,Spring Boot Auto-Configuration & External Configuration,Spring Boot Configuration,D2 Core,Can you describe how you would configure a Spring Boot application using both application.properties and application.yml files?
1639,328,4,Q1374,19,Spring Boot,Spring Boot Auto-Configuration & External Configuration,Spring Boot,Spring Boot Auto-Configuration & External Configuration,Spring Boot Configuration,D2 Core,"If a project has both YAML and Properties files, which one would have more priority?"
1640,328,5,Q1375,19,Spring Boot,Spring Boot Auto-Configuration & External Configuration,Spring Boot,Spring Boot Auto-Configuration & External Configuration,Spring Boot Configuration,D2 Core,What's the YAML file name in your application?
1641,329,1,Q1376,19,Spring Boot,Spring Boot Auto-Configuration & External Configuration,Spring Boot,Spring Boot Auto-Configuration & External Configuration,Spring Boot Configuration,D2 Core,Can you tell me the difference between application.properties and application.yml?
1642,329,2,Q1377,19,Spring Boot,Spring Boot Auto-Configuration & External Configuration,Spring Boot,Spring Boot Auto-Configuration & External Configuration,Spring Boot Configuration,D2 Core,What's the purpose of @ConfigurationProperties annotation?
1643,329,3,Q1378,19,Spring Boot,Spring Boot Auto-Configuration & External Configuration,Spring Boot,Spring Boot Auto-Configuration & External Configuration,Spring Boot Configuration,D2 Core,What about the @Value annotation?
1644,329,4,Q1379,19,Spring Boot,Spring Boot Auto-Configuration & External Configuration,Spring Boot,Spring Boot Auto-Configuration & External Configuration,Spring Boot Configuration,D2 Core,Can you describe how properties are managed in Spring Boot?
1645,329,5,Q1380,19,Spring Boot,Spring Boot Auto-Configuration & External Configuration,Spring Boot,Spring Boot Auto-Configuration & External Configuration,Spring Boot Configuration,D2 Core,What's the benefit of using a YAML file?
1646,330,1,Q1381,19,Spring Boot,Spring Boot Auto-Configuration & External Configuration,Spring Boot,Spring Boot Auto-Configuration & External Configuration,Spring Boot Configuration,D2 Core,What is the difference between @ConfigurationProperties and @Value?
1647,330,2,Q1382,19,Spring Boot,Spring Boot Auto-Configuration & External Configuration,Spring Boot,Spring Boot Auto-Configuration & External Configuration,Spring Boot Configuration,D2 Core,How does Spring Boot resolve Property Precedence?
1648,330,3,Q1383,19,Spring Boot,Spring Boot Auto-Configuration & External Configuration,Spring Boot,Spring Boot Auto-Configuration & External Configuration,Spring Boot Configuration,D2 Core,Your custom Configuration is not getting picked up by Spring Boot. What steps would you check?
1649,330,4,Q1384,19,Spring Boot,Spring Boot Auto-Configuration & External Configuration,Spring Boot,Spring Boot Auto-Configuration & External Configuration,Spring Boot Configuration,D2 Core,"Can we use both application.yml and application.properties in the same Spring Boot application, and how are they prioritized?"
1650,330,5,Q1385,19,Spring Boot,Spring Boot Auto-Configuration & External Configuration,Spring Boot,Spring Boot Auto-Configuration & External Configuration,Spring Boot Configuration,D2 Core,@ConfigurationProperties is returning null values. What could be wrong?
1651,331,1,Q1386,19,Spring Boot,Spring Boot Auto-Configuration & External Configuration,Spring Boot,Spring Boot Auto-Configuration & External Configuration,Spring Boot Configuration,D2 Core,"You declared @ConfigurationProperties, but it is returning null values. What could be wrong?"
1652,331,2,Q1387,19,Spring Boot,Spring Boot Auto-Configuration & External Configuration,Spring Boot,Spring Boot Auto-Configuration & External Configuration,Spring Boot Configuration,D2 Core,You migrated from application.properties to application.yml and the Application now fails. What could have gone wrong?
1653,331,3,Q1388,19,Spring Boot,Spring Boot Auto-Configuration & External Configuration,Spring Boot,Spring Boot Auto-Configuration & External Configuration,Spring Boot Profiles,D2 Core,What happens if multiple Spring Boot Profiles are active at the same time?
1654,331,4,Q1149,19,Spring Boot,"Spring Components, Component Scan & Core Annotations",Spring Core,"Spring Components, Component Scan & Core Annotations",Spring Component Scan,D2 Core,"If an application fails to start with an exception related to component scanning, what adjustments might you make to the @SpringBootApplication annotation's attributes?"
1655,331,5,Q1389,19,Spring Boot,Spring Boot Auto-Configuration & External Configuration,Spring Boot,Spring Boot Auto-Configuration & External Configuration,Spring Boot Auto-Configuration,D3 Applied,How does Spring Boot decide what to configure automatically internally?
1656,332,1,Q1390,19,Spring Boot,Spring Boot Auto-Configuration & External Configuration,Spring Boot,Spring Boot Auto-Configuration & External Configuration,Spring Boot / ConfigurationProperties,D4 Experience,A value from @ConfigurationProperties works locally but is always null in production. What could cause this and how would you fix it?
1657,332,2,Q1391,19,Spring Boot,Spring Boot Auto-Configuration & External Configuration,Spring Boot,Spring Boot Auto-Configuration & External Configuration,Spring Boot Conditional Annotations,D4 Experience,Have you used Conditional annotations in Spring Boot?
1658,332,3,Q1392,19,Spring Boot,Spring Boot Auto-Configuration & External Configuration,Spring Boot,Spring Boot Auto-Configuration & External Configuration,Spring Boot Configuration,D4 Experience,"In your current project, how are these configuration files structured?"
1659,332,4,Q1393,19,Spring Boot,Spring Boot Auto-Configuration & External Configuration,Spring Boot,Spring Boot Auto-Configuration & External Configuration,Spring Boot Configuration,D4 Experience,Are you using properties or YAML file?
1660,332,5,Q1394,19,Spring Boot,Spring Boot Auto-Configuration & External Configuration,Spring Boot,Spring Boot Auto-Configuration & External Configuration,Spring Boot Configuration,D4 Experience,Are you guys planning to migrate to YAML or not?
1661,333,1,Q1395,19,Spring Boot,Spring Boot Auto-Configuration & External Configuration,Spring Boot,Spring Boot Auto-Configuration & External Configuration,Spring Boot Configuration,D4 Experience,Would you prefer YAML or Properties?
1662,333,2,Q1396,19,Spring Boot,Spring Boot Auto-Configuration & External Configuration,Spring Boot,Spring Boot Auto-Configuration & External Configuration,Spring Boot Configuration,D4 Experience,"Which one do you use, Properties or YAML, and why?"
1663,333,3,Q1397,19,Spring Boot,Spring Boot Auto-Configuration & External Configuration,Spring Boot,Spring Boot Auto-Configuration & External Configuration,Spring Boot Configuration,D4 Experience,Why did you not use YAML if you prefer it?
1664,333,4,Q1398,19,Spring Boot,Spring Boot Auto-Configuration & External Configuration,Spring Boot,Spring Boot Auto-Configuration & External Configuration,Spring Boot Configuration,D4 Experience,Have you ever misconfigured any property and caused an issue in Production?
1665,333,5,Q0531,19,Spring Boot,Spring Boot Auto-Configuration & External Configuration,JVM & Runtime,"Class Loading, Classpath, Reflection & Annotations",Spring / Classpath,D1 Foundation,"What is the Classpath in Spring Boot, and how is it related to where dependencies or Beans are found?"
1666,334,1,Q1054,19,Spring Boot,Spring Boot Auto-Configuration & External Configuration,Database,SQL & Relational Database Fundamentals,Database Migration,D2 Core,Suppose you need to migrate an existing application to use a new database schema in Spring Boot without downtime. How would you plan and execute this migration?
1667,334,2,Q1055,19,Spring Boot,Spring Boot Auto-Configuration & External Configuration,Database,SQL & Relational Database Fundamentals,Database Migration,D2 Core,Do you know about database migration? How does Spring Boot handle database migration?
1668,334,3,Q1056,19,Spring Boot,Spring Boot Auto-Configuration & External Configuration,Database,SQL & Relational Database Fundamentals,Database Migration,D2 Core,How would you migrate an existing Spring Boot application to a new Database Schema without downtime?
1669,334,4,Q1068,19,Spring Boot,Spring Boot Auto-Configuration & External Configuration,Database,SQL & Relational Database Fundamentals,Database,D4 Experience,Can you tell me a scenario where using multiple databases in a Spring Boot application is necessary?
1670,334,5,Q0553,19,Spring Boot,Spring Boot Auto-Configuration & External Configuration,JVM & Runtime,"Class Loading, Classpath, Reflection & Annotations",Spring Conditional Annotations,D4 Experience,Have you used Conditional annotations in Spring Boot?
1671,335,1,Q1399,19,Spring Boot,"Embedded Server, Actuator & DevTools",Spring Boot,"Embedded Server, Actuator & DevTools",Spring Boot / Embedded Server,D1 Foundation,What are the Pros and Cons of using Spring Boot's Embedded Server?
1672,335,2,Q1400,19,Spring Boot,"Embedded Server, Actuator & DevTools",Spring Boot,"Embedded Server, Actuator & DevTools",Spring Boot Actuator,D1 Foundation,What are Actuators in Spring Boot?
1673,335,3,Q1401,19,Spring Boot,"Embedded Server, Actuator & DevTools",Spring Boot,"Embedded Server, Actuator & DevTools",Spring Boot Actuator,D1 Foundation,What are the best practices for Actuator endpoints?
1674,335,4,Q1402,19,Spring Boot,"Embedded Server, Actuator & DevTools",Spring Boot,"Embedded Server, Actuator & DevTools",Spring Boot Actuator,D1 Foundation,What is the Maven dependency name for Spring Boot Actuator?
1675,335,5,Q1403,19,Spring Boot,"Embedded Server, Actuator & DevTools",Spring Boot,"Embedded Server, Actuator & DevTools",Spring Boot Embedded Server,D1 Foundation,What are the pros and cons of using an embedded server?
1676,336,1,Q1404,19,Spring Boot,"Embedded Server, Actuator & DevTools",Spring Boot,"Embedded Server, Actuator & DevTools",Spring Boot Actuator,D2 Core,Do you know about Spring Boot Actuator?
1677,336,2,Q1405,19,Spring Boot,"Embedded Server, Actuator & DevTools",Spring Boot,"Embedded Server, Actuator & DevTools",Spring Boot Actuator,D2 Core,Can you name some endpoints provided by Spring Boot Actuator?
1678,336,3,Q1406,19,Spring Boot,"Embedded Server, Actuator & DevTools",Spring Boot,"Embedded Server, Actuator & DevTools",Spring Boot Actuator,D2 Core,Tell me a few endpoints that Actuator provides.
1679,336,4,Q1407,19,Spring Boot,"Embedded Server, Actuator & DevTools",Spring Boot,"Embedded Server, Actuator & DevTools",Spring Boot Actuator,D2 Core,Can you explain Spring Boot Actuators? Why do we use them?
1680,336,5,Q1408,19,Spring Boot,"Embedded Server, Actuator & DevTools",Spring Boot,"Embedded Server, Actuator & DevTools",Spring Boot Actuator,D2 Core,How does Spring Boot Actuator enhance application management?
1681,337,1,Q1409,19,Spring Boot,"Embedded Server, Actuator & DevTools",Spring Boot,"Embedded Server, Actuator & DevTools",Spring Boot Actuator,D2 Core,"Can we customize an Actuator endpoint, such as creating a new endpoint or modifying an existing one?"
1682,337,2,Q1410,19,Spring Boot,"Embedded Server, Actuator & DevTools",Spring Boot,"Embedded Server, Actuator & DevTools",Spring Boot Actuator,D2 Core,Can we utilize Spring Boot Actuator endpoints while investigating application performance or health issues?
1683,337,3,Q1411,19,Spring Boot,"Embedded Server, Actuator & DevTools",Spring Boot,"Embedded Server, Actuator & DevTools",Spring Boot Actuator,D2 Core,How would you expose Custom Metrics using Spring Boot Actuator?
1684,337,4,Q1412,19,Spring Boot,"Embedded Server, Actuator & DevTools",Spring Boot,"Embedded Server, Actuator & DevTools",Spring Boot Actuator,D2 Core,How would you create a Custom Health Indicator to monitor a Third-Party API?
1685,337,5,Q1413,19,Spring Boot,"Embedded Server, Actuator & DevTools",Spring Boot,"Embedded Server, Actuator & DevTools",Spring Boot Actuator / Security,D2 Core,How can we secure Actuator endpoints?
1686,338,1,Q1414,19,Spring Boot,"Embedded Server, Actuator & DevTools",Spring Boot,"Embedded Server, Actuator & DevTools",Spring Boot DevTools,D2 Core,Can you explain the need for the DevTools dependency?
1687,338,2,Q1415,19,Spring Boot,"Embedded Server, Actuator & DevTools",Spring Boot,"Embedded Server, Actuator & DevTools",Spring Boot DevTools,D2 Core,Can you give a brief explanation of Spring Boot DevTools?
1688,338,3,Q1416,19,Spring Boot,"Embedded Server, Actuator & DevTools",Spring Boot,"Embedded Server, Actuator & DevTools",Spring Boot Embedded Server,D2 Core,How does Spring Boot make the decision on which server to use?
1689,338,4,Q1417,19,Spring Boot,"Embedded Server, Actuator & DevTools",Spring Boot,"Embedded Server, Actuator & DevTools",Spring Boot Embedded Server,D2 Core,What's the default server?
1690,338,5,Q1418,19,Spring Boot,"Embedded Server, Actuator & DevTools",Spring Boot,"Embedded Server, Actuator & DevTools",Spring Boot Embedded Server,D2 Core,Can we change the default server?
1691,339,1,Q1419,19,Spring Boot,"Embedded Server, Actuator & DevTools",Spring Boot,"Embedded Server, Actuator & DevTools",Spring Boot Embedded Server,D2 Core,What's the role of an embedded server in a Spring Boot application?
1692,339,2,Q1420,19,Spring Boot,"Embedded Server, Actuator & DevTools",Spring Boot,"Embedded Server, Actuator & DevTools",Spring Boot Embedded Server,D2 Core,Tell me the servers that Spring Boot provides.
1693,339,3,Q1421,19,Spring Boot,"Embedded Server, Actuator & DevTools",Spring Boot,"Embedded Server, Actuator & DevTools",Spring Boot Embedded Server,D2 Core,Can we remove the default one and include whatever we want?
1694,339,4,Q1422,19,Spring Boot,"Embedded Server, Actuator & DevTools",Spring Boot,"Embedded Server, Actuator & DevTools",Spring Boot Embedded Server,D2 Core,How can we do that?
1695,339,5,Q1423,19,Spring Boot,"Embedded Server, Actuator & DevTools",Spring Boot,"Embedded Server, Actuator & DevTools",Spring Boot Embedded Server,D2 Core,Can we change the type of server in Spring Boot?
1696,340,1,Q1424,19,Spring Boot,"Embedded Server, Actuator & DevTools",Spring Boot,"Embedded Server, Actuator & DevTools",Spring Boot Embedded Server,D2 Core,Is it possible to change the port of the Tomcat server in a Spring Boot application?
1697,340,2,Q1425,19,Spring Boot,"Embedded Server, Actuator & DevTools",Spring Boot,"Embedded Server, Actuator & DevTools",Spring Boot Embedded Server,D2 Core,What's the default port of Tomcat in Spring Boot?
1698,340,3,Q1426,19,Spring Boot,"Embedded Server, Actuator & DevTools",Spring Boot,"Embedded Server, Actuator & DevTools",Spring Boot Embedded Server,D2 Core,Can we replace the default port?
1699,340,4,Q1427,19,Spring Boot,"Embedded Server, Actuator & DevTools",Spring Boot,"Embedded Server, Actuator & DevTools",Spring Boot Embedded Server,D2 Core,Can we disable the default web server in a Spring Boot application?
1700,340,5,Q1428,19,Spring Boot,"Embedded Server, Actuator & DevTools",Spring Boot,"Embedded Server, Actuator & DevTools",Spring Boot Embedded Server,D2 Core,"What servers are provided by Spring Boot, and which one is the default?"
1701,341,1,Q1429,19,Spring Boot,"Embedded Server, Actuator & DevTools",Spring Boot,"Embedded Server, Actuator & DevTools",Spring Boot Embedded Server,D2 Core,"How does Spring Boot decide which port to run on, and how can we change it?"
1702,341,2,Q1430,19,Spring Boot,"Embedded Server, Actuator & DevTools",Spring Boot,"Embedded Server, Actuator & DevTools",Spring Boot Embedded Server,D2 Core,What servers are available in Spring Boot besides the default Tomcat server?
1703,341,3,Q1431,19,Spring Boot,"Embedded Server, Actuator & DevTools",Spring Boot,"Embedded Server, Actuator & DevTools",Spring Boot Embedded Server,D2 Core,"If I ask you to disable the existing Tomcat server and enable a new server, how would you do that?"
1704,341,4,Q1433,19,Spring Boot,"Embedded Server, Actuator & DevTools",Spring Boot,"Embedded Server, Actuator & DevTools",Spring Boot Embedded Server,D2 Core,Can we override or replace Tomcat with another embedded server?
1705,341,5,Q1434,19,Spring Boot,"Embedded Server, Actuator & DevTools",Spring Boot,"Embedded Server, Actuator & DevTools",Spring Boot Embedded Server,D2 Core,How does Spring Boot decide which Embedded Server to use if multiple server options are available?
1706,342,1,Q1435,19,Spring Boot,"Embedded Server, Actuator & DevTools",Spring Boot,"Embedded Server, Actuator & DevTools",Spring Boot Embedded Server,D2 Core,Can you provide an example of an advanced configuration for an Embedded Server?
1707,342,2,Q1436,19,Spring Boot,"Embedded Server, Actuator & DevTools",Spring Boot,"Embedded Server, Actuator & DevTools",Spring Boot Actuator,D4 Experience,Have you used the health endpoint?
1708,342,3,Q1437,19,Spring Boot,"Embedded Server, Actuator & DevTools",Spring Boot,"Embedded Server, Actuator & DevTools",Spring Boot Actuator,D4 Experience,Have you worked with Actuators?
1709,342,4,Q1438,19,Spring Boot,"Embedded Server, Actuator & DevTools",Spring Boot,"Embedded Server, Actuator & DevTools",Spring Boot Actuator,D4 Experience,Are you guys using Actuator for health checks?
1710,342,5,Q1439,19,Spring Boot,"Embedded Server, Actuator & DevTools",Spring Boot,"Embedded Server, Actuator & DevTools",Spring Boot Actuator / Security,D4 Experience,"What security measures should be implemented when using Spring Boot Actuator, especially in Production?"
1711,343,1,Q1440,19,Spring Boot,"Embedded Server, Actuator & DevTools",Spring Boot,"Embedded Server, Actuator & DevTools",Spring Boot DevTools,D4 Experience,Have you worked with Spring Boot DevTools?
1712,343,2,Q1441,19,Spring Boot,"Embedded Server, Actuator & DevTools",Spring Boot,"Embedded Server, Actuator & DevTools",Spring Boot DevTools,D4 Experience,What potential issues might arise when using Spring Boot DevTools in a Production environment?
1713,343,3,Q1442,19,Spring Boot,"Embedded Server, Actuator & DevTools",Spring Boot,"Embedded Server, Actuator & DevTools",Spring Boot DevTools,D4 Experience,"What precautions should be considered when using Spring Boot DevTools, especially in Production?"
1714,343,4,Q1443,19,Spring Boot,"Embedded Server, Actuator & DevTools",Spring Boot,"Embedded Server, Actuator & DevTools",Spring Boot Embedded Server,D4 Experience,Have you used different servers? Which server have you used in your project?
1715,343,5,Q1444,19,Spring Boot,Spring Batch,Spring Boot,Spring Batch,Spring Batch,D1 Foundation,Have you heard about Spring Batch?
1716,344,1,Q1275,19,Spring Boot,"Spring Configuration, Profiles & Validation",Spring Core,"Spring Configuration, Profiles & Validation",Spring Profiles,D2 Core,How can Spring Boot Profiles be used to manage application settings across different environments?
1717,344,2,Q1276,19,Spring Boot,"Spring Configuration, Profiles & Validation",Spring Core,"Spring Configuration, Profiles & Validation",Spring Profiles / Configuration,D2 Core,"Your Spring Boot application needs different DB URLs for Dev, Staging and Prod, but a teammate hard-coded the Prod URL in application.properties and committed it. How would you fix this properly?"
1718,344,3,Q1022,19,Spring Boot,"Embedded Server, Actuator & DevTools",Engineering Tools,Logging & Application Diagnostics,Spring Boot / Logging,D1 Foundation,What is the default Logging mechanism in Spring Boot?
1719,344,4,Q1024,19,Spring Boot,"Embedded Server, Actuator & DevTools",Engineering Tools,Logging & Application Diagnostics,Logging,D2 Core,Is there a default logging mechanism in Spring Boot?
1720,344,5,Q1026,19,Spring Boot,"Embedded Server, Actuator & DevTools",Engineering Tools,Logging & Application Diagnostics,Logging,D2 Core,Can you tell me about logging frameworks in Spring Boot?
1721,345,1,Q1028,19,Spring Boot,"Embedded Server, Actuator & DevTools",Engineering Tools,Logging & Application Diagnostics,Spring Boot Logging,D2 Core,How do you enable debug logging in a Spring Boot application?
1722,345,2,Q1029,19,Spring Boot,"Embedded Server, Actuator & DevTools",Engineering Tools,Logging & Application Diagnostics,Spring Boot / Logging,D3 Applied,How would you implement a global Logging System in a Spring Boot application?
1723,345,3,Q1449,20,"Servlets, Spring MVC, REST & API Design","Servlets, Web & Spring MVC",Web & APIs,"Servlets, Web & Spring MVC",Spring MVC,D1 Foundation,What is the @ResponseBody annotation?
1724,345,4,Q1450,20,"Servlets, Spring MVC, REST & API Design","Servlets, Web & Spring MVC",Web & APIs,"Servlets, Web & Spring MVC",Core Java / Server,D2 Core,Can we create a server in a Java application without using Spring Framework?
1725,345,5,Q1311,20,"Servlets, Spring MVC, REST & API Design",Spring Boot Fundamentals & Starters,Spring Boot,Spring Boot Fundamentals & Starters,Spring Boot / Dependencies,D2 Core,Your @RestController is not being detected. Which Dependency might be missing?
1726,346,1,Q1451,20,"Servlets, Spring MVC, REST & API Design","Servlets, Web & Spring MVC",Web & APIs,"Servlets, Web & Spring MVC",Spring Boot / I/O,D2 Core,What is the difference between Blocking and Non-Blocking I/O in Spring Boot?
1727,346,2,Q1452,20,"Servlets, Spring MVC, REST & API Design","Servlets, Web & Spring MVC",Web & APIs,"Servlets, Web & Spring MVC",Spring Boot File Upload,D2 Core,"Your REST API allows file uploads, but users complain about large files failing silently. How would you fix this issue?"
1728,346,3,Q1453,20,"Servlets, Spring MVC, REST & API Design","Servlets, Web & Spring MVC",Web & APIs,"Servlets, Web & Spring MVC",Spring MVC,D2 Core,What happens if you annotate a class with both @Controller and @RestController?
1729,346,4,Q1454,20,"Servlets, Spring MVC, REST & API Design","Servlets, Web & Spring MVC",Web & APIs,"Servlets, Web & Spring MVC",Spring MVC,D2 Core,Can you tell me the difference between @RestController and @Controller?
1730,346,5,Q1455,20,"Servlets, Spring MVC, REST & API Design","Servlets, Web & Spring MVC",Web & APIs,"Servlets, Web & Spring MVC",Spring MVC,D2 Core,Can @RestController return XML?
1731,347,1,Q1456,20,"Servlets, Spring MVC, REST & API Design","Servlets, Web & Spring MVC",Web & APIs,"Servlets, Web & Spring MVC",Spring MVC,D2 Core,Can you tell me the difference between @RequestMapping and @GetMapping?
1732,347,2,Q1457,20,"Servlets, Spring MVC, REST & API Design","Servlets, Web & Spring MVC",Web & APIs,"Servlets, Web & Spring MVC",Spring MVC,D2 Core,Is it possible to have two @RequestMappings with the same URL but different request methods?
1733,347,3,Q1458,20,"Servlets, Spring MVC, REST & API Design","Servlets, Web & Spring MVC",Web & APIs,"Servlets, Web & Spring MVC",Spring MVC,D2 Core,What if @RequestParam and @PathVariable are used in the same method?
1734,347,4,Q1459,20,"Servlets, Spring MVC, REST & API Design","Servlets, Web & Spring MVC",Web & APIs,"Servlets, Web & Spring MVC",Spring MVC,D2 Core,Can you describe the role of @RestController and @RequestMapping annotations in Spring MVC?
1735,347,5,Q1460,20,"Servlets, Spring MVC, REST & API Design","Servlets, Web & Spring MVC",Web & APIs,"Servlets, Web & Spring MVC",Spring MVC,D2 Core,Can you tell me the difference between @PathVariable and @RequestParam and give an example of each?
1736,348,1,Q1461,20,"Servlets, Spring MVC, REST & API Design","Servlets, Web & Spring MVC",Web & APIs,"Servlets, Web & Spring MVC",Spring MVC,D2 Core,"In which scenario would you prefer @RestController over @Controller, or one over the other?"
1737,348,2,Q1462,20,"Servlets, Spring MVC, REST & API Design","Servlets, Web & Spring MVC",Web & APIs,"Servlets, Web & Spring MVC",Spring MVC,D2 Core,Is it possible to combine @Controller and @RestController functionalities in a single controller?
1738,348,3,Q1463,20,"Servlets, Spring MVC, REST & API Design","Servlets, Web & Spring MVC",Web & APIs,"Servlets, Web & Spring MVC",Spring MVC,D2 Core,Can we use @Controller while writing REST APIs? How would you do that?
1739,348,4,Q1464,20,"Servlets, Spring MVC, REST & API Design","Servlets, Web & Spring MVC",Web & APIs,"Servlets, Web & Spring MVC",Spring MVC,D2 Core,What's the role of @ResponseBody?
1740,348,5,Q1465,20,"Servlets, Spring MVC, REST & API Design","Servlets, Web & Spring MVC",Web & APIs,"Servlets, Web & Spring MVC",Spring MVC,D2 Core,"For mapping APIs, would you use @RequestMapping for GET, POST and PUT, or individual annotations like @GetMapping and @PostMapping?"
1741,349,1,Q1466,20,"Servlets, Spring MVC, REST & API Design","Servlets, Web & Spring MVC",Web & APIs,"Servlets, Web & Spring MVC",Spring MVC,D2 Core,Can we use only @Controller instead of @RestController for REST APIs?
1742,349,2,Q1467,20,"Servlets, Spring MVC, REST & API Design","Servlets, Web & Spring MVC",Web & APIs,"Servlets, Web & Spring MVC",Spring MVC,D2 Core,What is the difference between @RequestBody and @ResponseBody?
1743,349,3,Q1468,20,"Servlets, Spring MVC, REST & API Design","Servlets, Web & Spring MVC",Web & APIs,"Servlets, Web & Spring MVC",Spring MVC / Content Negotiation,D2 Core,"If both @Controller and @RestController are present, how does Spring Boot decide whether to return a View or a JSON response?"
1744,349,4,Q1469,20,"Servlets, Spring MVC, REST & API Design","Servlets, Web & Spring MVC",Web & APIs,"Servlets, Web & Spring MVC",Spring MVC / File Upload,D2 Core,"How does Spring MVC handle file uploads, and what configurations are required?"
1745,349,5,Q1470,20,"Servlets, Spring MVC, REST & API Design","Servlets, Web & Spring MVC",Web & APIs,"Servlets, Web & Spring MVC",Spring MVC,D4 Experience,Where should we use @RequestMapping and @GetMapping? Can you share an example of a real API?
1746,350,1,Q1471,20,"Servlets, Spring MVC, REST & API Design","Servlets, Web & Spring MVC",Web & APIs,"Servlets, Web & Spring MVC",Spring MVC,D4 Experience,Have you worked with Spring MVC?
1747,350,2,Q1536,20,"Servlets, Spring MVC, REST & API Design","JSON, Jackson, DTOs & Mapping",Web & APIs,"JSON, Jackson, DTOs & Mapping",JSON / Jackson,D2 Core,A Client sends snake_case JSON fields while your Java Fields use camelCase. How would you map them correctly?
1748,350,3,Q1537,20,"Servlets, Spring MVC, REST & API Design","JSON, Jackson, DTOs & Mapping",Web & APIs,"JSON, Jackson, DTOs & Mapping",JSON / Serialization,D2 Core,Can JSON Serialization and Deserialization be customized instead of using the default Jackson behavior?
1749,350,4,Q1538,20,"Servlets, Spring MVC, REST & API Design","JSON, Jackson, DTOs & Mapping",Web & APIs,"JSON, Jackson, DTOs & Mapping",JSON / Serialization,D2 Core,How would you configure JSON Serialization so that Fields with null values are omitted from the Response?
1750,350,5,Q1539,20,"Servlets, Spring MVC, REST & API Design","JSON, Jackson, DTOs & Mapping",Web & APIs,"JSON, Jackson, DTOs & Mapping",REST API / JSON Serialization,D2 Core,Your API endpoint returns an empty JSON response even though the database has data. What would be the possible causes?
1751,351,1,Q1540,20,"Servlets, Spring MVC, REST & API Design","JSON, Jackson, DTOs & Mapping",Web & APIs,"JSON, Jackson, DTOs & Mapping",Spring MVC / Request Mapping,D2 Core,What happens if multiple Controllers have overlapping @RequestMapping paths?
1752,351,2,Q1541,20,"Servlets, Spring MVC, REST & API Design","JSON, Jackson, DTOs & Mapping",Web & APIs,"JSON, Jackson, DTOs & Mapping",Spring MVC / Request Mapping,D2 Core,What is the difference between Class-Level and Method-Level @RequestMapping?
1753,351,3,Q1542,20,"Servlets, Spring MVC, REST & API Design","JSON, Jackson, DTOs & Mapping",Web & APIs,"JSON, Jackson, DTOs & Mapping",Java Coding / JSON,D3 Applied,How would you write a Method to Flatten a Deeply Nested JSON Object?
1754,351,4,Q1543,20,"Servlets, Spring MVC, REST & API Design","JSON, Jackson, DTOs & Mapping",Web & APIs,"JSON, Jackson, DTOs & Mapping",Spring MVC / Jackson,D3 Applied,How does Spring Boot handle JSON conversion internally?
1755,351,5,Q1544,20,"Servlets, Spring MVC, REST & API Design","JSON, Jackson, DTOs & Mapping",Web & APIs,"JSON, Jackson, DTOs & Mapping",DTO,D4 Experience,What fields would you include in an Inventory DTO?
1756,352,1,Q1472,20,"Servlets, Spring MVC, REST & API Design","REST, HTTP & API Design",Web & APIs,"REST, HTTP & API Design",REST API / CORS,D1 Foundation,What is CORS in a Frontend-Backend application?
1757,352,2,Q1473,20,"Servlets, Spring MVC, REST & API Design","REST, HTTP & API Design",Web & APIs,"REST, HTTP & API Design",REST API / ResponseEntity,D1 Foundation,What is ResponseEntity?
1758,352,3,Q1474,20,"Servlets, Spring MVC, REST & API Design","REST, HTTP & API Design",Web & APIs,"REST, HTTP & API Design",REST API / State Management,D1 Foundation,What are Stateless APIs versus Stateful APIs?
1759,352,4,Q1475,20,"Servlets, Spring MVC, REST & API Design","REST, HTTP & API Design",Web & APIs,"REST, HTTP & API Design",Spring REST API,D1 Foundation,What are the important annotations that we use while creating REST APIs?
1760,352,5,Q1476,20,"Servlets, Spring MVC, REST & API Design","REST, HTTP & API Design",Web & APIs,"REST, HTTP & API Design",HTTP Status Codes,D2 Core,What's the status code for a successful DELETE operation?
1761,353,1,Q1477,20,"Servlets, Spring MVC, REST & API Design","REST, HTTP & API Design",Web & APIs,"REST, HTTP & API Design",HTTP Status Codes,D2 Core,What about the 4xx series of status codes?
1762,353,2,Q1478,20,"Servlets, Spring MVC, REST & API Design","REST, HTTP & API Design",Web & APIs,"REST, HTTP & API Design",REST API,D2 Core,Tell me the difference between returning a ResponseEntity versus returning an object through REST APIs.
1763,353,3,Q1479,20,"Servlets, Spring MVC, REST & API Design","REST, HTTP & API Design",Web & APIs,"REST, HTTP & API Design",REST API,D2 Core,What's the generic return type of a REST API? What type of data does the UI receive when we expose endpoints?
1764,353,4,Q1480,20,"Servlets, Spring MVC, REST & API Design","REST, HTTP & API Design",Web & APIs,"REST, HTTP & API Design",REST API,D2 Core,"Let's say your REST controller method returns null. What does the client receive: 200 with a null body, 404, or another error?"
1765,353,5,Q1481,20,"Servlets, Spring MVC, REST & API Design","REST, HTTP & API Design",Web & APIs,"REST, HTTP & API Design",REST API,D2 Core,What's the difference between PUT and PATCH?
1766,354,1,Q1482,20,"Servlets, Spring MVC, REST & API Design","REST, HTTP & API Design",Web & APIs,"REST, HTTP & API Design",REST API,D2 Core,What's the difference between REST API and SOAP API?
1767,354,2,Q1483,20,"Servlets, Spring MVC, REST & API Design","REST, HTTP & API Design",Web & APIs,"REST, HTTP & API Design",REST API / Content Negotiation,D2 Core,How do you design an API that supports both JSON and XML responses based on Content-Type?
1768,354,3,Q1484,20,"Servlets, Spring MVC, REST & API Design","REST, HTTP & API Design",Web & APIs,"REST, HTTP & API Design",REST API / Content Negotiation,D2 Core,"Is JSON the default data format, or can we change it to another format?"
1769,354,4,Q1485,20,"Servlets, Spring MVC, REST & API Design","REST, HTTP & API Design",Web & APIs,"REST, HTTP & API Design",REST API / File Processing,D2 Core,"You need to expose a REST API that accepts a CSV file upload and processes 50,000 rows, but the HTTP request times out. How would you redesign the flow?"
1770,354,5,Q1486,20,"Servlets, Spring MVC, REST & API Design","REST, HTTP & API Design",Web & APIs,"REST, HTTP & API Design",REST API / File Upload,D2 Core,How can you upload an Image through a Spring Boot REST API?
1771,355,1,Q1487,20,"Servlets, Spring MVC, REST & API Design","REST, HTTP & API Design",Web & APIs,"REST, HTTP & API Design",REST API / HATEOAS,D2 Core,Do you know about HATEOAS?
1772,355,2,Q1488,20,"Servlets, Spring MVC, REST & API Design","REST, HTTP & API Design",Web & APIs,"REST, HTTP & API Design",REST API / HATEOAS,D2 Core,How does HATEOAS relate to REST APIs?
1773,355,3,Q1489,20,"Servlets, Spring MVC, REST & API Design","REST, HTTP & API Design",Web & APIs,"REST, HTTP & API Design",REST API / HTTP,D2 Core,What HTTP status codes and HTTP methods do we have?
1774,355,4,Q1490,20,"Servlets, Spring MVC, REST & API Design","REST, HTTP & API Design",Web & APIs,"REST, HTTP & API Design",REST API / HTTP Methods,D2 Core,Do you know the difference between safe and idempotent methods in REST?
1775,355,5,Q1491,20,"Servlets, Spring MVC, REST & API Design","REST, HTTP & API Design",Web & APIs,"REST, HTTP & API Design",REST API / HTTP Status,D2 Core,Tell me the status codes for REST APIs.
1776,356,1,Q1492,20,"Servlets, Spring MVC, REST & API Design","REST, HTTP & API Design",Web & APIs,"REST, HTTP & API Design",REST API / HTTP Status,D2 Core,What's the difference between 400 and 500 status codes?
1777,356,2,Q1493,20,"Servlets, Spring MVC, REST & API Design","REST, HTTP & API Design",Web & APIs,"REST, HTTP & API Design",REST API / HTTP Status,D2 Core,"What Status Codes would you return for Resource Not Found, Validation Failure, Unauthorized Access, and Internal Server Error?"
1778,356,3,Q1494,20,"Servlets, Spring MVC, REST & API Design","REST, HTTP & API Design",Web & APIs,"REST, HTTP & API Design",REST API / HTTP Status,D2 Core,What Status Code would you return when data is successfully deleted?
1779,356,4,Q1495,20,"Servlets, Spring MVC, REST & API Design","REST, HTTP & API Design",Web & APIs,"REST, HTTP & API Design",REST API / Idempotency,D2 Core,Are you aware about idempotent methods? What are idempotent methods and why do we use them?
1780,356,5,Q1496,20,"Servlets, Spring MVC, REST & API Design","REST, HTTP & API Design",Web & APIs,"REST, HTTP & API Design",REST API / Idempotency,D2 Core,Do you know about idempotent APIs?
1781,357,1,Q1497,20,"Servlets, Spring MVC, REST & API Design","REST, HTTP & API Design",Web & APIs,"REST, HTTP & API Design",REST API / PATCH,D2 Core,Can you tell me a scenario where we should use PATCH?
1782,357,2,Q1498,20,"Servlets, Spring MVC, REST & API Design","REST, HTTP & API Design",Web & APIs,"REST, HTTP & API Design",REST API / ResponseEntity,D2 Core,Do you know about ResponseEntity in REST APIs?
1783,357,3,Q1499,20,"Servlets, Spring MVC, REST & API Design","REST, HTTP & API Design",Web & APIs,"REST, HTTP & API Design",REST API / ResponseEntity,D2 Core,One API returns data using ResponseEntity and another returns a plain response such as a String. What are the differences between their responses?
1784,357,4,Q1500,20,"Servlets, Spring MVC, REST & API Design","REST, HTTP & API Design",Web & APIs,"REST, HTTP & API Design",REST API / ResponseEntity,D2 Core,"Other than Serialization, what differences would there be between a ResponseEntity response and a plain response?"
1785,357,5,Q1502,20,"Servlets, Spring MVC, REST & API Design","REST, HTTP & API Design",Web & APIs,"REST, HTTP & API Design",REST API / Security,D2 Core,How would you avoid leaking Stack Traces in an API response?
1786,358,1,Q1503,20,"Servlets, Spring MVC, REST & API Design","REST, HTTP & API Design",Web & APIs,"REST, HTTP & API Design",REST API / Security,D2 Core,"For a Read-Only API involving a Sensitive ID, when might you prefer POST over GET?"
1787,358,2,Q1504,20,"Servlets, Spring MVC, REST & API Design","REST, HTTP & API Design",Web & APIs,"REST, HTTP & API Design",REST API / Testing,D2 Core,"Let's say you have created a REST API. How do you test it, including unit testing, integration testing and manual testing?"
1788,358,3,Q1505,20,"Servlets, Spring MVC, REST & API Design","REST, HTTP & API Design",Web & APIs,"REST, HTTP & API Design",Spring MVC / REST API,D2 Core,What is the difference between @RequestParam and @PathVariable?
1789,358,4,Q1506,20,"Servlets, Spring MVC, REST & API Design","REST, HTTP & API Design",Web & APIs,"REST, HTTP & API Design",Spring REST API,D2 Core,What annotations are typically used to create RESTful services in Spring Boot?
1790,358,5,Q1507,20,"Servlets, Spring MVC, REST & API Design","REST, HTTP & API Design",Web & APIs,"REST, HTTP & API Design",REST API / Content Negotiation,D3 Applied,"Other than JSON and XML, can a REST API return a custom response format, and how would you implement that conversion?"
1791,359,1,Q1508,20,"Servlets, Spring MVC, REST & API Design","REST, HTTP & API Design",Web & APIs,"REST, HTTP & API Design",REST API / Idempotency,D3 Applied,How would you implement Idempotency for a POST API in a Payment Service?
1792,359,2,Q1509,20,"Servlets, Spring MVC, REST & API Design","REST, HTTP & API Design",Web & APIs,"REST, HTTP & API Design",REST API,D4 Experience,What REST API best practices do you follow in your project?
1793,359,3,Q1510,20,"Servlets, Spring MVC, REST & API Design","REST, HTTP & API Design",Web & APIs,"REST, HTTP & API Design",REST API,D4 Experience,"Are you involved in writing REST APIs, creating business logic, and database interactions?"
1794,359,4,Q1511,20,"Servlets, Spring MVC, REST & API Design","REST, HTTP & API Design",Web & APIs,"REST, HTTP & API Design",REST API,D4 Experience,What's the best practice while writing REST APIs?
1795,359,5,Q1512,20,"Servlets, Spring MVC, REST & API Design","REST, HTTP & API Design",Web & APIs,"REST, HTTP & API Design",REST API,D4 Experience,How did you design and develop the RESTful API for patient registrations and appointment scheduling?
1796,360,1,Q1513,20,"Servlets, Spring MVC, REST & API Design","REST, HTTP & API Design",Web & APIs,"REST, HTTP & API Design",REST API,D4 Experience,What's your approach to designing an API? What considerations do you take first?
1797,360,2,Q1514,20,"Servlets, Spring MVC, REST & API Design","REST, HTTP & API Design",Web & APIs,"REST, HTTP & API Design",REST API,D4 Experience,Do you create APIs in your project?
1798,360,3,Q1515,20,"Servlets, Spring MVC, REST & API Design","REST, HTTP & API Design",Web & APIs,"REST, HTTP & API Design",REST API,D4 Experience,Can you tell me a few APIs that you have created recently?
1799,360,4,Q1516,20,"Servlets, Spring MVC, REST & API Design","REST, HTTP & API Design",Web & APIs,"REST, HTTP & API Design",REST API,D4 Experience,Can you describe a complex API you designed?
1800,360,5,Q1517,20,"Servlets, Spring MVC, REST & API Design","REST, HTTP & API Design",Web & APIs,"REST, HTTP & API Design",REST API / Headers,D4 Experience,What information do you store or pass in Request and Response Headers in your current project?
1801,361,1,Q1518,20,"Servlets, Spring MVC, REST & API Design","REST, HTTP & API Design",Web & APIs,"REST, HTTP & API Design",REST API / PATCH,D4 Experience,Have you worked with the PATCH method?
1802,361,2,Q1519,20,"Servlets, Spring MVC, REST & API Design","REST, HTTP & API Design",Web & APIs,"REST, HTTP & API Design",REST API / XML,D4 Experience,Did you get a chance to return XML responses through your REST API?
1803,361,3,Q1520,20,"Servlets, Spring MVC, REST & API Design","REST, HTTP & API Design",Web & APIs,"REST, HTTP & API Design",Multithreading / REST API,D5 Advanced/Design,Let's say you want to design a multithreaded REST Controller. How could we design that?
1804,361,4,Q1521,20,"Servlets, Spring MVC, REST & API Design","REST, HTTP & API Design",Web & APIs,"REST, HTTP & API Design",REST API / Pagination,D5 Advanced/Design,"You need to expose a paginated, filterable REST API for a product catalog containing millions of rows. How would you design it?"
1805,361,5,Q1522,20,"Servlets, Spring MVC, REST & API Design","REST, HTTP & API Design",Web & APIs,"REST, HTTP & API Design",REST API / System Design,D5 Advanced/Design,How do you design a simple RESTful service for managing user profiles?
1806,362,1,Q1523,20,"Servlets, Spring MVC, REST & API Design","API Validation, Exception Handling & Versioning",Web & APIs,"API Validation, Exception Handling & Versioning",REST API / Versioning,D1 Foundation,What is REST API versioning?
1807,362,2,Q0262,20,"Servlets, Spring MVC, REST & API Design","API Validation, Exception Handling & Versioning",Core Java,Exception Handling,Exception Handling,D2 Core,How do you handle exceptions globally in a Spring Boot application?
1808,362,3,Q1524,20,"Servlets, Spring MVC, REST & API Design","API Validation, Exception Handling & Versioning",Web & APIs,"API Validation, Exception Handling & Versioning",REST API / Versioning,D2 Core,"Do you know about versioning in REST APIs, such as V1 and V2?"
1809,362,4,Q1526,20,"Servlets, Spring MVC, REST & API Design","API Validation, Exception Handling & Versioning",Web & APIs,"API Validation, Exception Handling & Versioning",REST API / Versioning,D2 Core,How would you safely deprecate older versions of an API?
1810,362,5,Q1527,20,"Servlets, Spring MVC, REST & API Design","API Validation, Exception Handling & Versioning",Web & APIs,"API Validation, Exception Handling & Versioning",Spring Boot / Error Handling,D2 Core,How do you resolve the Whitelabel Error Page in a Spring Boot application?
1811,363,1,Q1528,20,"Servlets, Spring MVC, REST & API Design","API Validation, Exception Handling & Versioning",Web & APIs,"API Validation, Exception Handling & Versioning",Spring Boot / Exception Handling,D2 Core,What happens if no Exception Handler is defined in a Spring Boot application?
1812,363,2,Q1529,20,"Servlets, Spring MVC, REST & API Design","API Validation, Exception Handling & Versioning",Web & APIs,"API Validation, Exception Handling & Versioning",Spring Boot / Exception Handling,D2 Core,"You created a @RestControllerAdvice, but the Global Exception is still not being caught. What could be the reasons?"
1813,363,3,Q1530,20,"Servlets, Spring MVC, REST & API Design","API Validation, Exception Handling & Versioning",Web & APIs,"API Validation, Exception Handling & Versioning",Spring Boot Exception Handling / Logging,D2 Core,What's your approach to error handling and logging in a Spring Boot application?
1814,363,4,Q0282,20,"Servlets, Spring MVC, REST & API Design","API Validation, Exception Handling & Versioning",Core Java,Exception Handling,Spring Exception Handling,D2 Core,Can we have multiple @ControllerAdvice annotations?
1815,363,5,Q0283,20,"Servlets, Spring MVC, REST & API Design","API Validation, Exception Handling & Versioning",Core Java,Exception Handling,Spring Exception Handling,D2 Core,"You created a @RestControllerAdvice, but the Global Exception is not being caught. What could be the reasons?"
1816,364,1,Q0284,20,"Servlets, Spring MVC, REST & API Design","API Validation, Exception Handling & Versioning",Core Java,Exception Handling,Spring Exception Handling,D2 Core,What is the difference between @ControllerAdvice and @RestControllerAdvice?
1817,364,2,Q0285,20,"Servlets, Spring MVC, REST & API Design","API Validation, Exception Handling & Versioning",Core Java,Exception Handling,Spring Exception Handling,D2 Core,"If @RestControllerAdvice contains both a Generic Exception Handler and a Specific Exception Handler, which one will execute?"
1818,364,3,Q1531,20,"Servlets, Spring MVC, REST & API Design","API Validation, Exception Handling & Versioning",Web & APIs,"API Validation, Exception Handling & Versioning",Exception Handling / REST API,D3 Applied,"If your Spring Boot backend serves a frontend that requires very specific error structures, how would you implement global exception handling to meet this requirement?"
1819,364,4,Q1532,20,"Servlets, Spring MVC, REST & API Design","API Validation, Exception Handling & Versioning",Web & APIs,"API Validation, Exception Handling & Versioning",Spring Boot / Exception Handling,D3 Applied,How can you implement a centralized Exception Handling mechanism in a Spring Boot application?
1820,364,5,Q1533,20,"Servlets, Spring MVC, REST & API Design","API Validation, Exception Handling & Versioning",Web & APIs,"API Validation, Exception Handling & Versioning",REST API / Versioning,D4 Experience,Did you get a chance to create or upgrade existing REST APIs to newer versions?
1821,365,1,Q1534,20,"Servlets, Spring MVC, REST & API Design","API Validation, Exception Handling & Versioning",Web & APIs,"API Validation, Exception Handling & Versioning",Exception Handling / Spring Boot,D5 Advanced/Design,How would you design a Global Exception Handling Strategy?
1822,365,2,Q1545,20,"Servlets, Spring MVC, REST & API Design","REST Clients, SOAP & External Services",Web & APIs,"REST Clients, SOAP & External Services",REST / SOAP,D2 Core,Do you know the difference between REST API and SOAP?
1823,365,3,Q1546,20,"Servlets, Spring MVC, REST & API Design","REST Clients, SOAP & External Services",Web & APIs,"REST Clients, SOAP & External Services",REST Client / RestTemplate,D2 Core,"What structure, configuration, and methods do you use to consume an External API using RestTemplate?"
1824,365,4,Q1547,20,"Servlets, Spring MVC, REST & API Design","REST Clients, SOAP & External Services",Web & APIs,"REST Clients, SOAP & External Services",Spring REST Client,D2 Core,What is the difference between RestTemplate and WebClient?
1825,365,5,Q1548,20,"Servlets, Spring MVC, REST & API Design","REST Clients, SOAP & External Services",Web & APIs,"REST Clients, SOAP & External Services",Spring WebClient,D2 Core,Can you please brief on WebClient? What is WebClient?
1826,366,1,Q1549,20,"Servlets, Spring MVC, REST & API Design","REST Clients, SOAP & External Services",Web & APIs,"REST Clients, SOAP & External Services",SOAP,D4 Experience,Have you worked with SOAP?
1827,366,2,Q1535,20,"Servlets, Spring MVC, REST & API Design",Swagger / OpenAPI,Web & APIs,Swagger / OpenAPI,Swagger / OpenAPI,D2 Core,"What is Swagger, and why do we use it?"
1828,366,3,Q1550,20,"Servlets, Spring MVC, REST & API Design",WebFlux & Reactive Programming,Web & APIs,WebFlux & Reactive Programming,Reactive Programming,D4 Experience,Have you worked on reactive programming?
1829,366,4,Q1551,20,"Servlets, Spring MVC, REST & API Design",WebFlux & Reactive Programming,Web & APIs,WebFlux & Reactive Programming,Spring WebFlux,D4 Experience,Have you worked with Spring WebFlux?
1830,366,5,Q1552,21,"JPA, Hibernate & Spring Data Persistence",JPA & Hibernate,Persistence,JPA & Hibernate,Hibernate / Caching,D1 Foundation,What is First-Level Cache and Second-Level Cache?
1831,367,1,Q1553,21,"JPA, Hibernate & Spring Data Persistence",JPA & Hibernate,Persistence,JPA & Hibernate,JPA / EntityManager,D1 Foundation,What is the role of EntityManager in JPA?
1832,367,2,Q1554,21,"JPA, Hibernate & Spring Data Persistence",JPA & Hibernate,Persistence,JPA & Hibernate,Entity / DTO Design,D2 Core,What mandatory Entity or DTO fields would you add for a delivery partner?
1833,367,3,Q1555,21,"JPA, Hibernate & Spring Data Persistence",JPA & Hibernate,Persistence,JPA & Hibernate,Hibernate / JDBC,D2 Core,"If you were designing a new Human Resource Management System, would you choose Hibernate or JDBC for Database operations, and why?"
1834,367,4,Q1556,21,"JPA, Hibernate & Spring Data Persistence",JPA & Hibernate,Persistence,JPA & Hibernate,JPA / Cascade,D2 Core,What happens when you delete a Parent Entity in a One-to-Many relationship when CascadeType.ALL is configured?
1835,367,5,Q1557,21,"JPA, Hibernate & Spring Data Persistence",JPA & Hibernate,Persistence,JPA & Hibernate,JPA / Cascade,D2 Core,What is the difference between CascadeType.REMOVE and orphanRemoval?
1836,368,1,Q1558,21,"JPA, Hibernate & Spring Data Persistence",JPA & Hibernate,Persistence,JPA & Hibernate,JPA / Constraints,D2 Core,How would you enforce Uniqueness across multiple fields in a JPA Entity?
1837,368,2,Q1559,21,"JPA, Hibernate & Spring Data Persistence",JPA & Hibernate,Persistence,JPA & Hibernate,JPA / Entity Graphs,D2 Core,Do you know about Entity Graphs in JPA?
1838,368,3,Q1560,21,"JPA, Hibernate & Spring Data Persistence",JPA & Hibernate,Persistence,JPA & Hibernate,JPA / Entity Mapping,D2 Core,What happens if you forget to annotate the Primary-Key field with @Id?
1839,368,4,Q1561,21,"JPA, Hibernate & Spring Data Persistence",JPA & Hibernate,Persistence,JPA & Hibernate,JPA / EntityManager,D2 Core,What does flush() do when it is called inside a Transaction?
1840,368,5,Q1562,21,"JPA, Hibernate & Spring Data Persistence",JPA & Hibernate,Persistence,JPA & Hibernate,JPA / JSON Serialization,D2 Core,You have a Bidirectional relationship between User and Order. How do you prevent Infinite Recursion during JSON Serialization?
1841,369,1,Q1563,21,"JPA, Hibernate & Spring Data Persistence",JPA & Hibernate,Persistence,JPA & Hibernate,JPA / Lazy Loading,D2 Core,What happens if you access a Lazy-Loaded Relationship outside a Transaction?
1842,369,2,Q1564,21,"JPA, Hibernate & Spring Data Persistence",JPA & Hibernate,Persistence,JPA & Hibernate,JPA / Persistence,D2 Core,"You updated an Entity, but the changes are not being reflected in the database. What could be wrong?"
1843,369,3,Q1565,21,"JPA, Hibernate & Spring Data Persistence",JPA & Hibernate,Persistence,JPA & Hibernate,JPA / Relationships,D2 Core,Why can a @OneToMany relationship without mappedBy create an Extra Join Table?
1844,369,4,Q1566,21,"JPA, Hibernate & Spring Data Persistence",JPA & Hibernate,Persistence,JPA & Hibernate,JPA / Sensitive Data,D2 Core,How would you ensure Sensitive Data such as Passwords is not Persisted accidentally using JPA?
1845,369,5,Q1567,21,"JPA, Hibernate & Spring Data Persistence",JPA & Hibernate,Persistence,JPA & Hibernate,JPA / System Design,D2 Core,What challenges could arise when using JPA to manage a complex Friends-and-Followers relationship in a Social Media application?
1846,370,1,Q1568,21,"JPA, Hibernate & Spring Data Persistence",JPA & Hibernate,Persistence,JPA & Hibernate,Optional / JPA,D2 Core,Is it a good idea to use Optional inside Entity Classes or DTOs?
1847,370,2,Q0904,21,"JPA, Hibernate & Spring Data Persistence","Mockito, Integration, Regression & Test Strategy",Testing,"Mockito, Integration, Regression & Test Strategy",Unit Testing / Mockito,D2 Core,How do you mock a JpaRepository method in Unit Testing using Mockito?
1848,370,3,Q1569,21,"JPA, Hibernate & Spring Data Persistence",JPA & Hibernate,Persistence,JPA & Hibernate,Data Format,D4 Experience,What data format do you use while exchanging information between different systems?
1849,370,4,Q1570,21,"JPA, Hibernate & Spring Data Persistence",JPA & Hibernate,Persistence,JPA & Hibernate,Entity / DTO Mapping,D4 Experience,"In your project, how do you convert Entity to DTO and DTO to Entity?"
1850,370,5,Q1571,21,"JPA, Hibernate & Spring Data Persistence",JPA & Hibernate,Persistence,JPA & Hibernate,Hibernate,D4 Experience,Have you worked with Hibernate ORM?
1851,371,1,Q1572,21,"JPA, Hibernate & Spring Data Persistence",Spring Data JPA,Persistence,Spring Data JPA,Spring Data JPA,D1 Foundation,What are the advantages Spring Boot Data JPA offers over standard JPA?
1852,371,2,Q1573,21,"JPA, Hibernate & Spring Data Persistence",Spring Data JPA,Persistence,Spring Data JPA,Spring Data JPA,D1 Foundation,What are the limitations of Spring repositories?
1853,371,3,Q1574,21,"JPA, Hibernate & Spring Data Persistence",Spring Data JPA,Persistence,Spring Data JPA,Spring Data JPA,D1 Foundation,"What is the use of JPA Repository? If a class extends JpaRepository, what things does it incorporate?"
1854,371,4,Q1575,21,"JPA, Hibernate & Spring Data Persistence",Spring Data JPA,Persistence,Spring Data JPA,Spring Data JPA,D1 Foundation,What are some important annotations in Spring Data JPA?
1855,371,5,Q1576,21,"JPA, Hibernate & Spring Data Persistence",Spring Data JPA,Persistence,Spring Data JPA,Spring Data JPA,D1 Foundation,What is Dirty Checking in JPA?
1856,372,1,Q1577,21,"JPA, Hibernate & Spring Data Persistence",Spring Data JPA,Persistence,Spring Data JPA,Spring Data JPA,D1 Foundation,What are Entity Graphs in JPA?
1857,372,2,Q1578,21,"JPA, Hibernate & Spring Data Persistence",Spring Data JPA,Persistence,Spring Data JPA,Spring Data JPA,D1 Foundation,What is the purpose of @EnableJpaRepositories?
1858,372,3,Q1579,21,"JPA, Hibernate & Spring Data Persistence",Spring Data JPA,Persistence,Spring Data JPA,Spring Data JPA / ID Generation,D1 Foundation,What are the best strategies for generating IDs in the database with JPA?
1859,372,4,Q1093,21,"JPA, Hibernate & Spring Data Persistence",JDBC,Database,JDBC,Spring Data / JDBC,D2 Core,Do you know the difference between JdbcTemplate and JpaRepository?
1860,372,5,Q1580,21,"JPA, Hibernate & Spring Data Persistence",Spring Data JPA,Persistence,Spring Data JPA,Spring Data / Reactive,D2 Core,"What are Reactive Repositories in Spring, and how do they support Non-Blocking Database access?"
1861,373,1,Q1581,21,"JPA, Hibernate & Spring Data Persistence",Spring Data JPA,Persistence,Spring Data JPA,Spring Data JPA,D2 Core,Explain the concept of repository in Spring Data JPA.
1862,373,2,Q1582,21,"JPA, Hibernate & Spring Data Persistence",Spring Data JPA,Persistence,Spring Data JPA,Spring Data JPA,D2 Core,What happens if you define two Spring Data JPA repositories for the same entity?
1863,373,3,Q1583,21,"JPA, Hibernate & Spring Data Persistence",Spring Data JPA,Persistence,Spring Data JPA,Spring Data JPA,D2 Core,Have you worked with repositories? Can you tell me the difference between JpaRepository and CrudRepository?
1864,373,4,Q1584,21,"JPA, Hibernate & Spring Data Persistence",Spring Data JPA,Persistence,Spring Data JPA,Spring Data JPA,D2 Core,How does Spring Data JPA optimize repository performance?
1865,373,5,Q1585,21,"JPA, Hibernate & Spring Data Persistence",Spring Data JPA,Persistence,Spring Data JPA,Spring Data JPA,D2 Core,What annotation marks a class as a JPA Entity?
1866,374,1,Q1586,21,"JPA, Hibernate & Spring Data Persistence",Spring Data JPA,Persistence,Spring Data JPA,Spring Data JPA,D2 Core,What annotation do you use for writing a custom query?
1867,374,2,Q1587,21,"JPA, Hibernate & Spring Data Persistence",Spring Data JPA,Persistence,Spring Data JPA,Spring Data JPA,D2 Core,Can you explain how to integrate Spring Data JPA?
1868,374,3,Q1588,21,"JPA, Hibernate & Spring Data Persistence",Spring Data JPA,Persistence,Spring Data JPA,Spring Data JPA,D2 Core,How do you handle custom queries?
1869,374,4,Q1589,21,"JPA, Hibernate & Spring Data Persistence",Spring Data JPA,Persistence,Spring Data JPA,Spring Data JPA,D2 Core,What additional functionality does JpaRepository provide that the other repositories don't?
1870,374,5,Q1590,21,"JPA, Hibernate & Spring Data Persistence",Spring Data JPA,Persistence,Spring Data JPA,Spring Data JPA,D2 Core,Let's say you want to update only selected fields of an Entity. How would you do that in Spring Data JPA?
1871,375,1,Q1591,21,"JPA, Hibernate & Spring Data Persistence",Spring Data JPA,Persistence,Spring Data JPA,Spring Data JPA,D2 Core,Do you know about the @Query annotation?
1872,375,2,Q1592,21,"JPA, Hibernate & Spring Data Persistence",Spring Data JPA,Persistence,Spring Data JPA,Spring Data JPA,D2 Core,Do you know about Lazy versus Eager Loading in JPA?
1873,375,3,Q1593,21,"JPA, Hibernate & Spring Data Persistence",Spring Data JPA,Persistence,Spring Data JPA,Spring Data JPA,D2 Core,What happens if you forget to add the @Entity annotation to a JPA Entity Class?
1874,375,4,Q1594,21,"JPA, Hibernate & Spring Data Persistence",Spring Data JPA,Persistence,Spring Data JPA,Spring Data JPA,D2 Core,What is the difference between save() and saveAndFlush()?
1875,375,5,Q1595,21,"JPA, Hibernate & Spring Data Persistence",Spring Data JPA,Persistence,Spring Data JPA,Spring Data JPA / Bulk Update,D2 Core,"How would you efficiently update 10,000 records in Spring Data JPA without loading them into Memory?"
1876,376,1,Q1596,21,"JPA, Hibernate & Spring Data Persistence",Spring Data JPA,Persistence,Spring Data JPA,Spring Data JPA / Constraints,D2 Core,How can you ensure uniqueness across multiple columns in a JPA Entity?
1877,376,2,Q1597,21,"JPA, Hibernate & Spring Data Persistence",Spring Data JPA,Persistence,Spring Data JPA,Spring Data JPA / DTO,D2 Core,What's the role of DTO in Spring Data JPA?
1878,376,3,Q1598,21,"JPA, Hibernate & Spring Data Persistence",Spring Data JPA,Persistence,Spring Data JPA,Spring Data JPA / Hibernate,D2 Core,"In Spring Data JPA, what's the difference between save, persist, merge, and saveOrUpdate?"
1879,376,4,Q1599,21,"JPA, Hibernate & Spring Data Persistence",Spring Data JPA,Persistence,Spring Data JPA,Spring Data JPA / ID Generation,D2 Core,Suppose you are designing a high-traffic application. Which ID generation strategy would you prefer and why?
1880,376,5,Q1600,21,"JPA, Hibernate & Spring Data Persistence",Spring Data JPA,Persistence,Spring Data JPA,Spring Data JPA / Relationships,D2 Core,Let's say you have a bidirectional one-to-many relationship. How do you avoid infinite recursion in REST responses?
1881,377,1,Q1601,21,"JPA, Hibernate & Spring Data Persistence",Spring Data JPA,Persistence,Spring Data JPA,Spring Data JPA,D3 Applied,Suppose you have a requirement to dynamically fetch data with variable search criteria. How would you implement it using Spring Data JPA?
1882,377,2,Q1602,21,"JPA, Hibernate & Spring Data Persistence",Spring Data JPA,Persistence,Spring Data JPA,Spring Data JPA,D3 Applied,How do derived query method names such as findByNameAndStatus() work internally in Spring Data JPA?
1883,377,3,Q1603,21,"JPA, Hibernate & Spring Data Persistence",Spring Data JPA,Persistence,Spring Data JPA,Spring Data JPA,D3 Applied,How do you implement a Composite Primary Key in Spring Data JPA?
1884,377,4,Q1604,21,"JPA, Hibernate & Spring Data Persistence",Spring Data JPA,Persistence,Spring Data JPA,Spring Data JPA,D4 Experience,Have you worked with Spring Boot Data JPA?
1885,377,5,Q1605,21,"JPA, Hibernate & Spring Data Persistence",Spring Data JPA,Persistence,Spring Data JPA,Spring Data JPA,D4 Experience,Have you written custom queries inside Repository classes?
1886,378,1,Q1606,21,"JPA, Hibernate & Spring Data Persistence",Spring Data JPA,Persistence,Spring Data JPA,Spring Data JPA,D4 Experience,Have you worked with Lazy Fetching and Eager Fetching?
1887,378,2,Q1607,21,"JPA, Hibernate & Spring Data Persistence","ORM Queries, Transactions & Performance",Persistence,"ORM Queries, Transactions & Performance",Spring Data JPA / Pagination,D1 Foundation,Have you heard about Keyset Pagination or Index-Based Pagination for large datasets?
1888,378,3,Q1608,21,"JPA, Hibernate & Spring Data Persistence","ORM Queries, Transactions & Performance",Persistence,"ORM Queries, Transactions & Performance",Spring Data JPA / Performance,D1 Foundation,What is the N+1 problem in JPA?
1889,378,4,Q1609,21,"JPA, Hibernate & Spring Data Persistence","ORM Queries, Transactions & Performance",Persistence,"ORM Queries, Transactions & Performance",Application Performance / Optimization,D2 Core,"If I give you a pre-built project and ask you to optimize this project, what steps would you take?"
1890,378,5,Q1610,21,"JPA, Hibernate & Spring Data Persistence","ORM Queries, Transactions & Performance",Persistence,"ORM Queries, Transactions & Performance",Autoboxing / Performance,D2 Core,Are there any Performance Issues associated with Autoboxing?
1891,379,1,Q1611,21,"JPA, Hibernate & Spring Data Persistence","ORM Queries, Transactions & Performance",Persistence,"ORM Queries, Transactions & Performance",Autoboxing / Performance,D2 Core,What Performance Issues can Autoboxing and Unboxing cause?
1892,379,2,Q1612,21,"JPA, Hibernate & Spring Data Persistence","ORM Queries, Transactions & Performance",Persistence,"ORM Queries, Transactions & Performance",Collections / Performance,D2 Core,How is ArrayList different from LinkedList in terms of performance?
1893,379,3,Q1613,21,"JPA, Hibernate & Spring Data Persistence","ORM Queries, Transactions & Performance",Persistence,"ORM Queries, Transactions & Performance",Collections / Performance,D2 Core,How does the performance of Arrays.sort() compare when sorting primitive types versus objects?
1894,379,4,Q1614,21,"JPA, Hibernate & Spring Data Persistence","ORM Queries, Transactions & Performance",Persistence,"ORM Queries, Transactions & Performance",Database / Performance,D2 Core,"If fetching data from a MySQL database becomes slow, how can we improve the database interaction?"
1895,379,5,Q1615,21,"JPA, Hibernate & Spring Data Persistence","ORM Queries, Transactions & Performance",Persistence,"ORM Queries, Transactions & Performance",Database / Performance,D2 Core,Your query returns two lakh rows and the Service is running out of memory. How would you optimize this?
1896,380,1,Q1616,21,"JPA, Hibernate & Spring Data Persistence","ORM Queries, Transactions & Performance",Persistence,"ORM Queries, Transactions & Performance",Database / Performance,D2 Core,How would you optimize performance for heavy Read and Write operations?
1897,380,2,Q1617,21,"JPA, Hibernate & Spring Data Persistence","ORM Queries, Transactions & Performance",Persistence,"ORM Queries, Transactions & Performance",Database / Read Performance,D2 Core,"For heavy Read operations, what would be the best ways to optimize performance?"
1898,380,3,Q1618,21,"JPA, Hibernate & Spring Data Persistence","ORM Queries, Transactions & Performance",Persistence,"ORM Queries, Transactions & Performance",Database Indexing / Spring Boot,D2 Core,How can we do indexing in Spring Boot?
1899,380,4,Q1619,21,"JPA, Hibernate & Spring Data Persistence","ORM Queries, Transactions & Performance",Persistence,"ORM Queries, Transactions & Performance",Database Migration / Spring Boot,D2 Core,Can you tell me how Spring Boot handles data migrations?
1900,380,5,Q1620,21,"JPA, Hibernate & Spring Data Persistence","ORM Queries, Transactions & Performance",Persistence,"ORM Queries, Transactions & Performance",Design Patterns / Performance,D2 Core,How can Design Patterns affect the performance of a Java application?
1901,381,1,Q1621,21,"JPA, Hibernate & Spring Data Persistence","ORM Queries, Transactions & Performance",Persistence,"ORM Queries, Transactions & Performance",Exception Handling / Performance,D2 Core,"How does Exception Handling using try, catch and finally affect Java application performance?"
1902,381,2,Q1622,21,"JPA, Hibernate & Spring Data Persistence","ORM Queries, Transactions & Performance",Persistence,"ORM Queries, Transactions & Performance",Final Keyword / Performance,D2 Core,Is there any performance issue caused by using the final keyword?
1903,381,3,Q1623,21,"JPA, Hibernate & Spring Data Persistence","ORM Queries, Transactions & Performance",Persistence,"ORM Queries, Transactions & Performance",Garbage Collection / Performance,D2 Core,How would you handle high CPU usage caused by excessive Garbage Collection?
1904,381,4,Q1625,21,"JPA, Hibernate & Spring Data Persistence","ORM Queries, Transactions & Performance",Persistence,"ORM Queries, Transactions & Performance",HashMap / Performance,D2 Core,"How does HashMap performance change when hash collisions increase, and what can be done to handle it?"
1905,381,5,Q1624,21,"JPA, Hibernate & Spring Data Persistence","ORM Queries, Transactions & Performance",Persistence,"ORM Queries, Transactions & Performance",Hashing / Performance,D2 Core,How does a good hashCode() implementation improve the performance of HashMap and HashSet?
1906,382,1,Q1626,21,"JPA, Hibernate & Spring Data Persistence","ORM Queries, Transactions & Performance",Persistence,"ORM Queries, Transactions & Performance",Hibernate / Query Languages,D2 Core,Do you know about HQL and JPQL?
1907,382,2,Q1627,21,"JPA, Hibernate & Spring Data Persistence","ORM Queries, Transactions & Performance",Persistence,"ORM Queries, Transactions & Performance",Integration Testing / Performance,D2 Core,Your Integration Test Suite takes one hour to run daily. How would you speed it up without reducing coverage?
1908,382,3,Q1628,21,"JPA, Hibernate & Spring Data Persistence","ORM Queries, Transactions & Performance",Persistence,"ORM Queries, Transactions & Performance",JPA / Native Queries,D2 Core,Why might using Native Queries cause issues in a Spring Boot application?
1909,382,4,Q1629,21,"JPA, Hibernate & Spring Data Persistence","ORM Queries, Transactions & Performance",Persistence,"ORM Queries, Transactions & Performance",JPA / Performance,D2 Core,What is the difference between an Entity Graph and JOIN FETCH?
1910,382,5,Q1630,21,"JPA, Hibernate & Spring Data Persistence","ORM Queries, Transactions & Performance",Persistence,"ORM Queries, Transactions & Performance",JVM Performance,D2 Core,How would you optimize JVM startup time?
1911,383,1,Q1631,21,"JPA, Hibernate & Spring Data Persistence","ORM Queries, Transactions & Performance",Persistence,"ORM Queries, Transactions & Performance",MongoDB / Spring Boot,D2 Core,How do you integrate a non-relational database like MongoDB with a Spring Boot application?
1912,383,2,Q1632,21,"JPA, Hibernate & Spring Data Persistence","ORM Queries, Transactions & Performance",Persistence,"ORM Queries, Transactions & Performance",Parallel Streams / Performance,D2 Core,"Under what conditions might a Parallel Stream not provide a Performance Benefit, and how could that affect the application?"
1913,383,3,Q1633,21,"JPA, Hibernate & Spring Data Persistence","ORM Queries, Transactions & Performance",Persistence,"ORM Queries, Transactions & Performance",Polymorphism / Performance,D2 Core,"Can polymorphism lead to performance issues? If yes, in what scenario?"
1914,383,4,Q1634,21,"JPA, Hibernate & Spring Data Persistence","ORM Queries, Transactions & Performance",Persistence,"ORM Queries, Transactions & Performance",REST API / Performance,D2 Core,Can you tell me some methods to improve REST API performance?
1915,383,5,Q1635,21,"JPA, Hibernate & Spring Data Persistence","ORM Queries, Transactions & Performance",Persistence,"ORM Queries, Transactions & Performance",REST API / Performance,D2 Core,Your Spring Boot REST API is experiencing slow response time under load. How would you investigate the issue and fix it?
1916,384,1,Q1636,21,"JPA, Hibernate & Spring Data Persistence","ORM Queries, Transactions & Performance",Persistence,"ORM Queries, Transactions & Performance",REST API Performance,D2 Core,One of your APIs takes too long because it loads a large data set. How would you improve the performance?
1917,384,2,Q1637,21,"JPA, Hibernate & Spring Data Persistence","ORM Queries, Transactions & Performance",Persistence,"ORM Queries, Transactions & Performance",Spring Bean Initialization / Performance,D2 Core,Your current project is taking too long to start because of heavy bean initialization. How could you optimize startup time?
1918,384,3,Q1638,21,"JPA, Hibernate & Spring Data Persistence","ORM Queries, Transactions & Performance",Persistence,"ORM Queries, Transactions & Performance",Spring Boot / Database,D2 Core,How do you integrate a relational database like MySQL with a Spring Boot application?
1919,384,4,Q1639,21,"JPA, Hibernate & Spring Data Persistence","ORM Queries, Transactions & Performance",Persistence,"ORM Queries, Transactions & Performance",Spring Boot / Database,D2 Core,How do you connect to a database in a Spring Boot application? Explain as if you are developing a new application.
1920,384,5,Q1640,21,"JPA, Hibernate & Spring Data Persistence","ORM Queries, Transactions & Performance",Persistence,"ORM Queries, Transactions & Performance",Spring Boot / Database,D2 Core,"You are building a Spring Boot application that must support both SQL and NoSQL databases, such as MySQL and MongoDB, depending on the environment. How would you structure the application?"
1921,385,1,Q1641,21,"JPA, Hibernate & Spring Data Persistence","ORM Queries, Transactions & Performance",Persistence,"ORM Queries, Transactions & Performance",Spring Boot / MySQL,D2 Core,How can we connect MySQL with Spring Boot?
1922,385,2,Q1642,21,"JPA, Hibernate & Spring Data Persistence","ORM Queries, Transactions & Performance",Persistence,"ORM Queries, Transactions & Performance",Spring Boot / SQL,D2 Core,How do you call SQL Functions and Stored Procedures from a Spring Boot application?
1923,385,3,Q1643,21,"JPA, Hibernate & Spring Data Persistence","ORM Queries, Transactions & Performance",Persistence,"ORM Queries, Transactions & Performance",Spring Data JPA / N+1 Problem,D2 Core,How does Lazy Loading help with the N+1 Query Problem?
1924,385,4,Q1644,21,"JPA, Hibernate & Spring Data Persistence","ORM Queries, Transactions & Performance",Persistence,"ORM Queries, Transactions & Performance",Spring Data JPA / Performance,D2 Core,"How does Spring Boot automatically optimize JPA performance through features such as Connection Pooling, Batch Processing and Hibernate integration?"
1925,385,5,Q1645,21,"JPA, Hibernate & Spring Data Persistence","ORM Queries, Transactions & Performance",Persistence,"ORM Queries, Transactions & Performance",Spring Data JPA / Queries,D2 Core,Do you prefer custom queries or inbuilt queries?
1926,386,1,Q1646,21,"JPA, Hibernate & Spring Data Persistence","ORM Queries, Transactions & Performance",Persistence,"ORM Queries, Transactions & Performance",Spring Data JPA / Queries,D2 Core,Tell me a scenario where we must write custom queries and don't have an option for the default one.
1927,386,2,Q1647,21,"JPA, Hibernate & Spring Data Persistence","ORM Queries, Transactions & Performance",Persistence,"ORM Queries, Transactions & Performance",Spring Data JPA / Queries,D2 Core,How do you handle complex queries using Spring Data JPA?
1928,386,3,Q1648,21,"JPA, Hibernate & Spring Data Persistence","ORM Queries, Transactions & Performance",Persistence,"ORM Queries, Transactions & Performance",Spring Data JPA / Queries,D2 Core,How do you handle custom queries in repositories?
1929,386,4,Q1649,21,"JPA, Hibernate & Spring Data Persistence","ORM Queries, Transactions & Performance",Persistence,"ORM Queries, Transactions & Performance",Spring Data JPA / Queries,D2 Core,How would you handle custom query methods that are not provided by Spring Data?
1930,386,5,Q1650,21,"JPA, Hibernate & Spring Data Persistence","ORM Queries, Transactions & Performance",Persistence,"ORM Queries, Transactions & Performance",Spring Transaction Management / JPA,D2 Core,"In a @Transactional method, if you modify an Entity without calling save(), will the change persist?"
1931,387,1,Q1651,21,"JPA, Hibernate & Spring Data Persistence","ORM Queries, Transactions & Performance",Persistence,"ORM Queries, Transactions & Performance",Stream API / Performance,D2 Core,"Among traditional loops and Streams, which is faster?"
1932,387,2,Q1652,21,"JPA, Hibernate & Spring Data Persistence","ORM Queries, Transactions & Performance",Persistence,"ORM Queries, Transactions & Performance",Stream API / Performance,D2 Core,"You use map(), filter() and count() on a Stream expecting Lazy Evaluation, but it is slow. Why, and how can findFirst() help?"
1933,387,3,Q1653,21,"JPA, Hibernate & Spring Data Persistence","ORM Queries, Transactions & Performance",Persistence,"ORM Queries, Transactions & Performance",Streams / Performance,D2 Core,Which is faster: list.stream().filter().map().collect() or a traditional for loop?
1934,387,4,Q1654,21,"JPA, Hibernate & Spring Data Persistence","ORM Queries, Transactions & Performance",Persistence,"ORM Queries, Transactions & Performance",String / Performance,D2 Core,"A web server handles thousands of requests involving String manipulation. What would you choose among String, StringBuilder and StringBuffer, and which would perform better?"
1935,387,5,Q1655,21,"JPA, Hibernate & Spring Data Persistence","ORM Queries, Transactions & Performance",Persistence,"ORM Queries, Transactions & Performance",Hibernate / Performance,D4 Experience,Have you ever encountered the N+1 Query Problem?
1936,388,1,Q1656,21,"JPA, Hibernate & Spring Data Persistence","ORM Queries, Transactions & Performance",Persistence,"ORM Queries, Transactions & Performance",Production Performance,D4 Experience,Your Spring Boot application is significantly slower in Production than in Development. How would you fix the problem?
1937,388,2,Q1657,21,"JPA, Hibernate & Spring Data Persistence","ORM Queries, Transactions & Performance",Persistence,"ORM Queries, Transactions & Performance",Spring Boot / Database,D4 Experience,Have you connected any database to the Spring Boot application by your own?
1938,388,3,Q1658,21,"JPA, Hibernate & Spring Data Persistence","ORM Queries, Transactions & Performance",Persistence,"ORM Queries, Transactions & Performance",Database / Performance,D5 Advanced/Design,You need to read two million rows from the database and write them to a file. A simple findAll() gives an OutOfMemoryError. What options could we use here?
1939,388,4,Q1659,21,"JPA, Hibernate & Spring Data Persistence","ORM Queries, Transactions & Performance",Persistence,"ORM Queries, Transactions & Performance",HashMap / Performance,D5 Advanced/Design,You store one million entries in a HashMap and its performance suddenly drops. What could be the reasons?
1940,388,5,Q1660,21,"JPA, Hibernate & Spring Data Persistence","ORM Queries, Transactions & Performance",Persistence,"ORM Queries, Transactions & Performance",Spring Data JPA / Performance,D5 Advanced/Design,Your Database contains millions of records and you need to fetch data efficiently. How would you implement this using Spring Data JPA?
1941,389,1,Q1218,21,"JPA, Hibernate & Spring Data Persistence",Spring Transaction Management,Spring Core,Spring Transaction Management,Spring Transaction Management,D2 Core,How do you handle transactions in Spring Data JPA?
1942,389,2,Q0888,22,Spring Application Testing,Spring Application Testing,Testing,"Mockito, Integration, Regression & Test Strategy",Spring Boot Testing,D2 Core,What's the role of @SpringBootTest annotation?
1943,389,3,Q0889,22,Spring Application Testing,Spring Application Testing,Testing,"Mockito, Integration, Regression & Test Strategy",Spring Boot Testing,D2 Core,Do we have any disadvantages or limitations of @SpringBootTest annotation?
1944,389,4,Q0890,22,Spring Application Testing,Spring Application Testing,Testing,"Mockito, Integration, Regression & Test Strategy",Spring Testing,D2 Core,What is the difference between @SpringBootTest and @DataJpaTest?
1945,389,5,Q0900,22,Spring Application Testing,Spring Application Testing,Testing,"Mockito, Integration, Regression & Test Strategy",Unit Testing,D2 Core,"How do you write a Unit Test Case from scratch? What is your approach, and which Spring Boot annotations or concepts do you use?"
1946,390,1,Q0910,22,Spring Application Testing,Spring Application Testing,Testing,"Mockito, Integration, Regression & Test Strategy",Spring Boot Testing,D4 Experience,What steps do you follow from scratch for testing a Spring Boot application?
1947,390,2,Q0920,22,Spring Application Testing,Spring Application Testing,Testing,"Mockito, Integration, Regression & Test Strategy",Unit Testing,D4 Experience,Do you test Spring Boot applications by writing unit test cases in your project?
1948,390,3,Q1708,23,Application Security,"Encryption, Security Defects & Vulnerabilities",Security,"Encryption, Security Defects & Vulnerabilities",Application Security,D1 Foundation,What are some common security pitfalls in web applications?
1949,390,4,Q1709,23,Application Security,"Encryption, Security Defects & Vulnerabilities",Security,"Encryption, Security Defects & Vulnerabilities",Security / Configuration,D2 Core,You have sensitive configs such as DB passwords or API keys in application.properties or YAML. How would you secure them?
1950,390,5,Q1710,23,Application Security,"Encryption, Security Defects & Vulnerabilities",Security,"Encryption, Security Defects & Vulnerabilities",Security / Secrets,D2 Core,How do you externalize Secrets such as Database Passwords in a Spring Boot application?
1951,391,1,Q1711,23,Application Security,"Encryption, Security Defects & Vulnerabilities",Security,"Encryption, Security Defects & Vulnerabilities",Security / Secrets,D2 Core,How do you rotate Secrets without restarting the application?
1952,391,2,Q1712,23,Application Security,"Encryption, Security Defects & Vulnerabilities",Security,"Encryption, Security Defects & Vulnerabilities",Security / Sensitive Data,D2 Core,Imagine you are developing a Spring Boot application that handles sensitive customer data. How would you securely manage and store this data?
1953,391,3,Q1713,23,Application Security,"Encryption, Security Defects & Vulnerabilities",Security,"Encryption, Security Defects & Vulnerabilities",Encryption,D4 Experience,Have you implemented any encryption or decryption algorithm?
1954,391,4,Q1714,23,Application Security,"Encryption, Security Defects & Vulnerabilities",Security,"Encryption, Security Defects & Vulnerabilities",Security,D4 Experience,What specific security measures did you implement in Health Connect to ensure data privacy?
1955,391,5,Q1715,23,Application Security,"Encryption, Security Defects & Vulnerabilities",Security,"Encryption, Security Defects & Vulnerabilities",Security,D4 Experience,"If a Security Breach occurs, what steps should be taken to handle it?"
1956,392,1,Q1716,23,Application Security,"Encryption, Security Defects & Vulnerabilities",Security,"Encryption, Security Defects & Vulnerabilities",Security,D4 Experience,"If a Security Breach occurs in an application, what steps should be taken?"
1957,392,2,Q1717,23,Application Security,"Encryption, Security Defects & Vulnerabilities",Security,"Encryption, Security Defects & Vulnerabilities",Security / Secrets,D4 Experience,"In your current project, how are you guys rotating secrets?"
1958,392,3,Q1718,23,Application Security,"Encryption, Security Defects & Vulnerabilities",Security,"Encryption, Security Defects & Vulnerabilities",Security / Secrets,D4 Experience,"Since data is very critical in financial services, how are you guys encrypting and managing secrets and PII?"
1959,392,4,Q1661,23,Application Security,Spring Security,Security,Spring Security,Spring Security,D1 Foundation,What is Spring Security?
1960,392,5,Q1662,23,Application Security,Spring Security,Security,Spring Security,Spring Security,D1 Foundation,What is the default User/Password behavior when Spring Security is added without custom configuration?
1961,393,1,Q1663,23,Application Security,Spring Security,Security,Spring Security,Spring Boot / WebSocket Security,D2 Core,Discuss the specific security challenges associated with using WebSocket in a Spring Boot application.
1962,393,2,Q1664,23,Application Security,Spring Security,Security,Spring Security,Spring Security,D2 Core,What are authentication and authorization? What's the difference between authentication and authorization?
1963,393,3,Q1665,23,Application Security,Spring Security,Security,Spring Security,Spring Security,D2 Core,"If you need to secure a REST API in a Spring Boot application, what security methods would you consider and why?"
1964,393,4,Q1666,23,Application Security,Spring Security,Security,Spring Security,Spring Security,D2 Core,You have one API that should be publicly accessible and another endpoint that requires authentication. How do you configure this in Spring Security with Spring Boot?
1965,393,5,Q1667,23,Application Security,Spring Security,Security,Spring Security,Spring Security,D2 Core,How does Spring Security handle authentication and authorization?
1966,394,1,Q1668,23,Application Security,Spring Security,Security,Spring Security,Spring Security,D2 Core,How do you handle a scenario where you need to integrate multiple security providers within the same Spring Boot application?
1967,394,2,Q1669,23,Application Security,Spring Security,Security,Spring Security,Spring Security,D2 Core,What options do we have for securing a REST API?
1968,394,3,Q1670,23,Application Security,Spring Security,Security,Spring Security,Spring Security,D2 Core,Can you describe the Spring Security framework?
1969,394,4,Q1671,23,Application Security,Spring Security,Security,Spring Security,Spring Security,D2 Core,How would you secure a REST API using Spring Security?
1970,394,5,Q1672,23,Application Security,Spring Security,Security,Spring Security,Spring Security,D2 Core,How should we secure a REST API based on authentication and authorization?
1971,395,1,Q1673,23,Application Security,Spring Security,Security,Spring Security,Spring Security,D2 Core,Do you know about annotations such as @PreAuthorize or @Secured?
1972,395,2,Q1674,23,Application Security,Spring Security,Security,Spring Security,Spring Security,D2 Core,How do you secure REST APIs?
1973,395,3,Q1675,23,Application Security,Spring Security,Security,Spring Security,Spring Security,D2 Core,"If someone wants to secure a REST API, what steps should they follow?"
1974,395,4,Q1676,23,Application Security,Spring Security,Security,Spring Security,Spring Security,D2 Core,How does the Spring Security Filter Chain work?
1975,395,5,Q1677,23,Application Security,Spring Security,Security,Spring Security,Spring Security,D2 Core,How is Method-Level Security different from Security implemented at the API level using Tokens?
1976,396,1,Q1678,23,Application Security,Spring Security,Security,Spring Security,Spring Security,D2 Core,What is the difference between Roles and Authorities in Spring Security?
1977,396,2,Q1679,23,Application Security,Spring Security,Security,Spring Security,Spring Security,D2 Core,What is the difference between OAuth and JWT?
1978,396,3,Q1680,23,Application Security,Spring Security,Security,Spring Security,Spring Security / Debugging,D2 Core,"You configure Spring Security, but the Login Endpoint returns HTTP 403. What could be wrong?"
1979,396,4,Q1681,23,Application Security,Spring Security,Security,Spring Security,Spring Security / Method Security,D2 Core,Do you know method-level security? How can we secure methods in a class?
1980,396,5,Q0211,23,Application Security,"Object Class, equals & hashCode",Object-Oriented Java,"Object Class, equals & hashCode",String / Equals,D2 Core,"In a user-authentication module, what issues could arise if we use == instead of equals() to compare credentials?"
1981,397,1,Q1682,23,Application Security,Spring Security,Security,Spring Security,Spring Security,D3 Applied,Let's say you want to implement method-level security in Spring Boot. What annotations and configurations are needed?
1982,397,2,Q1683,23,Application Security,Spring Security,Security,Spring Security,Spring Security / Auditing,D3 Applied,How would you implement a Secure Audit Trail in Spring Boot with User-Context Propagation?
1983,397,3,Q1684,23,Application Security,Spring Security,Security,Spring Security,Spring Security,D4 Experience,How do you ensure security in your Java application or Spring Boot application?
1984,397,4,Q1685,23,Application Security,Spring Security,Security,Spring Security,Spring Security,D4 Experience,"If you get a new project and are asked to implement security from scratch, how will you do it?"
1985,397,5,Q1686,23,Application Security,Spring Security,Security,Spring Security,Spring Security,D4 Experience,What approach do you take for securing REST endpoints?
1986,398,1,Q1687,23,Application Security,Spring Security,Security,Spring Security,Spring Security,D4 Experience,How are you guys securing REST APIs?
1987,398,2,Q1688,23,Application Security,Spring Security,Security,Spring Security,Spring Security,D4 Experience,"If you don't use JWT, OAuth2 or Bearer Tokens, how are you securing your application?"
1988,398,3,Q1689,23,Application Security,Spring Security,Security,Spring Security,Spring Security,D4 Experience,Have you created an Authorization Token in your project?
1989,398,4,Q1690,23,Application Security,Spring Security,Security,Spring Security,Spring Security,D4 Experience,How is Security implemented in your recent project?
1990,398,5,Q1691,23,Application Security,Spring Security,Security,Spring Security,Spring Security,D4 Experience,Have you used Security Filters in your Spring Boot application?
1991,399,1,Q1692,23,Application Security,Spring Security,Security,Spring Security,Spring Security,D4 Experience,Can you explain the real things you have built on top of Spring Security and how someone should leverage Spring Security?
1992,399,2,Q1693,23,Application Security,"JWT, OAuth2, Authentication & Authorization",Security,"JWT, OAuth2, Authentication & Authorization",Authentication / System Design,D2 Core,How would you design an Authentication System where the User logs in using only a Contact Number and OTP?
1993,399,3,Q1694,23,Application Security,"JWT, OAuth2, Authentication & Authorization",Security,"JWT, OAuth2, Authentication & Authorization",JWT,D2 Core,What details are present in a JWT token?
1994,399,4,Q1695,23,Application Security,"JWT, OAuth2, Authentication & Authorization",Security,"JWT, OAuth2, Authentication & Authorization",JWT,D2 Core,Do you know about JWT?
1995,399,5,Q1696,23,Application Security,"JWT, OAuth2, Authentication & Authorization",Security,"JWT, OAuth2, Authentication & Authorization",JWT,D2 Core,"What parameters would you encode and decode in a JWT, and on the basis of what parameters?"
1996,400,1,Q1697,23,Application Security,"JWT, OAuth2, Authentication & Authorization",Security,"JWT, OAuth2, Authentication & Authorization",JWT,D2 Core,How does JWT work in your application?
1997,400,2,Q1698,23,Application Security,"JWT, OAuth2, Authentication & Authorization",Security,"JWT, OAuth2, Authentication & Authorization",JWT,D2 Core,"A JWT contains Header, Payload and Signature. What exactly is the Signature?"
1998,400,3,Q1699,23,Application Security,"JWT, OAuth2, Authentication & Authorization",Security,"JWT, OAuth2, Authentication & Authorization",JWT / Authorization,D2 Core,"When we call REST APIs, we pass a Bearer Token. Do you know about the Bearer Token?"
1999,400,4,Q1700,23,Application Security,"JWT, OAuth2, Authentication & Authorization",Security,"JWT, OAuth2, Authentication & Authorization",JWT / Authorization,D2 Core,"What does the term Bearer mean, and why do we add the Bearer string before the token?"
2000,400,5,Q1501,23,Application Security,"REST, HTTP & API Design",Web & APIs,"REST, HTTP & API Design",REST API / Security,D2 Core,"How would you prevent common vulnerabilities in a REST API, such as SQL injection, CSRF and XSS?"
2001,401,1,Q1701,23,Application Security,"JWT, OAuth2, Authentication & Authorization",Security,"JWT, OAuth2, Authentication & Authorization",Spring Security / JWT,D2 Core,Do you know what an Authorization Token is?
2002,401,2,Q1702,23,Application Security,"JWT, OAuth2, Authentication & Authorization",Security,"JWT, OAuth2, Authentication & Authorization",Spring Security / OAuth2 / JWT,D2 Core,What's the difference between OAuth 2 and JWT-based Authentication?
2003,401,3,Q1703,23,Application Security,"JWT, OAuth2, Authentication & Authorization",Security,"JWT, OAuth2, Authentication & Authorization",Spring Security / JWT,D3 Applied,How would you implement JWT authentication in a Spring Boot application from scratch?
2004,401,4,Q1704,23,Application Security,"JWT, OAuth2, Authentication & Authorization",Security,"JWT, OAuth2, Authentication & Authorization",Authentication / Spring Security,D4 Experience,Have you worked with any authentication system?
2005,401,5,Q1705,23,Application Security,"JWT, OAuth2, Authentication & Authorization",Security,"JWT, OAuth2, Authentication & Authorization",JWT,D4 Experience,"When hitting APIs through Postman, do you pass Bearer Tokens?"
2006,402,1,Q1706,23,Application Security,"JWT, OAuth2, Authentication & Authorization",Security,"JWT, OAuth2, Authentication & Authorization",OAuth2,D4 Experience,Have you implemented OAuth2 in your application?
2007,402,2,Q1707,23,Application Security,"JWT, OAuth2, Authentication & Authorization",Security,"JWT, OAuth2, Authentication & Authorization",OAuth2,D4 Experience,What challenges did you face during its implementation?
2008,402,3,Q1445,24,"Integration, Messaging & Application Events",Spring Integration & Third-Party Integration,Spring Integration,Spring Integration & Third-Party Integration,Spring Integration,D2 Core,Can Spring Boot be integrated with an application or library that itself is not using the Spring Framework?
2009,402,4,Q1446,24,"Integration, Messaging & Application Events",Spring Integration & Third-Party Integration,Spring Integration,Spring Integration & Third-Party Integration,Shared Libraries,D4 Experience,Have you created any common repository or shared library?
2010,402,5,Q1447,24,"Integration, Messaging & Application Events",Spring Integration & Third-Party Integration,Spring Integration,Spring Integration & Third-Party Integration,Third-Party Integration,D4 Experience,Can you discuss your experience with integrating third-party services in any of the projects?
2011,403,1,Q1448,24,"Integration, Messaging & Application Events",Spring Integration & Third-Party Integration,Spring Integration,Spring Integration & Third-Party Integration,Third-Party Integration,D4 Experience,What third-party service do you use?
2012,403,2,Q1719,24,"Integration, Messaging & Application Events","Messaging, Kafka, RabbitMQ & Pub-Sub",Integration,"Messaging, Kafka, RabbitMQ & Pub-Sub",Asynchronous Communication,D1 Foundation,What is asynchronous communication?
2013,403,3,Q1720,24,"Integration, Messaging & Application Events","Messaging, Kafka, RabbitMQ & Pub-Sub",Integration,"Messaging, Kafka, RabbitMQ & Pub-Sub",Kafka,D2 Core,How can we integrate Kafka into a Spring Boot application?
2014,403,4,Q1721,24,"Integration, Messaging & Application Events","Messaging, Kafka, RabbitMQ & Pub-Sub",Integration,"Messaging, Kafka, RabbitMQ & Pub-Sub",Kafka / Dead Letter Topic,D2 Core,"One Kafka message keeps failing and the consumer retries it forever, blocking everything behind it. How would you handle such a message?"
2015,403,5,Q1722,24,"Integration, Messaging & Application Events","Messaging, Kafka, RabbitMQ & Pub-Sub",Integration,"Messaging, Kafka, RabbitMQ & Pub-Sub",Kafka / Transactional Messaging,D2 Core,Your service writes an order to the database and then publishes an event to Kafka. The database commit succeeds but Kafka publishing fails. How would you solve this problem?
2016,404,1,Q1723,24,"Integration, Messaging & Application Events","Messaging, Kafka, RabbitMQ & Pub-Sub",Integration,"Messaging, Kafka, RabbitMQ & Pub-Sub",Asynchronous Messaging,D3 Applied,Can you describe a scenario where we can implement asynchronous messaging?
2017,404,2,Q1724,24,"Integration, Messaging & Application Events","Messaging, Kafka, RabbitMQ & Pub-Sub",Integration,"Messaging, Kafka, RabbitMQ & Pub-Sub",Kafka,D4 Experience,Do you know about Kafka? Is Kafka used in your project?
2018,404,3,Q1725,24,"Integration, Messaging & Application Events","Messaging, Kafka, RabbitMQ & Pub-Sub",Integration,"Messaging, Kafka, RabbitMQ & Pub-Sub",Kafka,D4 Experience,Can you tell me a few Kafka topics that you have implemented or used in your project?
2019,404,4,Q1727,24,"Integration, Messaging & Application Events","Messaging, Kafka, RabbitMQ & Pub-Sub",Integration,"Messaging, Kafka, RabbitMQ & Pub-Sub",Messaging,D4 Experience,Are you using any messaging system?
2020,404,5,Q1728,24,"Integration, Messaging & Application Events","Messaging, Kafka, RabbitMQ & Pub-Sub",Integration,"Messaging, Kafka, RabbitMQ & Pub-Sub",RabbitMQ,D4 Experience,Why did you choose RabbitMQ instead of another Messaging System?
2021,405,1,Q1729,24,"Integration, Messaging & Application Events","Messaging, Kafka, RabbitMQ & Pub-Sub",Integration,"Messaging, Kafka, RabbitMQ & Pub-Sub",RabbitMQ,D4 Experience,Why did you choose RabbitMQ when other Messaging options were available?
2022,405,2,Q1855,24,"Integration, Messaging & Application Events","Notifications, Email & JavaMail",Distributed Systems,"Notifications, Email & JavaMail",Email / System Design,D2 Core,"If your application supports Email Attachments, how would you handle and restrict very large attachments?"
2023,405,3,Q1856,24,"Integration, Messaging & Application Events","Notifications, Email & JavaMail",Distributed Systems,"Notifications, Email & JavaMail",Email Service / System Design,D2 Core,"What Attachment Size Limit should an Email Service enforce, and how would you handle attachments that exceed it?"
2024,405,4,Q1857,24,"Integration, Messaging & Application Events","Notifications, Email & JavaMail",Distributed Systems,"Notifications, Email & JavaMail",System Design / Email,D2 Core,"How would you design an Email-Sending Service Class, including recipients, subject, body, and attachments?"
2025,405,5,Q1858,24,"Integration, Messaging & Application Events","Notifications, Email & JavaMail",Distributed Systems,"Notifications, Email & JavaMail",System Design / Notification Service,D2 Core,How would you architect a Notification Service from scratch?
2026,406,1,Q1859,24,"Integration, Messaging & Application Events","Notifications, Email & JavaMail",Distributed Systems,"Notifications, Email & JavaMail",System Design / Notification Service,D2 Core,"Would you use Queues or direct APIs in a Notification Service, and why?"
2027,406,2,Q1860,24,"Integration, Messaging & Application Events","Notifications, Email & JavaMail",Distributed Systems,"Notifications, Email & JavaMail",Notification System,D3 Applied,How would you implement a notification system where an event in one part of the application needs to update users in real time?
2028,406,3,Q1861,24,"Integration, Messaging & Application Events","Notifications, Email & JavaMail",Distributed Systems,"Notifications, Email & JavaMail",JavaMail,D4 Experience,Have you worked with Java email?
2029,406,4,Q1862,24,"Integration, Messaging & Application Events","Notifications, Email & JavaMail",Distributed Systems,"Notifications, Email & JavaMail",Notification System,D4 Experience,Have you implemented any notification system in a Spring Boot application?
2030,406,5,Q1730,25,Microservices & Distributed Systems,Microservices Fundamentals & Decomposition,Microservices,Microservices Fundamentals & Decomposition,Microservices,D1 Foundation,What are the main advantages of using microservice architecture over monolithic architecture?
2031,407,1,Q1731,25,Microservices & Distributed Systems,Microservices Fundamentals & Decomposition,Microservices,Microservices Fundamentals & Decomposition,Microservices / Authentication,D1 Foundation,Have you heard about token-based authentication in Microservices architecture?
2032,407,2,Q1732,25,Microservices & Distributed Systems,Microservices Fundamentals & Decomposition,Microservices,Microservices Fundamentals & Decomposition,Microservices / Design Patterns,D1 Foundation,What is the Sidecar pattern? Have you heard about the Sidecar pattern?
2033,407,3,Q1733,25,Microservices & Distributed Systems,Microservices Fundamentals & Decomposition,Microservices,Microservices Fundamentals & Decomposition,Microservices / Outbox Pattern,D1 Foundation,"What is the Outbox Pattern, and when would you use it in Microservices?"
2034,407,4,Q1734,25,Microservices & Distributed Systems,Microservices Fundamentals & Decomposition,Microservices,Microservices Fundamentals & Decomposition,Microservices / Pub-Sub,D1 Foundation,What is the Pub-Sub pattern?
2035,407,5,Q1735,25,Microservices & Distributed Systems,Microservices Fundamentals & Decomposition,Microservices,Microservices Fundamentals & Decomposition,Monolith / Microservices,D1 Foundation,Have you heard about Amazon Prime shifting from microservice architecture to monolithic architecture?
2036,408,1,Q1736,25,Microservices & Distributed Systems,Microservices Fundamentals & Decomposition,Microservices,Microservices Fundamentals & Decomposition,Testing / Microservices,D1 Foundation,What is Contract Testing?
2037,408,2,Q1737,25,Microservices & Distributed Systems,Microservices Fundamentals & Decomposition,Microservices,Microservices Fundamentals & Decomposition,Exception Handling / Microservices,D2 Core,You have a Service that calls three downstream Services and one fails unexpectedly. How would you wrap and send a meaningful Exception to the client?
2038,408,3,Q1738,25,Microservices & Distributed Systems,Microservices Fundamentals & Decomposition,Microservices,Microservices Fundamentals & Decomposition,File Handling / Microservices,D2 Core,Your service handles 2 GB or 10 GB file uploads. Would you send those files directly between Microservices?
2039,408,4,Q1739,25,Microservices & Distributed Systems,Microservices Fundamentals & Decomposition,Microservices,Microservices Fundamentals & Decomposition,JWT / Microservices,D2 Core,Let's say a JWT token expires midway through a Microservice call chain. How would you handle this scenario?
2040,408,5,Q1740,25,Microservices & Distributed Systems,Microservices Fundamentals & Decomposition,Microservices,Microservices Fundamentals & Decomposition,Logging / Microservices,D2 Core,You want to create a shared logging configuration across multiple microservices. How would you do it in Spring Boot?
2041,409,1,Q1741,25,Microservices & Distributed Systems,Microservices Fundamentals & Decomposition,Microservices,Microservices Fundamentals & Decomposition,Microservices,D2 Core,How would you call one service from another service in a microservice architecture?
2042,409,2,Q1742,25,Microservices & Distributed Systems,Microservices Fundamentals & Decomposition,Microservices,Microservices Fundamentals & Decomposition,Microservices,D2 Core,Cannot our microservices communicate directly with APIs?
2043,409,3,Q1743,25,Microservices & Distributed Systems,Microservices Fundamentals & Decomposition,Microservices,Microservices Fundamentals & Decomposition,Microservices,D2 Core,When should we choose microservice architecture?
2044,409,4,Q1744,25,Microservices & Distributed Systems,Microservices Fundamentals & Decomposition,Microservices,Microservices Fundamentals & Decomposition,Microservices,D2 Core,How do you connect one microservice to another?
2045,409,5,Q1745,25,Microservices & Distributed Systems,Microservices Fundamentals & Decomposition,Microservices,Microservices Fundamentals & Decomposition,Microservices,D2 Core,Is microservice architecture the best choice in every case?
2046,410,1,Q1746,25,Microservices & Distributed Systems,Microservices Fundamentals & Decomposition,Microservices,Microservices Fundamentals & Decomposition,Microservices,D2 Core,Can you tell me the difference between Synchronous and Asynchronous Communication?
2047,410,2,Q1747,25,Microservices & Distributed Systems,Microservices Fundamentals & Decomposition,Microservices,Microservices Fundamentals & Decomposition,Microservices / Architecture,D2 Core,Can you tell me a situation where adopting a microservice architecture might not be ideal?
2048,410,3,Q1748,25,Microservices & Distributed Systems,Microservices Fundamentals & Decomposition,Microservices,Microservices Fundamentals & Decomposition,Microservices / Architecture,D2 Core,Tell me real use cases where microservices are best and where we should not use microservices.
2049,410,4,Q1749,25,Microservices & Distributed Systems,Microservices Fundamentals & Decomposition,Microservices,Microservices Fundamentals & Decomposition,Microservices / Asynchronous Communication,D2 Core,What about asynchronous communication between microservices?
2050,410,5,Q1750,25,Microservices & Distributed Systems,Microservices Fundamentals & Decomposition,Microservices,Microservices Fundamentals & Decomposition,Microservices / CAP Theorem,D2 Core,Do you know about the CAP Theorem in Microservices?
2051,411,1,Q1751,25,Microservices & Distributed Systems,Microservices Fundamentals & Decomposition,Microservices,Microservices Fundamentals & Decomposition,Microservices / Centralized Configuration,D2 Core,"You have 10 Spring Boot microservices, and managing DB URLs, feature flags, and other configurations separately has become painful. How would you handle centralized configuration management?"
2052,411,2,Q1752,25,Microservices & Distributed Systems,Microservices Fundamentals & Decomposition,Microservices,Microservices Fundamentals & Decomposition,Microservices / CompletableFuture,D2 Core,Let's say you need to call three Microservices in parallel and combine their results. How would you design that?
2053,411,3,Q1753,25,Microservices & Distributed Systems,Microservices Fundamentals & Decomposition,Microservices,Microservices Fundamentals & Decomposition,Microservices / Database,D2 Core,"In a Microservices architecture, is it better to use one database for all Microservices or a separate database per Microservice?"
2054,411,4,Q1754,25,Microservices & Distributed Systems,Microservices Fundamentals & Decomposition,Microservices,Microservices Fundamentals & Decomposition,Microservices / Design Patterns,D2 Core,Can you explain a few microservice design patterns that you are aware of?
2055,411,5,Q1755,25,Microservices & Distributed Systems,Microservices Fundamentals & Decomposition,Microservices,Microservices Fundamentals & Decomposition,Microservices / Design Patterns,D2 Core,"In microservices, have you heard about the ACL or Anti-Corruption Layer pattern?"
2056,412,1,Q1756,25,Microservices & Distributed Systems,Microservices Fundamentals & Decomposition,Microservices,Microservices Fundamentals & Decomposition,Microservices / Failure Detection,D2 Core,"If one Microservice crashes, how do the other services detect that failure?"
2057,412,2,Q1757,25,Microservices & Distributed Systems,Microservices Fundamentals & Decomposition,Microservices,Microservices Fundamentals & Decomposition,Microservices / Failure Handling,D2 Core,"Let's say one of your Microservices is down, but other services depend on it. What should you do or what should happen?"
2058,412,3,Q1758,25,Microservices & Distributed Systems,Microservices Fundamentals & Decomposition,Microservices,Microservices Fundamentals & Decomposition,Microservices / Failure Handling,D2 Core,"Order, Inventory, and Payment all succeed, but the Notification Service fails at the end. What would you do in this situation?"
2059,412,4,Q1759,25,Microservices & Distributed Systems,Microservices Fundamentals & Decomposition,Microservices,Microservices Fundamentals & Decomposition,Microservices / Fault Isolation,D2 Core,"In an e-commerce system, the Payment Service is down. How would you design the system so that other Services such as Order Service still work smoothly?"
2060,412,5,Q1760,25,Microservices & Distributed Systems,Microservices Fundamentals & Decomposition,Microservices,Microservices Fundamentals & Decomposition,Microservices / Idempotency,D2 Core,How do you ensure an Event is not processed twice in the Database?
2061,413,1,Q1761,25,Microservices & Distributed Systems,Microservices Fundamentals & Decomposition,Microservices,Microservices Fundamentals & Decomposition,Microservices / Load Balancing,D2 Core,Do you know the difference between Client-Side and Server-Side Load Balancing?
2062,413,2,Q1762,25,Microservices & Distributed Systems,Microservices Fundamentals & Decomposition,Microservices,Microservices Fundamentals & Decomposition,Microservices / Performance,D2 Core,"You have two Spring Boot microservices communicating via REST endpoints. One works fine, but one frequently times out under load. How would you handle this situation?"
2063,413,3,Q1763,25,Microservices & Distributed Systems,Microservices Fundamentals & Decomposition,Microservices,Microservices Fundamentals & Decomposition,Microservices / Performance,D2 Core,One of your Microservices is responding very slowly and affecting the whole system. How would you diagnose and fix the issue?
2064,413,4,Q1764,25,Microservices & Distributed Systems,Microservices Fundamentals & Decomposition,Microservices,Microservices Fundamentals & Decomposition,Microservices / REST Clients,D2 Core,When should you use Feign Client instead of RestTemplate?
2065,413,5,Q1765,25,Microservices & Distributed Systems,Microservices Fundamentals & Decomposition,Microservices,Microservices Fundamentals & Decomposition,Microservices / Scalability,D2 Core,What's the difference between horizontal scaling and vertical scaling in microservices?
2066,414,1,Q1766,25,Microservices & Distributed Systems,Microservices Fundamentals & Decomposition,Microservices,Microservices Fundamentals & Decomposition,Microservices / Security,D2 Core,How can you pass tokens securely between Microservices?
2067,414,2,Q1767,25,Microservices & Distributed Systems,Microservices Fundamentals & Decomposition,Microservices,Microservices Fundamentals & Decomposition,Microservices / Service Decomposition,D2 Core,"Your team wants to split a Users microservice into Users and Auth, and both currently share the same database. How would you plan the split safely?"
2068,414,3,Q1768,25,Microservices & Distributed Systems,Microservices Fundamentals & Decomposition,Microservices,Microservices Fundamentals & Decomposition,Microservices / Shared Libraries,D2 Core,Two Microservices need to share a common DTO. How would you handle its Versioning and Dependency Management?
2069,414,4,Q1769,25,Microservices & Distributed Systems,Microservices Fundamentals & Decomposition,Microservices,Microservices Fundamentals & Decomposition,Microservices / System Design,D2 Core,"How would you design the checkout process for an e-commerce platform, including cart, payment, order, and inventory update, using Spring Boot microservices?"
2070,414,5,Q1770,25,Microservices & Distributed Systems,Microservices Fundamentals & Decomposition,Microservices,Microservices Fundamentals & Decomposition,Microservices / Timeout,D2 Core,"Service A calls B and B calls C. A has a 2-second timeout, B has 5 seconds and C has 10 seconds. What is wrong with this timeout setup?"
2071,415,1,Q1771,25,Microservices & Distributed Systems,Microservices Fundamentals & Decomposition,Microservices,Microservices Fundamentals & Decomposition,Microservices Architecture,D2 Core,When would you use Event-Driven Architecture instead of RESTful communication between Microservices?
2072,415,2,Q1772,25,Microservices & Distributed Systems,Microservices Fundamentals & Decomposition,Microservices,Microservices Fundamentals & Decomposition,Microservices Migration,D2 Core,"If you were asked to migrate a Monolithic Application to Microservices, what would your initial steps be?"
2073,415,3,Q1773,25,Microservices & Distributed Systems,Microservices Fundamentals & Decomposition,Microservices,Microservices Fundamentals & Decomposition,Microservices Migration / System Design,D2 Core,Let's say you have a monolithic application with no tests and poor documentation. How would you plan the migration to microservices?
2074,415,4,Q1774,25,Microservices & Distributed Systems,Microservices Fundamentals & Decomposition,Microservices,Microservices Fundamentals & Decomposition,Monolith / Microservices,D2 Core,"Which is better according to you, monolithic or microservice architecture?"
2075,415,5,Q1775,25,Microservices & Distributed Systems,Microservices Fundamentals & Decomposition,Microservices,Microservices Fundamentals & Decomposition,Monolith / Microservices,D2 Core,"Which one is better, monolithic or microservices?"
2076,416,1,Q1776,25,Microservices & Distributed Systems,Microservices Fundamentals & Decomposition,Microservices,Microservices Fundamentals & Decomposition,Monolith / Microservices,D2 Core,"If a small-business client approaches you to start a project, what would you recommend: monolithic or microservices?"
2077,416,2,Q1777,25,Microservices & Distributed Systems,Microservices Fundamentals & Decomposition,Microservices,Microservices Fundamentals & Decomposition,Monolith / Microservices,D2 Core,"If your Monolithic application is performing well, is it always a good idea to break it into Microservices?"
2078,416,3,Q1778,25,Microservices & Distributed Systems,Microservices Fundamentals & Decomposition,Microservices,Microservices Fundamentals & Decomposition,Monolith / Scalability,D2 Core,What challenges would we be facing?
2079,416,4,Q1779,25,Microservices & Distributed Systems,Microservices Fundamentals & Decomposition,Microservices,Microservices Fundamentals & Decomposition,Spring Boot Actuator / Microservices,D2 Core,How would you use Actuator in a microservice architecture for monitoring?
2080,416,5,Q1780,25,Microservices & Distributed Systems,Microservices Fundamentals & Decomposition,Microservices,Microservices Fundamentals & Decomposition,Spring Security / Microservices,D2 Core,What is the difference between Gateway-Level Authorization and Service-Level Authorization?
2081,417,1,Q1781,25,Microservices & Distributed Systems,Microservices Fundamentals & Decomposition,Microservices,Microservices Fundamentals & Decomposition,System Design / Microservices,D2 Core,How would you design the Checkout Process for an e-commerce platform using Spring Boot Microservices?
2082,417,2,Q1782,25,Microservices & Distributed Systems,Microservices Fundamentals & Decomposition,Microservices,Microservices Fundamentals & Decomposition,Microservices,D4 Experience,What are the main challenges in designing microservice-based applications?
2083,417,3,Q1783,25,Microservices & Distributed Systems,Microservices Fundamentals & Decomposition,Microservices,Microservices Fundamentals & Decomposition,Microservices,D4 Experience,Are you familiar with microservice architecture?
2084,417,4,Q1784,25,Microservices & Distributed Systems,Microservices Fundamentals & Decomposition,Microservices,Microservices Fundamentals & Decomposition,Microservices,D4 Experience,How many microservices do you have in your current project?
2085,417,5,Q1785,25,Microservices & Distributed Systems,Microservices Fundamentals & Decomposition,Microservices,Microservices Fundamentals & Decomposition,Microservices,D4 Experience,Can you please name those microservices?
2086,418,1,Q1786,25,Microservices & Distributed Systems,Microservices Fundamentals & Decomposition,Microservices,Microservices Fundamentals & Decomposition,Microservices,D4 Experience,Have you ever faced any challenges while working on a microservices-based project?
2087,418,2,Q1787,25,Microservices & Distributed Systems,Microservices Fundamentals & Decomposition,Microservices,Microservices Fundamentals & Decomposition,Microservices,D4 Experience,Can you tell me the names of the Microservices that you converted from the Monolithic application?
2088,418,3,Q1788,25,Microservices & Distributed Systems,Microservices Fundamentals & Decomposition,Microservices,Microservices Fundamentals & Decomposition,Microservices,D4 Experience,What challenges did your Team face while developing a Microservices Project from Scratch?
2089,418,4,Q1789,25,Microservices & Distributed Systems,Microservices Fundamentals & Decomposition,Microservices,Microservices Fundamentals & Decomposition,Microservices / Asynchronous Communication,D4 Experience,Are you using any asynchronous communication here?
2090,418,5,Q1790,25,Microservices & Distributed Systems,Microservices Fundamentals & Decomposition,Microservices,Microservices Fundamentals & Decomposition,Microservices / Database,D4 Experience,What was the actual issue or root cause of why the other microservices' data was not being stored when you were using a single database?
2091,419,1,Q1791,25,Microservices & Distributed Systems,Microservices Fundamentals & Decomposition,Microservices,Microservices Fundamentals & Decomposition,Microservices / Messaging,D4 Experience,Did you use any asynchronous communication pattern or message broker in your project?
2092,419,2,Q1792,25,Microservices & Distributed Systems,Microservices Fundamentals & Decomposition,Microservices,Microservices Fundamentals & Decomposition,Microservices Migration,D4 Experience,What challenges are you guys facing while converting this monolithic application to microservices?
2093,419,3,Q1793,25,Microservices & Distributed Systems,Microservices Fundamentals & Decomposition,Microservices,Microservices Fundamentals & Decomposition,Microservices Migration,D4 Experience,Did you guys migrate to microservices?
2094,419,4,Q1794,25,Microservices & Distributed Systems,Microservices Fundamentals & Decomposition,Microservices,Microservices Fundamentals & Decomposition,Microservices Migration,D4 Experience,Were you part of converting a Monolithic application to Microservices?
2095,419,5,Q1795,25,Microservices & Distributed Systems,Microservices Fundamentals & Decomposition,Microservices,Microservices Fundamentals & Decomposition,Monolith / Scalability,D5 Advanced/Design,Can we scale a monolithic application alone?
2096,420,1,Q1803,25,Microservices & Distributed Systems,Feign & Inter-Service Communication,Microservices,Feign & Inter-Service Communication,Microservices / Feign Client,D2 Core,"Your Feign client has a 5-second timeout, but the downstream service responds in 6 seconds only on Tuesdays due to a batch job. What's the impact and how would you handle it?"
2097,420,2,Q1726,25,Microservices & Distributed Systems,"Messaging, Kafka, RabbitMQ & Pub-Sub",Integration,"Messaging, Kafka, RabbitMQ & Pub-Sub",Kafka / Asynchronous Communication,D4 Experience,You said Microservices communicate using Kafka. Are those communications asynchronous?
2098,420,3,Q1796,25,Microservices & Distributed Systems,"Service Discovery, Gateway & Configuration",Microservices,"Service Discovery, Gateway & Configuration",API Gateway / High Availability,D2 Core,"What happens if the API Gateway itself fails, and how would you avoid it becoming a Single Point of Failure?"
2099,420,4,Q1797,25,Microservices & Distributed Systems,"Service Discovery, Gateway & Configuration",Microservices,"Service Discovery, Gateway & Configuration",Microservices / API Gateway,D2 Core,"If an API Gateway goes down, how would you identify and resolve the issue?"
2100,420,5,Q1798,25,Microservices & Distributed Systems,"Service Discovery, Gateway & Configuration",Microservices,"Service Discovery, Gateway & Configuration",Microservices / API Gateway,D2 Core,Can you give me an overview of an API Gateway?
2101,421,1,Q1799,25,Microservices & Distributed Systems,"Service Discovery, Gateway & Configuration",Microservices,"Service Discovery, Gateway & Configuration",Service Discovery / Eureka,D2 Core,"Your Service is registered with Eureka, but Clients cannot discover it. What might be missing?"
2102,421,2,Q1800,25,Microservices & Distributed Systems,"Service Discovery, Gateway & Configuration",Microservices,"Service Discovery, Gateway & Configuration",API Gateway,D4 Experience,Which API Gateway are you using?
2103,421,3,Q1801,25,Microservices & Distributed Systems,"Service Discovery, Gateway & Configuration",Microservices,"Service Discovery, Gateway & Configuration",API Gateway,D4 Experience,Are you guys using an API Gateway?
2104,421,4,Q1802,25,Microservices & Distributed Systems,"Service Discovery, Gateway & Configuration",Microservices,"Service Discovery, Gateway & Configuration",Microservices / Service Discovery,D4 Experience,"As you mentioned Eureka and Zuul, can you describe how they increase the efficiency of microservice architecture?"
2105,421,5,Q1804,25,Microservices & Distributed Systems,"Resilience, Circuit Breakers & Rate Limiting",Microservices,"Resilience, Circuit Breakers & Rate Limiting",Microservices / Rate Limiting,D1 Foundation,What is Rate Limiting?
2106,422,1,Q1805,25,Microservices & Distributed Systems,"Resilience, Circuit Breakers & Rate Limiting",Microservices,"Resilience, Circuit Breakers & Rate Limiting",Microservices / Retry,D1 Foundation,What is Retry in Microservices?
2107,422,2,Q1806,25,Microservices & Distributed Systems,"Resilience, Circuit Breakers & Rate Limiting",Microservices,"Resilience, Circuit Breakers & Rate Limiting",Microservices / Circuit Breaker,D2 Core,Explain how you would apply the Circuit Breaker pattern in a Spring Boot service.
2108,422,3,Q1807,25,Microservices & Distributed Systems,"Resilience, Circuit Breakers & Rate Limiting",Microservices,"Resilience, Circuit Breakers & Rate Limiting",Microservices / Circuit Breaker,D2 Core,"You implemented a Circuit Breaker, the main method fails, and then the Fallback method itself also fails. What happens in this situation?"
2109,422,4,Q1808,25,Microservices & Distributed Systems,"Resilience, Circuit Breakers & Rate Limiting",Microservices,"Resilience, Circuit Breakers & Rate Limiting",Microservices / Circuit Breaker,D2 Core,What configuration parameters need to be set before using a Circuit Breaker?
2110,422,5,Q1809,25,Microservices & Distributed Systems,"Resilience, Circuit Breakers & Rate Limiting",Microservices,"Resilience, Circuit Breakers & Rate Limiting",Microservices / Resilience,D2 Core,"There are three services A, B and C chained together. C is slow, so users of A see high latency. What would happen and how would you fix it?"
2111,423,1,Q1810,25,Microservices & Distributed Systems,"Resilience, Circuit Breakers & Rate Limiting",Microservices,"Resilience, Circuit Breakers & Rate Limiting",Microservices / Resilience,D2 Core,"In microservices architecture, what's the difference between fault tolerance and resilience?"
2112,423,2,Q1811,25,Microservices & Distributed Systems,"Resilience, Circuit Breakers & Rate Limiting",Microservices,"Resilience, Circuit Breakers & Rate Limiting",Microservices / Resilience,D2 Core,Imagine a critical service fails because it cannot connect to the database. How would you ensure that the rest of your application remains functional?
2113,423,3,Q1812,25,Microservices & Distributed Systems,"Resilience, Circuit Breakers & Rate Limiting",Microservices,"Resilience, Circuit Breakers & Rate Limiting",Microservices / Resilience,D2 Core,"Your Service calls Pricing, Inventory and Review Services to build a response. Inventory Service becomes randomly slow. How would you protect your APIs from degrading?"
2114,423,4,Q1813,25,Microservices & Distributed Systems,"Resilience, Circuit Breakers & Rate Limiting",Microservices,"Resilience, Circuit Breakers & Rate Limiting",Microservices / Retry,D2 Core,How would you design the Notification Service while keeping in mind that this failure may happen in the future?
2115,423,5,Q1814,25,Microservices & Distributed Systems,"Resilience, Circuit Breakers & Rate Limiting",Microservices,"Resilience, Circuit Breakers & Rate Limiting",Microservices / Retry,D2 Core,"When can Retry make things worse, or when should Retry not be used?"
2116,424,1,Q1525,25,Microservices & Distributed Systems,"API Validation, Exception Handling & Versioning",Web & APIs,"API Validation, Exception Handling & Versioning",REST API / Versioning,D2 Core,"Among URL Versioning, Header Versioning and Media-Type Versioning, which approach would you prefer for Microservices?"
2117,424,2,Q1815,25,Microservices & Distributed Systems,"Resilience, Circuit Breakers & Rate Limiting",Microservices,"Resilience, Circuit Breakers & Rate Limiting",Resilience,D2 Core,"What's the difference between Retries, Fallbacks and Circuit Breakers?"
2118,424,3,Q1816,25,Microservices & Distributed Systems,"Resilience, Circuit Breakers & Rate Limiting",Microservices,"Resilience, Circuit Breakers & Rate Limiting",Spring Retry,D2 Core,When would you use @Retryable annotation versus manual retry logic?
2119,424,4,Q1817,25,Microservices & Distributed Systems,"Resilience, Circuit Breakers & Rate Limiting",Microservices,"Resilience, Circuit Breakers & Rate Limiting",Rate Limiting,D3 Applied,You need to allow only 100 requests per second per user in a concurrent application. How would you implement it?
2120,424,5,Q1818,25,Microservices & Distributed Systems,"Resilience, Circuit Breakers & Rate Limiting",Microservices,"Resilience, Circuit Breakers & Rate Limiting",Microservices / Bulkhead,D4 Experience,"Have you worked with the Bulkhead Pattern, and if yes, can you explain it?"
2121,425,1,Q1819,25,Microservices & Distributed Systems,"Resilience, Circuit Breakers & Rate Limiting",Microservices,"Resilience, Circuit Breakers & Rate Limiting",Microservices / Resilience,D4 Experience,Have you used Resilience4j or Hystrix?
2122,425,2,Q1820,25,Microservices & Distributed Systems,"Resilience, Circuit Breakers & Rate Limiting",Microservices,"Resilience, Circuit Breakers & Rate Limiting",Resilience / Distributed Systems,D5 Advanced/Design,Can you explain how to design a fault-tolerant system using Java Exception Handling for a distributed system?
2123,425,3,Q1821,25,Microservices & Distributed Systems,"Saga, Distributed Transactions & Consistency",Microservices,"Saga, Distributed Transactions & Consistency",Microservices / Saga Pattern,D1 Foundation,What is this Saga pattern?
2124,425,4,Q1822,25,Microservices & Distributed Systems,"Saga, Distributed Transactions & Consistency",Microservices,"Saga, Distributed Transactions & Consistency",Saga Pattern / Distributed Transactions,D1 Foundation,"What is the Saga Pattern, and how is it different from Two-Phase Commit?"
2125,425,5,Q1823,25,Microservices & Distributed Systems,"Saga, Distributed Transactions & Consistency",Microservices,"Saga, Distributed Transactions & Consistency",Distributed Transactions / Saga,D2 Core,How would you handle a scenario where a transaction needs to be rolled back due to an operation on a remote service failing?
2126,426,1,Q1824,25,Microservices & Distributed Systems,"Saga, Distributed Transactions & Consistency",Microservices,"Saga, Distributed Transactions & Consistency",Distributed Transactions / Saga Pattern,D2 Core,We are transferring money from Account A to B. Money is debited from A but not credited to B. What will happen in this situation?
2127,426,2,Q1825,25,Microservices & Distributed Systems,"Saga, Distributed Transactions & Consistency",Microservices,"Saga, Distributed Transactions & Consistency",Saga Pattern,D2 Core,Can you give a brief on the Saga design pattern?
2128,426,3,Q1826,25,Microservices & Distributed Systems,"Saga, Distributed Transactions & Consistency",Microservices,"Saga, Distributed Transactions & Consistency",Saga Pattern,D2 Core,"In the Saga Pattern, what are Choreography and Orchestration?"
2129,426,4,Q1827,25,Microservices & Distributed Systems,"Saga, Distributed Transactions & Consistency",Microservices,"Saga, Distributed Transactions & Consistency",Saga Pattern,D2 Core,"In an e-commerce application, Order and Inventory succeed but Payment fails at the end. What would you do in this situation using Microservices architecture?"
2130,426,5,Q1828,25,Microservices & Distributed Systems,"Saga, Distributed Transactions & Consistency",Microservices,"Saga, Distributed Transactions & Consistency",Saga Pattern / Distributed Transactions,D2 Core,"There are multiple operations such as order placement and payment. How would you wrap all the transactions together, and what design pattern would you use?"
2131,427,1,Q1829,25,Microservices & Distributed Systems,"Saga, Distributed Transactions & Consistency",Microservices,"Saga, Distributed Transactions & Consistency",Saga Pattern / Failure Handling,D2 Core,"Everything succeeds, including payment and order placement, but the final Notification Service fails. Should we revert payment, inventory and all previous transactions, or what is the best way to handle this?"
2132,427,2,Q1830,25,Microservices & Distributed Systems,"Saga, Distributed Transactions & Consistency",Microservices,"Saga, Distributed Transactions & Consistency",Saga Pattern / Microservices,D2 Core,"In an e-commerce flow, if payment and inventory succeed but only email notification fails, should you use Saga compensation or retries instead?"
2133,427,3,Q1831,25,Microservices & Distributed Systems,"Saga, Distributed Transactions & Consistency",Microservices,"Saga, Distributed Transactions & Consistency",Distributed Transactions,D4 Experience,"Let's say there is a transaction from A to B. Some amount is deducted from A, but transferring it to B fails. How are you guys managing this?"
2134,427,4,Q1832,25,Microservices & Distributed Systems,"Saga, Distributed Transactions & Consistency",Microservices,"Saga, Distributed Transactions & Consistency",Distributed Transactions / Saga,D5 Advanced/Design,Have you heard about compensating transaction or distributed transaction patterns like Saga?
2135,427,5,Q1833,25,Microservices & Distributed Systems,"Saga, Distributed Transactions & Consistency",Microservices,"Saga, Distributed Transactions & Consistency",Microservices / Distributed Transactions,D5 Advanced/Design,What are the challenges with Distributed Transactions in a Microservices architecture?
2136,428,1,Q1834,25,Microservices & Distributed Systems,Distributed Caching & Redis,Distributed Systems,Distributed Caching & Redis,Redis / Thread Safety,D2 Core,Is RedisTemplate Thread-Safe?
2137,428,2,Q1835,25,Microservices & Distributed Systems,Distributed Caching & Redis,Distributed Systems,Distributed Caching & Redis,Redis,D3 Applied,How does Redis work internally?
2138,428,3,Q1836,25,Microservices & Distributed Systems,Distributed Caching & Redis,Distributed Systems,Distributed Caching & Redis,Redis / Caching,D3 Applied,How can we implement Redis in our project?
2139,428,4,Q1837,26,"CI/CD, Containers, Cloud & Observability","Observability, Monitoring & Distributed Tracing",Distributed Systems,"Observability, Monitoring & Distributed Tracing",Microservices / Observability,D1 Foundation,"What is a Zombie Service in Microservices, and how would you detect one?"
2140,428,5,Q1838,26,"CI/CD, Containers, Cloud & Observability","Observability, Monitoring & Distributed Tracing",Distributed Systems,"Observability, Monitoring & Distributed Tracing",Microservices / Observability,D1 Foundation,"What are Zombie Services in Microservices, and how can you detect them?"
2141,429,1,Q1839,26,"CI/CD, Containers, Cloud & Observability","Observability, Monitoring & Distributed Tracing",Distributed Systems,"Observability, Monitoring & Distributed Tracing",Spring Boot Observability,D1 Foundation,"What are Spring Boot Actuator and Micrometer, and how are they used together?"
2142,429,2,Q1840,26,"CI/CD, Containers, Cloud & Observability","Observability, Monitoring & Distributed Tracing",Distributed Systems,"Observability, Monitoring & Distributed Tracing",Logging / Monitoring,D2 Core,The business team wants to know how many payment failures happened per hour and see them on a dashboard. What should we do?
2143,429,3,Q1841,26,"CI/CD, Containers, Cloud & Observability","Observability, Monitoring & Distributed Tracing",Distributed Systems,"Observability, Monitoring & Distributed Tracing",Microservices / Distributed Tracing,D2 Core,You have five Microservices. How would you trace a Request across all five Microservices?
2144,429,4,Q1842,26,"CI/CD, Containers, Cloud & Observability","Observability, Monitoring & Distributed Tracing",Distributed Systems,"Observability, Monitoring & Distributed Tracing",Observability,D2 Core,Which tools or Spring features would you use for Observability?
2145,429,5,Q1843,26,"CI/CD, Containers, Cloud & Observability","Observability, Monitoring & Distributed Tracing",Distributed Systems,"Observability, Monitoring & Distributed Tracing",Microservices / Distributed Tracing,D3 Applied,How would you implement request tracing across multiple microservices?
2146,430,1,Q1844,26,"CI/CD, Containers, Cloud & Observability","Observability, Monitoring & Distributed Tracing",Distributed Systems,"Observability, Monitoring & Distributed Tracing",Logging / Monitoring,D4 Experience,"Are you guys using any visualization tool, or have you used any tool personally?"
2147,430,2,Q1845,26,"CI/CD, Containers, Cloud & Observability","Observability, Monitoring & Distributed Tracing",Distributed Systems,"Observability, Monitoring & Distributed Tracing",Logging / Monitoring,D4 Experience,What log-visualization tools are you guys using or have experience with?
2148,430,3,Q1846,26,"CI/CD, Containers, Cloud & Observability","Observability, Monitoring & Distributed Tracing",Distributed Systems,"Observability, Monitoring & Distributed Tracing",Microservices / Monitoring,D4 Experience,How do you guys monitor and detect performance issues in a Microservices environment?
2149,430,4,Q1847,26,"CI/CD, Containers, Cloud & Observability","Observability, Monitoring & Distributed Tracing",Distributed Systems,"Observability, Monitoring & Distributed Tracing",Monitoring,D4 Experience,How are you guys monitoring the application?
2150,430,5,Q1848,26,"CI/CD, Containers, Cloud & Observability","Observability, Monitoring & Distributed Tracing",Distributed Systems,"Observability, Monitoring & Distributed Tracing",Monitoring,D4 Experience,Are you familiar with any specific tools or practices for monitoring?
2151,431,1,Q1849,26,"CI/CD, Containers, Cloud & Observability","Observability, Monitoring & Distributed Tracing",Distributed Systems,"Observability, Monitoring & Distributed Tracing",Monitoring / Dynatrace,D4 Experience,How can we integrate Dynatrace into our application?
2152,431,2,Q1850,26,"CI/CD, Containers, Cloud & Observability","Observability, Monitoring & Distributed Tracing",Distributed Systems,"Observability, Monitoring & Distributed Tracing",Production Monitoring,D4 Experience,How do you monitor and manage a Spring Boot application after deploying it to Production?
2153,431,3,Q1851,26,"CI/CD, Containers, Cloud & Observability","Observability, Monitoring & Distributed Tracing",Distributed Systems,"Observability, Monitoring & Distributed Tracing",Splunk,D4 Experience,Do you know how to write queries in Splunk?
2154,431,4,Q1852,26,"CI/CD, Containers, Cloud & Observability","Observability, Monitoring & Distributed Tracing",Distributed Systems,"Observability, Monitoring & Distributed Tracing",Splunk,D4 Experience,You said we can modify the time zone in Splunk. How can we do that? Is there any option?
2155,431,5,Q1853,26,"CI/CD, Containers, Cloud & Observability","Observability, Monitoring & Distributed Tracing",Distributed Systems,"Observability, Monitoring & Distributed Tracing",Splunk,D4 Experience,What index name are you guys using in your current project?
2156,432,1,Q1854,26,"CI/CD, Containers, Cloud & Observability","Observability, Monitoring & Distributed Tracing",Distributed Systems,"Observability, Monitoring & Distributed Tracing",Microservices / Distributed Tracing,D5 Advanced/Design,Do you know how Distributed Tracing works in Microservices architecture?
2157,432,2,Q1863,26,"CI/CD, Containers, Cloud & Observability","CI/CD, Jenkins & Deployment",DevOps & Cloud,"CI/CD, Jenkins & Deployment",CI/CD,D1 Foundation,What are the key stages in a CI/CD pipeline for a Spring Boot project?
2158,432,3,Q1864,26,"CI/CD, Containers, Cloud & Observability","CI/CD, Jenkins & Deployment",DevOps & Cloud,"CI/CD, Jenkins & Deployment",CI/CD,D2 Core,Do you know the difference between Continuous Delivery and Continuous Deployment?
2159,432,4,Q1865,26,"CI/CD, Containers, Cloud & Observability","CI/CD, Jenkins & Deployment",DevOps & Cloud,"CI/CD, Jenkins & Deployment",CI/CD / Secrets,D2 Core,How would you securely store GitHub Secrets used by CI?
2160,432,5,Q1866,26,"CI/CD, Containers, Cloud & Observability","CI/CD, Jenkins & Deployment",DevOps & Cloud,"CI/CD, Jenkins & Deployment",CI/CD / Secrets,D2 Core,You are asked to store GitHub Secrets securely for CI. What would be your approach?
2161,433,1,Q1867,26,"CI/CD, Containers, Cloud & Observability","CI/CD, Jenkins & Deployment",DevOps & Cloud,"CI/CD, Jenkins & Deployment",Deployment,D2 Core,Do you know about Blue-Green deployment?
2162,433,2,Q1868,26,"CI/CD, Containers, Cloud & Observability","CI/CD, Jenkins & Deployment",DevOps & Cloud,"CI/CD, Jenkins & Deployment",Deployment,D2 Core,What deployment strategies are you aware of?
2163,433,3,Q1869,26,"CI/CD, Containers, Cloud & Observability","CI/CD, Jenkins & Deployment",DevOps & Cloud,"CI/CD, Jenkins & Deployment",Deployment,D2 Core,Do you know about the Canary Deployment Strategy?
2164,433,4,Q1871,26,"CI/CD, Containers, Cloud & Observability","CI/CD, Jenkins & Deployment",DevOps & Cloud,"CI/CD, Jenkins & Deployment",JRE / Deployment,D2 Core,"Can a Java application run without the user installing a JRE, for example by bundling a custom Runtime Image?"
2165,433,5,Q1870,26,"CI/CD, Containers, Cloud & Observability","CI/CD, Jenkins & Deployment",DevOps & Cloud,"CI/CD, Jenkins & Deployment",Java / Deployment Debugging,D2 Core,Your Application works in the IDE but fails when executed using java -jar on the same machine. What would you investigate?
2166,434,1,Q1872,26,"CI/CD, Containers, Cloud & Observability","CI/CD, Jenkins & Deployment",DevOps & Cloud,"CI/CD, Jenkins & Deployment",Servlet / Deployment,D2 Core,How would you deploy a web application using a servlet container like Apache Tomcat or Jetty without Spring?
2167,434,2,Q1873,26,"CI/CD, Containers, Cloud & Observability","CI/CD, Jenkins & Deployment",DevOps & Cloud,"CI/CD, Jenkins & Deployment",Spring Boot / Deployment,D2 Core,How would you package and run a Spring Boot application as a JAR?
2168,434,3,Q1874,26,"CI/CD, Containers, Cloud & Observability","CI/CD, Jenkins & Deployment",DevOps & Cloud,"CI/CD, Jenkins & Deployment",Spring Boot Deployment,D2 Core,Can you deploy a Spring Boot application as a traditional WAR file to an external server?
2169,434,4,Q1875,26,"CI/CD, Containers, Cloud & Observability","CI/CD, Jenkins & Deployment",DevOps & Cloud,"CI/CD, Jenkins & Deployment",Spring Boot Deployment,D2 Core,Can you tell me the difference between WAR and embedded containers?
2170,434,5,Q1876,26,"CI/CD, Containers, Cloud & Observability","CI/CD, Jenkins & Deployment",DevOps & Cloud,"CI/CD, Jenkins & Deployment",Spring Boot Deployment,D2 Core,How does Spring Boot simplify the deployment of a web application?
2171,435,1,Q1877,26,"CI/CD, Containers, Cloud & Observability","CI/CD, Jenkins & Deployment",DevOps & Cloud,"CI/CD, Jenkins & Deployment",Testing / CI/CD,D2 Core,A unit test fails only in the pipeline but passes locally. What are the possible causes?
2172,435,2,Q1878,26,"CI/CD, Containers, Cloud & Observability","CI/CD, Jenkins & Deployment",DevOps & Cloud,"CI/CD, Jenkins & Deployment",Deployment / Feature Rollout,D3 Applied,Your lead asks you to release a new feature to only 5% of users. How would you implement that rollout?
2173,435,3,Q0853,26,"CI/CD, Containers, Cloud & Observability",Design Patterns,Design & Architecture,Design Patterns,Design Patterns,D3 Applied,"You are building a Fraud Detection Pipeline where each Rule can decide whether processing should continue or stop. Which Design Pattern fits best, and how would you implement it?"
2174,435,4,Q1879,26,"CI/CD, Containers, Cloud & Observability","CI/CD, Jenkins & Deployment",DevOps & Cloud,"CI/CD, Jenkins & Deployment",CI/CD / Debugging,D4 Experience,"Your project works fine locally without any compilation or runtime error, but after pushing the code the pipeline fails. How would you analyze the issue and find the root cause?"
2175,435,5,Q1880,26,"CI/CD, Containers, Cloud & Observability","CI/CD, Jenkins & Deployment",DevOps & Cloud,"CI/CD, Jenkins & Deployment",CI/CD / Production Debugging,D4 Experience,"Your CI/CD Pipeline passes, but the application crashes in Production. How would you investigate and fix it?"
2176,436,1,Q1881,26,"CI/CD, Containers, Cloud & Observability","CI/CD, Jenkins & Deployment",DevOps & Cloud,"CI/CD, Jenkins & Deployment",CI/CD / Production Debugging,D4 Experience,"Your CI/CD Pipeline passes, but the Application crashes in Production. How would you troubleshoot and fix it?"
2177,436,2,Q1882,26,"CI/CD, Containers, Cloud & Observability","CI/CD, Jenkins & Deployment",DevOps & Cloud,"CI/CD, Jenkins & Deployment",CI/CD / Repository,D4 Experience,Same repository or separate one?
2178,436,3,Q1883,26,"CI/CD, Containers, Cloud & Observability","CI/CD, Jenkins & Deployment",DevOps & Cloud,"CI/CD, Jenkins & Deployment",CI/CD Pipeline,D4 Experience,"What's there in your pipeline? There must be a few steps in your pipeline, right?"
2179,436,4,Q1884,26,"CI/CD, Containers, Cloud & Observability","CI/CD, Jenkins & Deployment",DevOps & Cloud,"CI/CD, Jenkins & Deployment",Deployment,D4 Experience,What's the deployment mechanism in your project?
2180,436,5,Q1885,26,"CI/CD, Containers, Cloud & Observability","CI/CD, Jenkins & Deployment",DevOps & Cloud,"CI/CD, Jenkins & Deployment",Deployment,D4 Experience,"According to you, what would be the best deployment strategy?"
2181,437,1,Q1886,26,"CI/CD, Containers, Cloud & Observability","CI/CD, Jenkins & Deployment",DevOps & Cloud,"CI/CD, Jenkins & Deployment",Deployment,D4 Experience,What's your deployment strategy in your current project?
2182,437,2,Q1887,26,"CI/CD, Containers, Cloud & Observability","CI/CD, Jenkins & Deployment",DevOps & Cloud,"CI/CD, Jenkins & Deployment",Deployment,D4 Experience,"Since you have a one-week Sprint, are Production releases also frequent?"
2183,437,3,Q1888,26,"CI/CD, Containers, Cloud & Observability","CI/CD, Jenkins & Deployment",DevOps & Cloud,"CI/CD, Jenkins & Deployment",Deployment,D4 Experience,Are you merging your code yourself and moving those changes into Production?
2184,437,4,Q1889,26,"CI/CD, Containers, Cloud & Observability","CI/CD, Jenkins & Deployment",DevOps & Cloud,"CI/CD, Jenkins & Deployment",Deployment,D4 Experience,What is the deployment structure or deployment process in your project?
2185,437,5,Q1890,26,"CI/CD, Containers, Cloud & Observability","CI/CD, Jenkins & Deployment",DevOps & Cloud,"CI/CD, Jenkins & Deployment",Deployment / CI-CD,D4 Experience,How do you guys do deployments in your web applications? Tell me from scratch.
2186,438,1,Q1891,26,"CI/CD, Containers, Cloud & Observability",Docker & Containers,DevOps & Cloud,Docker & Containers,Docker,D1 Foundation,Have you heard about Dockerization?
2187,438,2,Q1892,26,"CI/CD, Containers, Cloud & Observability",Docker & Containers,DevOps & Cloud,Docker & Containers,Docker,D2 Core,How do you Dockerize a Spring Boot application and reduce its image size?
2188,438,3,Q1432,26,"CI/CD, Containers, Cloud & Observability","Embedded Server, Actuator & DevTools",Spring Boot,"Embedded Server, Actuator & DevTools",Spring Boot Embedded Server,D2 Core,What is the difference between embedded-server deployment and external application-server deployment?
2189,438,4,Q0478,26,"CI/CD, Containers, Cloud & Observability",Streams,Modern Java,Streams,Stream API Internals,D3 Applied,"How does a Stream Pipeline work internally, particularly Intermediate and Terminal Operations?"
2190,438,5,Q1893,26,"CI/CD, Containers, Cloud & Observability",Docker & Containers,DevOps & Cloud,Docker & Containers,Docker / Deployment,D4 Experience,Is there any role of Docker in deploying a Spring Boot application?
2191,439,1,Q1894,26,"CI/CD, Containers, Cloud & Observability",Docker & Containers,DevOps & Cloud,Docker & Containers,Spring Boot / Containerization,D4 Experience,How would you containerize a Spring Boot application for development and production environments?*
2192,439,2,Q1895,26,"CI/CD, Containers, Cloud & Observability",Kubernetes & Orchestration,DevOps & Cloud,Kubernetes & Orchestration,Kubernetes / Deployment,D2 Core,How would you perform Zero-Downtime Rolling Deployments for Microservices on Kubernetes?
2193,439,3,Q1896,26,"CI/CD, Containers, Cloud & Observability","Linux, Cloud, Networking & Infrastructure",DevOps & Cloud,"Linux, Cloud, Networking & Infrastructure",Spring Cloud / Microservices,D1 Foundation,What is Spring Cloud and how is it useful for building microservices?
2194,439,4,Q1897,26,"CI/CD, Containers, Cloud & Observability","Linux, Cloud, Networking & Infrastructure",DevOps & Cloud,"Linux, Cloud, Networking & Infrastructure",Networking,D2 Core,What is the difference between HTTP and HTTPS?
2195,439,5,Q1898,26,"CI/CD, Containers, Cloud & Observability","Linux, Cloud, Networking & Infrastructure",DevOps & Cloud,"Linux, Cloud, Networking & Infrastructure",AWS CloudWatch,D4 Experience,How does AWS CloudWatch work?
2196,440,1,Q1899,26,"CI/CD, Containers, Cloud & Observability","Linux, Cloud, Networking & Infrastructure",DevOps & Cloud,"Linux, Cloud, Networking & Infrastructure",Cloud Storage,D4 Experience,Are you storing the images somewhere like AWS or another external storage?
2197,440,2,Q1900,26,"CI/CD, Containers, Cloud & Observability","Linux, Cloud, Networking & Infrastructure",DevOps & Cloud,"Linux, Cloud, Networking & Infrastructure",Environment Management,D4 Experience,"Two Features need UAT at the same time, but your project has only one UAT Environment. How would you manage them?"
2198,440,3,Q1901,26,"CI/CD, Containers, Cloud & Observability","Linux, Cloud, Networking & Infrastructure",DevOps & Cloud,"Linux, Cloud, Networking & Infrastructure",Environment Management,D4 Experience,Should UAT and Production use the same Database?
2199,440,4,Q1902,26,"CI/CD, Containers, Cloud & Observability","Linux, Cloud, Networking & Infrastructure",DevOps & Cloud,"Linux, Cloud, Networking & Infrastructure",Environments,D4 Experience,"How many environments do you currently have, such as Dev, Prod or QA?"
2200,440,5,Q1903,26,"CI/CD, Containers, Cloud & Observability","Linux, Cloud, Networking & Infrastructure",DevOps & Cloud,"Linux, Cloud, Networking & Infrastructure",Spring Profiles / Environments,D4 Experience,"When you push your code, you must add configuration files like application.yml or properties files, right? Is that Dev environment or what? Do you know about environments?"
2201,441,1,Q1904,26,"CI/CD, Containers, Cloud & Observability","Linux, Cloud, Networking & Infrastructure",DevOps & Cloud,"Linux, Cloud, Networking & Infrastructure",Spring Profiles / Environments,D4 Experience,"How would you create different environments like production, development, and testing environments?"
2202,441,2,Q1905,27,Production Performance & Incident Engineering,"Performance, Scalability & Caching",Production Engineering,"Performance, Scalability & Caching",Caching,D5 Advanced/Design,What cache are you using?
2203,441,3,Q1906,27,Production Performance & Incident Engineering,"Performance, Scalability & Caching",Production Engineering,"Performance, Scalability & Caching",Caching,D5 Advanced/Design,Have you used caching in your application?
2204,441,4,Q1907,27,Production Performance & Incident Engineering,"Performance, Scalability & Caching",Production Engineering,"Performance, Scalability & Caching",Caching,D5 Advanced/Design,Have you worked with Caching?
2205,441,5,Q1908,27,Production Performance & Incident Engineering,"Performance, Scalability & Caching",Production Engineering,"Performance, Scalability & Caching",Caching,D5 Advanced/Design,Have you implemented an LRU Cache?
2206,442,1,Q1909,27,Production Performance & Incident Engineering,"Performance, Scalability & Caching",Production Engineering,"Performance, Scalability & Caching",Caching,D5 Advanced/Design,How would you handle Cache Invalidation when the underlying Data changes?
2207,442,2,Q1910,27,Production Performance & Incident Engineering,"Performance, Scalability & Caching",Production Engineering,"Performance, Scalability & Caching",Integer Caching / Equality,D5 Advanced/Design,"Let's say Integer A = 127 and Integer B = 127. If you do A == B, will it return true or false?"
2208,442,3,Q1911,27,Production Performance & Incident Engineering,"Performance, Scalability & Caching",Production Engineering,"Performance, Scalability & Caching",Integer Caching / Equality,D5 Advanced/Design,"If Integer C = 128 and Integer D = 128, will C == D print true or false?"
2209,442,4,Q1912,27,Production Performance & Incident Engineering,"Performance, Scalability & Caching",Production Engineering,"Performance, Scalability & Caching",Scalability,D5 Advanced/Design,"Whatever you said is for maintainability, but what about scalability?"
2210,442,5,Q1913,27,Production Performance & Incident Engineering,"Performance, Scalability & Caching",Production Engineering,"Performance, Scalability & Caching",Scalability / Maintainability,D5 Advanced/Design,How do you ensure your Java applications are scalable and maintainable?
2211,443,1,Q1914,27,Production Performance & Incident Engineering,"Performance, Scalability & Caching",Production Engineering,"Performance, Scalability & Caching",Spring Boot / Performance,D5 Advanced/Design,Are there any performance implications when adding Spring Boot to an existing non-Spring application?
2212,443,2,Q1915,27,Production Performance & Incident Engineering,"Performance, Scalability & Caching",Production Engineering,"Performance, Scalability & Caching",Spring Boot / Scalability,D5 Advanced/Design,Your Spring Boot application suddenly needs to support twice the user load it was originally designed for. What immediate steps would you take to handle the increased load?
2213,443,3,Q1916,27,Production Performance & Incident Engineering,"Performance, Scalability & Caching",Production Engineering,"Performance, Scalability & Caching",Spring Boot / Startup Performance,D5 Advanced/Design,Your Spring Boot application starts very slowly. How would you identify what is slowing down the startup?
2214,443,4,Q1917,27,Production Performance & Incident Engineering,"Performance, Scalability & Caching",Production Engineering,"Performance, Scalability & Caching",Spring Boot / Startup Performance,D5 Advanced/Design,A Spring Boot application takes more than 30 seconds to start. How would you diagnose and optimize the startup time?
2215,443,5,Q1918,27,Production Performance & Incident Engineering,"Performance, Scalability & Caching",Production Engineering,"Performance, Scalability & Caching",Spring Boot Performance,D5 Advanced/Design,You observe that a Spring Boot application performs slower in the production environment compared to the development setup. What steps would you take to address this issue?
2216,444,1,Q1919,27,Production Performance & Incident Engineering,"Performance, Scalability & Caching",Production Engineering,"Performance, Scalability & Caching",Spring Boot Performance,D5 Advanced/Design,Describe a Spring Boot project where you significantly improved performance. What techniques did you use?
2217,444,2,Q1920,27,Production Performance & Incident Engineering,"Performance, Scalability & Caching",Production Engineering,"Performance, Scalability & Caching",Spring Boot Performance,D5 Advanced/Design,Let's say you observe your application is slower in the production environment but it's good in the development environment. How would you fix this issue?
2218,444,3,Q1921,27,Production Performance & Incident Engineering,"Performance, Scalability & Caching",Production Engineering,"Performance, Scalability & Caching",Spring Boot Performance,D5 Advanced/Design,Let's say your Spring Boot application is experiencing performance issues under high load. What steps would you take to identify and address the performance issue?
2219,444,4,Q1922,27,Production Performance & Incident Engineering,"Performance, Scalability & Caching",Production Engineering,"Performance, Scalability & Caching",Spring Boot Performance,D5 Advanced/Design,A Spring Boot application is significantly slower in production than in the development environment. How would you fix the problem and what steps would you take?
2220,444,5,Q1923,27,Production Performance & Incident Engineering,"Performance, Scalability & Caching",Production Engineering,"Performance, Scalability & Caching",Spring Boot Performance,D5 Advanced/Design,Let's say your application starts very slowly. How would you debug startup performance issues in Spring Boot?
2221,445,1,Q1924,27,Production Performance & Incident Engineering,"Performance, Scalability & Caching",Production Engineering,"Performance, Scalability & Caching",Spring Boot Performance,D5 Advanced/Design,How would the use of Spring affect the performance of an application during high load?
2222,445,2,Q1925,27,Production Performance & Incident Engineering,"Performance, Scalability & Caching",Production Engineering,"Performance, Scalability & Caching",Spring Boot Scalability,D5 Advanced/Design,"If you had to scale a Spring Boot application to handle high traffic, what strategy would you use?"
2223,445,3,Q1926,27,Production Performance & Incident Engineering,Production Debugging & Incident Handling,Production Engineering,Production Debugging & Incident Handling,CORS / Debugging,D2 Core,Your Frontend still gets a CORS Error even though you added @CrossOrigin. What else could be missing?
2224,445,4,Q1927,27,Production Performance & Incident Engineering,Production Debugging & Incident Handling,Production Engineering,Production Debugging & Incident Handling,Debugging,D4 Experience,How are you approaching resolving bugs in your current project?
2225,445,5,Q1928,27,Production Performance & Incident Engineering,Production Debugging & Incident Handling,Production Engineering,Production Debugging & Incident Handling,OutOfMemoryError,D4 Experience,Have you ever faced an OutOfMemoryError in Production in your career?
2226,446,1,Q1929,27,Production Performance & Incident Engineering,Production Debugging & Incident Handling,Production Engineering,Production Debugging & Incident Handling,Production Debugging,D4 Experience,"Tell me about a Production issue you faced. How did you debug and resolve it, and how did you ensure it would not happen again?"
2227,446,2,Q1930,27,Production Performance & Incident Engineering,Production Debugging & Incident Handling,Production Engineering,Production Debugging & Incident Handling,Production Debugging,D4 Experience,A critical Production bug is significantly affecting users but is difficult to reproduce in Development. How would you diagnose and fix it while minimizing downtime?
2228,446,3,Q1931,27,Production Performance & Incident Engineering,Production Debugging & Incident Handling,Production Engineering,Production Debugging & Incident Handling,Production Issue,D4 Experience,"You successfully tested a feature locally and in the Dev environment, but when you release it to production you face an issue. How do you handle this?"
2229,446,4,Q1932,27,Production Performance & Incident Engineering,Production Debugging & Incident Handling,Production Engineering,Production Debugging & Incident Handling,Production Issues,D4 Experience,Did you face API failure issues during your career?
2230,446,5,Q1933,27,Production Performance & Incident Engineering,Production Debugging & Incident Handling,Production Engineering,Production Debugging & Incident Handling,Production Practices,D4 Experience,What are some common Production-level practices in Spring Boot or in a project that we should follow?
2231,447,1,Q1934,27,Production Performance & Incident Engineering,"Availability, Database Down & Failure Scenarios",Production Engineering,"Availability, Database Down & Failure Scenarios",Database / Failure Handling,D5 Advanced/Design,What happens in your application if the database is down or unavailable?
2232,447,2,Q1935,27,Production Performance & Incident Engineering,"Availability, Database Down & Failure Scenarios",Production Engineering,"Availability, Database Down & Failure Scenarios",Database / Failure Handling,D5 Advanced/Design,"Your application is starting while the database is down. Should the application come up or fail, and how would you handle this situation?"
2233,447,3,Q1936,28,System Design & Architecture,System Design & Architecture,System Design,System Design & Architecture,Application Architecture,D5 Advanced/Design,Is this a microservice-based or monolithic application?
2234,447,4,Q1937,28,System Design & Architecture,System Design & Architecture,System Design,System Design & Architecture,Architecture,D5 Advanced/Design,Are you currently working on a microservices project or a monolithic project?
2235,447,5,Q1938,28,System Design & Architecture,System Design & Architecture,System Design,System Design & Architecture,Architecture,D5 Advanced/Design,"Which architecture was used, monolithic or microservices?"
2236,448,1,Q1939,28,System Design & Architecture,System Design & Architecture,System Design,System Design & Architecture,Architecture,D5 Advanced/Design,What is Service-Oriented Architecture?
2237,448,2,Q1940,28,System Design & Architecture,System Design & Architecture,System Design,System Design & Architecture,Caching / System Design,D5 Advanced/Design,How would you design a Caching Layer for a Stock Price API?
2238,448,3,Q1941,28,System Design & Architecture,System Design & Architecture,System Design,System Design & Architecture,Distributed Locking,D5 Advanced/Design,How would you implement distributed locking in Spring Boot?
2239,448,4,Q1942,28,System Design & Architecture,System Design & Architecture,System Design,System Design & Architecture,Event-Driven Architecture,D5 Advanced/Design,How does Spring Boot handle event-driven programming?
2240,448,5,Q1943,28,System Design & Architecture,System Design & Architecture,System Design,System Design & Architecture,Event-Driven Architecture,D5 Advanced/Design,"In an e-commerce application, when an order is placed you also need to send a notification, update a search index and write an audit entry. You don't want all that code inside the Order Service method. How would you decouple it inside the same application?"
2241,449,1,Q1944,28,System Design & Architecture,System Design & Architecture,System Design,System Design & Architecture,File Storage,D5 Advanced/Design,Where are you guys saving images in your project?
2242,449,2,Q1945,28,System Design & Architecture,System Design & Architecture,System Design,System Design & Architecture,File Storage / System Design,D5 Advanced/Design,"For uploaded Images, would you store the Binary Image in the Database or store it in Cloud Storage and keep only the URL in the Database?"
2243,449,3,Q1946,28,System Design & Architecture,System Design & Architecture,System Design,System Design & Architecture,File Upload / System Design,D5 Advanced/Design,How would you design an API to Upload Files and Scan them for Viruses Asynchronously?
2244,449,4,Q1947,28,System Design & Architecture,System Design & Architecture,System Design,System Design & Architecture,High Availability / System Design,D5 Advanced/Design,"If you were tasked with ensuring high availability for a Spring Boot e-commerce application during peak times, what architectural decisions would you make?"
2245,449,5,Q1948,28,System Design & Architecture,System Design & Architecture,System Design,System Design & Architecture,Scalability / System Design,D5 Advanced/Design,How would you design a system to handle 100x traffic spikes?
2246,450,1,Q1949,28,System Design & Architecture,System Design & Architecture,System Design,System Design & Architecture,Spring Boot / Serverless Architecture,D5 Advanced/Design,How would you modify an existing Spring Boot application to convert it into a serverless architecture?
2247,450,2,Q1950,28,System Design & Architecture,System Design & Architecture,System Design,System Design & Architecture,System Design,D5 Advanced/Design,"If a client asks you to design a food delivery app from scratch, how would you design it?"
2248,450,3,Q1951,28,System Design & Architecture,System Design & Architecture,System Design,System Design & Architecture,System Design,D5 Advanced/Design,Let's say you are asked to design a URL Shortening Service. How would you do that?
2249,450,4,Q1952,28,System Design & Architecture,System Design & Architecture,System Design,System Design & Architecture,System Design,D5 Advanced/Design,You need to design a URL Shortener like Bitly. How would you approach it?
2250,450,5,Q1953,28,System Design & Architecture,System Design & Architecture,System Design,System Design & Architecture,System Design / Bulk Processing,D5 Advanced/Design,How would you design Bulk Data Processing efficiently?
2251,451,1,Q1954,28,System Design & Architecture,System Design & Architecture,System Design,System Design & Architecture,System Design / Insurance,D5 Advanced/Design,How would a User receive Real-Time Updates about the current status of an Insurance Claim?
2252,451,2,Q1955,28,System Design & Architecture,System Design & Architecture,System Design,System Design & Architecture,System Design / Real-Time Processing,D5 Advanced/Design,How would you design a Real-Time Stock Market Feed Processing System?
2253,451,3,Q1969,29,"Project Experience, Behavioral & Ecosystem Evolution","Project Architecture, Features, Roles & Responsibilities",Interview Experience,"Project Architecture, Features, Roles & Responsibilities",Feature Ownership,D4 Experience,Are you leading any feature as of now?
2254,451,4,Q1970,29,"Project Experience, Behavioral & Ecosystem Evolution","Project Architecture, Features, Roles & Responsibilities",Interview Experience,"Project Architecture, Features, Roles & Responsibilities",Project Architecture,D4 Experience,What type of application was it?
2255,451,5,Q1971,29,"Project Experience, Behavioral & Ecosystem Evolution","Project Architecture, Features, Roles & Responsibilities",Interview Experience,"Project Architecture, Features, Roles & Responsibilities",Project Experience,D4 Experience,Can you tell me about the projects where you applied these frameworks?
2256,452,1,Q1972,29,"Project Experience, Behavioral & Ecosystem Evolution","Project Architecture, Features, Roles & Responsibilities",Interview Experience,"Project Architecture, Features, Roles & Responsibilities",Project Experience,D4 Experience,Can you tell me about your recent project you have worked on?
2257,452,2,Q1973,29,"Project Experience, Behavioral & Ecosystem Evolution","Project Architecture, Features, Roles & Responsibilities",Interview Experience,"Project Architecture, Features, Roles & Responsibilities",Project Experience,D4 Experience,Is it for a client or an internal project?
2258,452,3,Q1974,29,"Project Experience, Behavioral & Ecosystem Evolution","Project Architecture, Features, Roles & Responsibilities",Interview Experience,"Project Architecture, Features, Roles & Responsibilities",Project Experience,D4 Experience,Can you describe the most recent project you worked on using Spring Boot?
2259,452,4,Q1975,29,"Project Experience, Behavioral & Ecosystem Evolution","Project Architecture, Features, Roles & Responsibilities",Interview Experience,"Project Architecture, Features, Roles & Responsibilities",Project Experience,D4 Experience,Is this related to your recent project or some different project?
2260,452,5,Q1976,29,"Project Experience, Behavioral & Ecosystem Evolution","Project Architecture, Features, Roles & Responsibilities",Interview Experience,"Project Architecture, Features, Roles & Responsibilities",Project Experience / Roles,D4 Experience,Can you please let me know what kind of projects you have worked on and explain the roles that you are dealing with?
2261,453,1,Q1977,29,"Project Experience, Behavioral & Ecosystem Evolution","Project Architecture, Features, Roles & Responsibilities",Interview Experience,"Project Architecture, Features, Roles & Responsibilities",Project Feature,D4 Experience,"What was the complex thing you built in this project, like the complex feature or changes?"
2262,453,2,Q1978,29,"Project Experience, Behavioral & Ecosystem Evolution","Project Architecture, Features, Roles & Responsibilities",Interview Experience,"Project Architecture, Features, Roles & Responsibilities",Project Introduction,D4 Experience,Can you please explain your recent project and also introduce yourself?
2263,453,3,Q1979,29,"Project Experience, Behavioral & Ecosystem Evolution","Project Architecture, Features, Roles & Responsibilities",Interview Experience,"Project Architecture, Features, Roles & Responsibilities",Project Introduction,D4 Experience,Could you tell me about yourself and your experience in Java development?
2264,453,4,Q1980,29,"Project Experience, Behavioral & Ecosystem Evolution","Project Architecture, Features, Roles & Responsibilities",Interview Experience,"Project Architecture, Features, Roles & Responsibilities",Project Introduction,D4 Experience,Can you please tell me about yourself and your recent project?
2265,453,5,Q1981,29,"Project Experience, Behavioral & Ecosystem Evolution","Project Architecture, Features, Roles & Responsibilities",Interview Experience,"Project Architecture, Features, Roles & Responsibilities",Project Introduction,D4 Experience,Could you please tell me about yourself in brief?
2266,454,1,Q1982,29,"Project Experience, Behavioral & Ecosystem Evolution","Project Architecture, Features, Roles & Responsibilities",Interview Experience,"Project Architecture, Features, Roles & Responsibilities",Project Technology,D4 Experience,Is your project based on Spring Boot?
2267,454,2,Q1983,29,"Project Experience, Behavioral & Ecosystem Evolution","Project Architecture, Features, Roles & Responsibilities",Interview Experience,"Project Architecture, Features, Roles & Responsibilities",Roles & Responsibilities,D4 Experience,What's your day-to-day responsibilities there?
2268,454,3,Q1984,29,"Project Experience, Behavioral & Ecosystem Evolution","Project Architecture, Features, Roles & Responsibilities",Interview Experience,"Project Architecture, Features, Roles & Responsibilities",Roles & Responsibilities,D4 Experience,What's your day-to-day task?
2269,454,4,Q1985,29,"Project Experience, Behavioral & Ecosystem Evolution","Project Architecture, Features, Roles & Responsibilities",Interview Experience,"Project Architecture, Features, Roles & Responsibilities",Roles & Responsibilities,D4 Experience,What was your role?
2270,454,5,Q1986,29,"Project Experience, Behavioral & Ecosystem Evolution","Team Collaboration, Code Review, Jira & Agile",Interview Experience,"Team Collaboration, Code Review, Jira & Agile",Agile,D2 Core,"What are the benefits of Agile, and why don't we generally use the Waterfall Model nowadays?"
2271,455,1,Q1987,29,"Project Experience, Behavioral & Ecosystem Evolution","Team Collaboration, Code Review, Jira & Agile",Interview Experience,"Team Collaboration, Code Review, Jira & Agile",Agile / Sprint Planning,D2 Core,How do you plan Sprint Estimation?
2272,455,2,Q1988,29,"Project Experience, Behavioral & Ecosystem Evolution","Team Collaboration, Code Review, Jira & Agile",Interview Experience,"Team Collaboration, Code Review, Jira & Agile",Agile / Waterfall,D2 Core,What's the difference between Waterfall model and Agile?
2273,455,3,Q1989,29,"Project Experience, Behavioral & Ecosystem Evolution","Team Collaboration, Code Review, Jira & Agile",Interview Experience,"Team Collaboration, Code Review, Jira & Agile",Agile,D4 Experience,"As you said the project is based on Agile methodology, can you tell me its benefits?"
2274,455,4,Q1990,29,"Project Experience, Behavioral & Ecosystem Evolution","Team Collaboration, Code Review, Jira & Agile",Interview Experience,"Team Collaboration, Code Review, Jira & Agile",Agile,D4 Experience,"What was the project model? Were you using Waterfall, Agile, or another model?"
2275,455,5,Q1991,29,"Project Experience, Behavioral & Ecosystem Evolution","Team Collaboration, Code Review, Jira & Agile",Interview Experience,"Team Collaboration, Code Review, Jira & Agile",Agile,D4 Experience,What's the Sprint Planning or Sprint structure in your project?
2276,456,1,Q1992,29,"Project Experience, Behavioral & Ecosystem Evolution","Team Collaboration, Code Review, Jira & Agile",Interview Experience,"Team Collaboration, Code Review, Jira & Agile",Code Review,D4 Experience,Who reviews your code?
2277,456,2,Q1993,29,"Project Experience, Behavioral & Ecosystem Evolution","Team Collaboration, Code Review, Jira & Agile",Interview Experience,"Team Collaboration, Code Review, Jira & Agile",Code Review / Team Collaboration,D4 Experience,"How do you review their code, how do you collaborate with your junior developers, and how do you work as a team?"
2278,456,3,Q1994,29,"Project Experience, Behavioral & Ecosystem Evolution","Team Collaboration, Code Review, Jira & Agile",Interview Experience,"Team Collaboration, Code Review, Jira & Agile",Jira,D4 Experience,Where are you guys tracking the team efforts?
2279,456,4,Q1995,29,"Project Experience, Behavioral & Ecosystem Evolution","Team Collaboration, Code Review, Jira & Agile",Interview Experience,"Team Collaboration, Code Review, Jira & Agile",Leadership,D4 Experience,"As a five-year experienced Developer, how do you monitor Junior Developers in your team?"
2280,456,5,Q1996,29,"Project Experience, Behavioral & Ecosystem Evolution","Behavioral, Client & Leadership Scenarios",Interview Experience,"Behavioral, Client & Leadership Scenarios",Behavioral,D1 Foundation,"What is more important, perfect code or on-time delivery?"
2281,457,1,Q1997,29,"Project Experience, Behavioral & Ecosystem Evolution","Behavioral, Client & Leadership Scenarios",Interview Experience,"Behavioral, Client & Leadership Scenarios",Behavioral,D2 Core,"Have you ever faced a challenge while working with your team where a deadline was coming but your team was not able to produce the work and you had issues with your client? If yes, how did you overcome it?"
2282,457,2,Q1998,29,"Project Experience, Behavioral & Ecosystem Evolution","Behavioral, Client & Leadership Scenarios",Interview Experience,"Behavioral, Client & Leadership Scenarios",Behavioral,D2 Core,Are you a good Team Leader or a good Developer?
2283,457,3,Q1999,29,"Project Experience, Behavioral & Ecosystem Evolution","Behavioral, Client & Leadership Scenarios",Interview Experience,"Behavioral, Client & Leadership Scenarios",Behavioral,D2 Core,"How would you rate yourself out of 10 as a Java Spring Boot Developer, and why are you deducting the remaining points?"
2284,457,4,Q2000,29,"Project Experience, Behavioral & Ecosystem Evolution","Behavioral, Client & Leadership Scenarios",Interview Experience,"Behavioral, Client & Leadership Scenarios",Behavioral,D2 Core,What latest technologies do you think you still need to learn?
2285,457,5,Q2001,29,"Project Experience, Behavioral & Ecosystem Evolution","Behavioral, Client & Leadership Scenarios",Interview Experience,"Behavioral, Client & Leadership Scenarios",Behavioral,D2 Core,Tell me about a time when you had to take ownership of a failing module or a conflict in the team.
2286,458,1,Q2002,29,"Project Experience, Behavioral & Ecosystem Evolution","Behavioral, Client & Leadership Scenarios",Interview Experience,"Behavioral, Client & Leadership Scenarios",Behavioral,D2 Core,"How did you tackle that failing module or team conflict, and how did you resolve it?"
2287,458,2,Q2003,29,"Project Experience, Behavioral & Ecosystem Evolution","Behavioral, Client & Leadership Scenarios",Interview Experience,"Behavioral, Client & Leadership Scenarios",Behavioral,D2 Core,"You join an organization in a Senior role. What value will you add in the next 90 days? Explain what you would do in the first 30 days, next 30 days, and final 30 days."
2288,458,3,Q2004,29,"Project Experience, Behavioral & Ecosystem Evolution","Behavioral, Client & Leadership Scenarios",Interview Experience,"Behavioral, Client & Leadership Scenarios",Behavioral,D2 Core,Can you give an example where your Mentorship or Leadership helped solve a technical or process issue?
2289,458,4,Q2005,29,"Project Experience, Behavioral & Ecosystem Evolution","Behavioral, Client & Leadership Scenarios",Interview Experience,"Behavioral, Client & Leadership Scenarios",Behavioral,D2 Core,"Your Manager gives you a tight deadline for a feature, but you know it can compromise code quality. How would you approach this situation?"
2290,458,5,Q2006,29,"Project Experience, Behavioral & Ecosystem Evolution","Behavioral, Client & Leadership Scenarios",Interview Experience,"Behavioral, Client & Leadership Scenarios",Behavioral,D2 Core,How do you handle disagreements during Code Reviews when you believe your implementation is correct but the reviewer disagrees?
2291,459,1,Q2007,29,"Project Experience, Behavioral & Ecosystem Evolution","Behavioral, Client & Leadership Scenarios",Interview Experience,"Behavioral, Client & Leadership Scenarios",Behavioral,D4 Experience,A Junior Developer's feature causes a Priority-1 Production issue that must be fixed within a day. Would you guide the Junior to fix it or take ownership and fix it yourself?
2292,459,2,Q2008,29,"Project Experience, Behavioral & Ecosystem Evolution","Behavioral, Client & Leadership Scenarios",Interview Experience,"Behavioral, Client & Leadership Scenarios",Behavioral,D4 Experience,"A Fresher makes a mistake just before Production deployment and only 5–10 minutes remain. What would you do, and what advice would you give that Developer afterward?"
2293,459,3,Q0001,29,"Project Experience, Behavioral & Ecosystem Evolution",Programming & Java Ecosystem,Java Foundations,Programming & Java Ecosystem,Core Java,D1 Foundation,What are the advantages and disadvantages of using Java for Enterprise-level development?
2294,459,4,Q0002,29,"Project Experience, Behavioral & Ecosystem Evolution",Programming & Java Ecosystem,Java Foundations,Programming & Java Ecosystem,Java Ecosystem,D2 Core,How do you keep up with the continuous evolution of the Java ecosystem?
2295,459,5,Q0036,29,"Project Experience, Behavioral & Ecosystem Evolution","Methods, Parameters & Callbacks",Java Fundamentals,"Methods, Parameters & Callbacks",Project Methodology,D4 Experience,Can you tell me your project methodology? Is it based on Agile or Waterfall model?
2296,460,1,Q1956,29,"Project Experience, Behavioral & Ecosystem Evolution",Javax / Jakarta Migration & Compatibility,Platform Evolution,Javax / Jakarta Migration & Compatibility,Jakarta Migration,D4 Experience,Have you worked with Jakarta dependencies?
2297,460,2,Q1957,29,"Project Experience, Behavioral & Ecosystem Evolution",Javax / Jakarta Migration & Compatibility,Platform Evolution,Javax / Jakarta Migration & Compatibility,Java / Jakarta Migration,D4 Experience,"Have you migrated javax to Jakarta, or was it already migrated?"
2298,460,3,Q1958,29,"Project Experience, Behavioral & Ecosystem Evolution",Javax / Jakarta Migration & Compatibility,Platform Evolution,Javax / Jakarta Migration & Compatibility,Java Migration,D4 Experience,Are you facing any challenges during the migration?
2299,460,4,Q1959,29,"Project Experience, Behavioral & Ecosystem Evolution",Javax / Jakarta Migration & Compatibility,Platform Evolution,Javax / Jakarta Migration & Compatibility,Java Migration,D4 Experience,Did you face any challenges while migrating from Java 8 to Java 17? Tell me one or two specific challenges you faced.
2300,460,5,Q1960,29,"Project Experience, Behavioral & Ecosystem Evolution",Javax / Jakarta Migration & Compatibility,Platform Evolution,Javax / Jakarta Migration & Compatibility,Java Migration,D4 Experience,How did you handle the time challenge during the Java migration?
2301,461,1,Q1961,29,"Project Experience, Behavioral & Ecosystem Evolution",Javax / Jakarta Migration & Compatibility,Platform Evolution,Javax / Jakarta Migration & Compatibility,Javax / Jakarta,D4 Experience,Are you guys using javax dependencies?
2302,461,2,Q1962,29,"Project Experience, Behavioral & Ecosystem Evolution","AI, LLM & Spring AI",Emerging Tech,"AI, LLM & Spring AI",AI,D2 Core,Do you know about AI Agents and AI-related concepts?
2303,461,3,Q1963,29,"Project Experience, Behavioral & Ecosystem Evolution","AI, LLM & Spring AI",Emerging Tech,"AI, LLM & Spring AI",Spring AI,D2 Core,What important features does Spring AI provide?
2304,461,4,Q1964,29,"Project Experience, Behavioral & Ecosystem Evolution","AI, LLM & Spring AI",Emerging Tech,"AI, LLM & Spring AI",Spring AI,D2 Core,What Dependencies are required when adding Spring AI and an LLM to a project?
2305,461,5,Q1965,29,"Project Experience, Behavioral & Ecosystem Evolution","AI, LLM & Spring AI",Emerging Tech,"AI, LLM & Spring AI",Spring AI / LLM,D2 Core,What is the difference between Spring AI and an LLM such as OpenAI?
2306,462,1,Q1966,29,"Project Experience, Behavioral & Ecosystem Evolution","AI, LLM & Spring AI",Emerging Tech,"AI, LLM & Spring AI",AI,D4 Experience,"Are you using any AI in your project, such as GitHub Copilot, Spring AI, or another tool?"
2307,462,2,Q1967,29,"Project Experience, Behavioral & Ecosystem Evolution","AI, LLM & Spring AI",Emerging Tech,"AI, LLM & Spring AI",AI,D4 Experience,"Are you using AI tools to optimize performance, or how much AI are you guys using?"
2308,462,3,Q1968,29,"Project Experience, Behavioral & Ecosystem Evolution","AI, LLM & Spring AI",Emerging Tech,"AI, LLM & Spring AI",AI,D4 Experience,Do you have any AI integration in your project?